0 verbose cli C:\Program Files\nodejs\node.exe C:\Program Files\nodejs\node_modules\npm\bin\npm-cli.js
1 info using npm@11.11.0
2 info using node@v24.14.1
3 silly config load:file:C:\Program Files\nodejs\node_modules\npm\npmrc
4 silly config load:file:C:\Users\nesso\Downloads\5to Semestre\Computo en la Nube\Examen Parcial - AguaFix API\.npmrc
5 silly config load:file:C:\Users\nesso\.npmrc
6 silly config load:file:C:\Users\nesso\AppData\Roaming\npm\etc\npmrc
7 verbose title npm install
8 verbose argv "install" "--cache" ".npm-cache"
9 verbose logfile logs-max:10 dir:C:\Users\nesso\Downloads\5to Semestre\Computo en la Nube\Examen Parcial - AguaFix API\.npm-cache\_logs\2026-09-03T22_10_14_166Z-
10 verbose logfile C:\Users\nesso\Downloads\5to Semestre\Computo en la Nube\Examen Parcial - AguaFix API\.npm-cache\_logs\2026-09-03T22_10_14_166Z-debug-0.log
11 silly logfile done cleaning log files
12 silly packumentCache heap:4496293888 maxSize:1124073472 maxEntrySize:562036736
13 silly idealTree buildDeps
14 silly fetch manifest @nestjs/common@^11.0.1
15 silly packumentCache full:https://registry.npmjs.org/@nestjs%2fcommon cache-miss
16 http fetch GET 200 https://registry.npmjs.org/npm 248ms
17 http fetch GET 200 https://registry.npmjs.org/@nestjs%2fcommon 282ms (cache miss)
18 silly packumentCache full:https://registry.npmjs.org/@nestjs%2fcommon set size:undefined disposed:false
19 silly fetch manifest class-transformer@^0.5.1
20 silly packumentCache full:https://registry.npmjs.org/class-transformer cache-miss
21 http fetch GET 200 https://registry.npmjs.org/class-transformer 58ms (cache miss)
22 silly packumentCache full:https://registry.npmjs.org/class-transformer set size:undefined disposed:false
23 silly fetch manifest class-validator@^0.14.1
24 silly packumentCache full:https://registry.npmjs.org/class-validator cache-miss
25 http fetch GET 200 https://registry.npmjs.org/class-validator 53ms (cache miss)
26 silly packumentCache full:https://registry.npmjs.org/class-validator set size:undefined disposed:false
27 silly fetch manifest reflect-metadata@^0.2.2
28 silly packumentCache full:https://registry.npmjs.org/reflect-metadata cache-miss
29 http fetch GET 200 https://registry.npmjs.org/reflect-metadata 44ms (cache miss)
30 silly packumentCache full:https://registry.npmjs.org/reflect-metadata set size:undefined disposed:false
31 silly fetch manifest rxjs@^7.8.1
32 silly packumentCache full:https://registry.npmjs.org/rxjs cache-miss
33 http fetch GET 200 https://registry.npmjs.org/rxjs 81ms (cache miss)
34 silly packumentCache full:https://registry.npmjs.org/rxjs set size:undefined disposed:false
35 silly fetch manifest @nestjs/core@^11.0.1
36 silly packumentCache full:https://registry.npmjs.org/@nestjs%2fcore cache-miss
37 http fetch GET 200 https://registry.npmjs.org/@nestjs%2fcore 121ms (cache miss)
38 silly packumentCache full:https://registry.npmjs.org/@nestjs%2fcore set size:undefined disposed:false
39 silly fetch manifest @nestjs/microservices@^11.0.0
40 silly packumentCache full:https://registry.npmjs.org/@nestjs%2fmicroservices cache-miss
41 http fetch GET 200 https://registry.npmjs.org/@nestjs%2fmicroservices 137ms (cache miss)
42 silly packumentCache full:https://registry.npmjs.org/@nestjs%2fmicroservices set size:undefined disposed:false
43 silly fetch manifest @grpc/grpc-js@*
44 silly packumentCache full:https://registry.npmjs.org/@grpc%2fgrpc-js cache-miss
45 http fetch GET 200 https://registry.npmjs.org/@grpc%2fgrpc-js 109ms (cache miss)
46 silly packumentCache full:https://registry.npmjs.org/@grpc%2fgrpc-js set size:undefined disposed:false
47 silly fetch manifest @nestjs/websockets@^11.0.0
48 silly packumentCache full:https://registry.npmjs.org/@nestjs%2fwebsockets cache-miss
49 http fetch GET 200 https://registry.npmjs.org/@nestjs%2fwebsockets 186ms (cache miss)
50 silly packumentCache full:https://registry.npmjs.org/@nestjs%2fwebsockets set size:undefined disposed:false
51 silly fetch manifest @nestjs/platform-socket.io@^11.0.0
52 silly packumentCache full:https://registry.npmjs.org/@nestjs%2fplatform-socket.io cache-miss
53 http fetch GET 200 https://registry.npmjs.org/@nestjs%2fplatform-socket.io 90ms (cache miss)
54 silly packumentCache full:https://registry.npmjs.org/@nestjs%2fplatform-socket.io set size:undefined disposed:false
55 silly fetch manifest amqp-connection-manager@*
56 silly packumentCache full:https://registry.npmjs.org/amqp-connection-manager cache-miss
57 http fetch GET 200 https://registry.npmjs.org/amqp-connection-manager 52ms (cache miss)
58 silly packumentCache full:https://registry.npmjs.org/amqp-connection-manager set size:undefined disposed:false
59 silly fetch manifest amqplib@*
60 silly packumentCache full:https://registry.npmjs.org/amqplib cache-miss
61 http fetch GET 200 https://registry.npmjs.org/amqplib 43ms (cache miss)
62 silly packumentCache full:https://registry.npmjs.org/amqplib set size:undefined disposed:false
63 silly fetch manifest cache-manager@*
64 silly packumentCache full:https://registry.npmjs.org/cache-manager cache-miss
65 http fetch GET 200 https://registry.npmjs.org/cache-manager 57ms (cache miss)
66 silly packumentCache full:https://registry.npmjs.org/cache-manager set size:undefined disposed:false
67 silly fetch manifest ioredis@*
68 silly packumentCache full:https://registry.npmjs.org/ioredis cache-miss
69 http fetch GET 200 https://registry.npmjs.org/ioredis 103ms (cache miss)
70 silly packumentCache full:https://registry.npmjs.org/ioredis set size:undefined disposed:false
71 silly fetch manifest kafkajs@*
72 silly packumentCache full:https://registry.npmjs.org/kafkajs cache-miss
73 http fetch GET 200 https://registry.npmjs.org/kafkajs 197ms (cache miss)
74 silly packumentCache full:https://registry.npmjs.org/kafkajs set size:undefined disposed:false
75 silly fetch manifest mqtt@*
76 silly packumentCache full:https://registry.npmjs.org/mqtt cache-miss
77 http fetch GET 200 https://registry.npmjs.org/mqtt 85ms (cache miss)
78 silly packumentCache full:https://registry.npmjs.org/mqtt set size:undefined disposed:false
79 silly fetch manifest nats@*
80 silly packumentCache full:https://registry.npmjs.org/nats cache-miss
81 http fetch GET 200 https://registry.npmjs.org/nats 88ms (cache miss)
82 silly packumentCache full:https://registry.npmjs.org/nats set size:undefined disposed:false
83 silly fetch manifest @nestjs/platform-express@^11.0.1
84 silly packumentCache full:https://registry.npmjs.org/@nestjs%2fplatform-express cache-miss
85 http fetch GET 200 https://registry.npmjs.org/@nestjs%2fplatform-express 82ms (cache miss)
86 silly packumentCache full:https://registry.npmjs.org/@nestjs%2fplatform-express set size:undefined disposed:false
87 silly fetch manifest @nestjs/typeorm@^11.0.0
88 silly packumentCache full:https://registry.npmjs.org/@nestjs%2ftypeorm cache-miss
89 http fetch GET 200 https://registry.npmjs.org/@nestjs%2ftypeorm 68ms (cache miss)
90 silly packumentCache full:https://registry.npmjs.org/@nestjs%2ftypeorm set size:undefined disposed:false
91 silly fetch manifest typeorm@^0.3.20
92 silly packumentCache full:https://registry.npmjs.org/typeorm cache-miss
93 http fetch GET 200 https://registry.npmjs.org/typeorm 195ms (cache miss)
94 silly packumentCache full:https://registry.npmjs.org/typeorm set size:undefined disposed:false
95 silly fetch manifest @google-cloud/spanner@^5.18.0 || ^6.0.0 || ^7.0.0 || ^8.0.0
96 silly packumentCache full:https://registry.npmjs.org/@google-cloud%2fspanner cache-miss
97 http fetch GET 200 https://registry.npmjs.org/@google-cloud%2fspanner 140ms (cache miss)
98 silly packumentCache full:https://registry.npmjs.org/@google-cloud%2fspanner set size:undefined disposed:false
99 silly fetch manifest @sap/hana-client@^2.14.22
100 silly packumentCache full:https://registry.npmjs.org/@sap%2fhana-client cache-miss
101 http fetch GET 200 https://registry.npmjs.org/@sap%2fhana-client 260ms (cache miss)
102 silly packumentCache full:https://registry.npmjs.org/@sap%2fhana-client set size:undefined disposed:false
103 silly fetch manifest better-sqlite3@^8.0.0 || ^9.0.0 || ^10.0.0 || ^11.0.0 || ^12.0.0
104 silly packumentCache full:https://registry.npmjs.org/better-sqlite3 cache-miss
105 http fetch GET 200 https://registry.npmjs.org/better-sqlite3 91ms (cache miss)
106 silly packumentCache full:https://registry.npmjs.org/better-sqlite3 set size:undefined disposed:false
107 silly fetch manifest ioredis@^5.0.4
108 silly packumentCache full:https://registry.npmjs.org/ioredis cache-miss
109 http cache https://registry.npmjs.org/ioredis 14ms (cache hit)
110 silly packumentCache full:https://registry.npmjs.org/ioredis set size:859203 disposed:false
111 silly fetch manifest mongodb@^5.8.0 || ^6.0.0
112 silly packumentCache full:https://registry.npmjs.org/mongodb cache-miss
113 http fetch GET 200 https://registry.npmjs.org/mongodb 312ms (cache miss)
114 silly packumentCache full:https://registry.npmjs.org/mongodb set size:undefined disposed:false
115 silly fetch manifest @aws-sdk/credential-providers@^3.188.0
116 silly packumentCache full:https://registry.npmjs.org/@aws-sdk%2fcredential-providers cache-miss
117 http fetch GET 200 https://registry.npmjs.org/@aws-sdk%2fcredential-providers 124ms (cache miss)
118 silly packumentCache full:https://registry.npmjs.org/@aws-sdk%2fcredential-providers set size:undefined disposed:false
119 silly fetch manifest @mongodb-js/zstd@^1.1.0 || ^2.0.0
120 silly packumentCache full:https://registry.npmjs.org/@mongodb-js%2fzstd cache-miss
121 http fetch GET 200 https://registry.npmjs.org/@mongodb-js%2fzstd 67ms (cache miss)
122 silly packumentCache full:https://registry.npmjs.org/@mongodb-js%2fzstd set size:undefined disposed:false
123 silly fetch manifest gcp-metadata@^5.2.0
124 silly packumentCache full:https://registry.npmjs.org/gcp-metadata cache-miss
125 http fetch GET 200 https://registry.npmjs.org/gcp-metadata 58ms (cache miss)
126 silly packumentCache full:https://registry.npmjs.org/gcp-metadata set size:undefined disposed:false
127 silly fetch manifest kerberos@^2.0.1
128 silly packumentCache full:https://registry.npmjs.org/kerberos cache-miss
129 http fetch GET 200 https://registry.npmjs.org/kerberos 45ms (cache miss)
130 silly packumentCache full:https://registry.npmjs.org/kerberos set size:undefined disposed:false
131 silly fetch manifest mongodb-client-encryption@>=6.0.0 <7
132 silly packumentCache full:https://registry.npmjs.org/mongodb-client-encryption cache-miss
133 http fetch GET 200 https://registry.npmjs.org/mongodb-client-encryption 63ms (cache miss)
134 silly packumentCache full:https://registry.npmjs.org/mongodb-client-encryption set size:undefined disposed:false
135 silly fetch manifest snappy@^7.3.2
136 silly packumentCache full:https://registry.npmjs.org/snappy cache-miss
137 http fetch GET 200 https://registry.npmjs.org/snappy 53ms (cache miss)
138 silly packumentCache full:https://registry.npmjs.org/snappy set size:undefined disposed:false
139 silly fetch manifest socks@^2.7.1
140 silly packumentCache full:https://registry.npmjs.org/socks cache-miss
141 http fetch GET 200 https://registry.npmjs.org/socks 49ms (cache miss)
142 silly packumentCache full:https://registry.npmjs.org/socks set size:undefined disposed:false
143 silly fetch manifest mssql@^9.1.1 || ^10.0.0 || ^11.0.0 || ^12.0.0
144 silly packumentCache full:https://registry.npmjs.org/mssql cache-miss
145 http fetch GET 200 https://registry.npmjs.org/mssql 151ms (cache miss)
146 silly packumentCache full:https://registry.npmjs.org/mssql set size:undefined disposed:false
147 silly fetch manifest mysql2@^2.2.5 || ^3.0.1
148 silly packumentCache full:https://registry.npmjs.org/mysql2 cache-miss
149 http fetch GET 200 https://registry.npmjs.org/mysql2 87ms (cache miss)
150 silly packumentCache full:https://registry.npmjs.org/mysql2 set size:undefined disposed:false
151 silly fetch manifest @types/node@^22.10.2
152 silly packumentCache full:https://registry.npmjs.org/@types%2fnode cache-miss
153 http fetch GET 200 https://registry.npmjs.org/@types%2fnode 250ms (cache miss)
154 silly packumentCache full:https://registry.npmjs.org/@types%2fnode set size:undefined disposed:false
155 silly fetch manifest oracledb@^6.3.0 || ^7.0.0
156 silly packumentCache full:https://registry.npmjs.org/oracledb cache-miss
157 http fetch GET 200 https://registry.npmjs.org/oracledb 52ms (cache miss)
158 silly packumentCache full:https://registry.npmjs.org/oracledb set size:undefined disposed:false
159 silly fetch manifest pg@^8.13.1
160 silly packumentCache full:https://registry.npmjs.org/pg cache-miss
161 http fetch GET 200 https://registry.npmjs.org/pg 68ms (cache miss)
162 silly packumentCache full:https://registry.npmjs.org/pg set size:undefined disposed:false
163 silly fetch manifest pg-native@>=3.0.1
164 silly packumentCache full:https://registry.npmjs.org/pg-native cache-miss
165 http fetch GET 200 https://registry.npmjs.org/pg-native 58ms (cache miss)
166 silly packumentCache full:https://registry.npmjs.org/pg-native set size:undefined disposed:false
167 silly fetch manifest pg-query-stream@^4.0.0
168 silly packumentCache full:https://registry.npmjs.org/pg-query-stream cache-miss
169 http fetch GET 200 https://registry.npmjs.org/pg-query-stream 51ms (cache miss)
170 silly packumentCache full:https://registry.npmjs.org/pg-query-stream set size:undefined disposed:false
171 silly fetch manifest redis@^3.1.1 || ^4.0.0 || ^5.0.14
172 silly packumentCache full:https://registry.npmjs.org/redis cache-miss
173 http fetch GET 200 https://registry.npmjs.org/redis 69ms (cache miss)
174 silly packumentCache full:https://registry.npmjs.org/redis set size:undefined disposed:false
175 silly fetch manifest sql.js@^1.4.0
176 silly packumentCache full:https://registry.npmjs.org/sql.js cache-miss
177 http fetch GET 200 https://registry.npmjs.org/sql.js 132ms (cache miss)
178 silly packumentCache full:https://registry.npmjs.org/sql.js set size:undefined disposed:false
179 silly fetch manifest sqlite3@^5.0.3 || ^6.0.0
180 silly packumentCache full:https://registry.npmjs.org/sqlite3 cache-miss
181 http fetch GET 200 https://registry.npmjs.org/sqlite3 55ms (cache miss)
182 silly packumentCache full:https://registry.npmjs.org/sqlite3 set size:undefined disposed:false
183 silly fetch manifest ts-node@^10.9.2
184 silly packumentCache full:https://registry.npmjs.org/ts-node cache-miss
185 http fetch GET 200 https://registry.npmjs.org/ts-node 74ms (cache miss)
186 silly packumentCache full:https://registry.npmjs.org/ts-node set size:undefined disposed:false
187 silly fetch manifest @swc/core@>=1.2.50
188 silly packumentCache full:https://registry.npmjs.org/@swc%2fcore cache-miss
189 http fetch GET 200 https://registry.npmjs.org/@swc%2fcore 166ms (cache miss)
190 silly packumentCache full:https://registry.npmjs.org/@swc%2fcore set size:undefined disposed:false
191 silly fetch manifest @swc/helpers@>=0.5.17
192 silly packumentCache full:https://registry.npmjs.org/@swc%2fhelpers cache-miss
193 http fetch GET 200 https://registry.npmjs.org/@swc%2fhelpers 107ms (cache miss)
194 silly packumentCache full:https://registry.npmjs.org/@swc%2fhelpers set size:undefined disposed:false
195 silly fetch manifest @swc/wasm@>=1.2.50
196 silly packumentCache full:https://registry.npmjs.org/@swc%2fwasm cache-miss
197 http fetch GET 200 https://registry.npmjs.org/@swc%2fwasm 129ms (cache miss)
198 silly packumentCache full:https://registry.npmjs.org/@swc%2fwasm set size:undefined disposed:false
199 silly fetch manifest typescript@^5.7.2
200 silly packumentCache full:https://registry.npmjs.org/typescript cache-miss
201 http fetch GET 200 https://registry.npmjs.org/typescript 319ms (cache miss)
202 silly packumentCache full:https://registry.npmjs.org/typescript set size:undefined disposed:false
203 silly fetch manifest typeorm-aurora-data-api-driver@^2.0.0 || ^3.0.0
204 silly packumentCache full:https://registry.npmjs.org/typeorm-aurora-data-api-driver cache-miss
205 http fetch GET 200 https://registry.npmjs.org/typeorm-aurora-data-api-driver 55ms (cache miss)
206 silly packumentCache full:https://registry.npmjs.org/typeorm-aurora-data-api-driver set size:undefined disposed:false
207 silly fetch manifest @aws-sdk/client-rds-data@^3.490.0
208 silly packumentCache full:https://registry.npmjs.org/@aws-sdk%2fclient-rds-data cache-miss
209 http fetch GET 200 https://registry.npmjs.org/@aws-sdk%2fclient-rds-data 180ms (cache miss)
210 silly packumentCache full:https://registry.npmjs.org/@aws-sdk%2fclient-rds-data set size:undefined disposed:false
211 silly fetch manifest bcryptjs@^2.4.3
212 silly packumentCache full:https://registry.npmjs.org/bcryptjs cache-miss
213 http fetch GET 200 https://registry.npmjs.org/bcryptjs 61ms (cache miss)
214 silly packumentCache full:https://registry.npmjs.org/bcryptjs set size:undefined disposed:false
215 silly fetch manifest dotenv@^16.4.7
216 silly packumentCache full:https://registry.npmjs.org/dotenv cache-miss
217 http fetch GET 200 https://registry.npmjs.org/dotenv 58ms (cache miss)
218 silly packumentCache full:https://registry.npmjs.org/dotenv set size:undefined disposed:false
219 silly fetch manifest env-var@^7.5.0
220 silly packumentCache full:https://registry.npmjs.org/env-var cache-miss
221 http fetch GET 200 https://registry.npmjs.org/env-var 52ms (cache miss)
222 silly packumentCache full:https://registry.npmjs.org/env-var set size:undefined disposed:false
223 silly fetch manifest nodemailer@^6.9.16
224 silly packumentCache full:https://registry.npmjs.org/nodemailer cache-miss
225 http fetch GET 200 https://registry.npmjs.org/nodemailer 93ms (cache miss)
226 silly packumentCache full:https://registry.npmjs.org/nodemailer set size:undefined disposed:false
227 silly fetch manifest @nestjs/cli@^11.0.0
228 silly packumentCache full:https://registry.npmjs.org/@nestjs%2fcli cache-miss
229 http fetch GET 200 https://registry.npmjs.org/@nestjs%2fcli 197ms (cache miss)
230 silly packumentCache full:https://registry.npmjs.org/@nestjs%2fcli set size:undefined disposed:false
231 silly fetch manifest @swc/cli@^0.1.62 || ^0.3.0 || ^0.4.0 || ^0.5.0 || ^0.6.0 || ^0.7.0 || ^0.8.0
232 silly packumentCache full:https://registry.npmjs.org/@swc%2fcli cache-miss
233 http fetch GET 200 https://registry.npmjs.org/@swc%2fcli 95ms (cache miss)
234 silly packumentCache full:https://registry.npmjs.org/@swc%2fcli set size:undefined disposed:false
235 silly fetch manifest @swc/core@^1.2.66
236 silly packumentCache full:https://registry.npmjs.org/@swc%2fcore cache-miss
237 http cache https://registry.npmjs.org/@swc%2fcore 22ms (cache hit)
238 silly packumentCache full:https://registry.npmjs.org/@swc%2fcore set size:4086634 disposed:false
239 silly fetch manifest chokidar@^5.0.0
240 silly packumentCache full:https://registry.npmjs.org/chokidar cache-miss
241 http fetch GET 200 https://registry.npmjs.org/chokidar 60ms (cache miss)
242 silly packumentCache full:https://registry.npmjs.org/chokidar set size:undefined disposed:false
243 silly fetch manifest @nestjs/schematics@^11.0.0
244 silly packumentCache full:https://registry.npmjs.org/@nestjs%2fschematics cache-miss
245 http fetch GET 200 https://registry.npmjs.org/@nestjs%2fschematics 142ms (cache miss)
246 silly packumentCache full:https://registry.npmjs.org/@nestjs%2fschematics set size:undefined disposed:false
247 silly fetch manifest prettier@^3.0.0
248 silly packumentCache full:https://registry.npmjs.org/prettier cache-miss
249 http fetch GET 200 https://registry.npmjs.org/prettier 65ms (cache miss)
250 silly packumentCache full:https://registry.npmjs.org/prettier set size:undefined disposed:false
251 silly fetch manifest @nestjs/testing@^11.0.1
252 silly packumentCache full:https://registry.npmjs.org/@nestjs%2ftesting cache-miss
253 http fetch GET 200 https://registry.npmjs.org/@nestjs%2ftesting 88ms (cache miss)
254 silly packumentCache full:https://registry.npmjs.org/@nestjs%2ftesting set size:undefined disposed:false
255 silly fetch manifest @types/express@^5.0.0
256 silly packumentCache full:https://registry.npmjs.org/@types%2fexpress cache-miss
257 http fetch GET 200 https://registry.npmjs.org/@types%2fexpress 59ms (cache miss)
258 silly packumentCache full:https://registry.npmjs.org/@types%2fexpress set size:undefined disposed:false
259 silly fetch manifest @types/nodemailer@^6.4.17
260 silly packumentCache full:https://registry.npmjs.org/@types%2fnodemailer cache-miss
261 http fetch GET 200 https://registry.npmjs.org/@types%2fnodemailer 58ms (cache miss)
262 silly packumentCache full:https://registry.npmjs.org/@types%2fnodemailer set size:undefined disposed:false
263 silly fetch manifest tsconfig-paths@^4.2.0
264 silly packumentCache full:https://registry.npmjs.org/tsconfig-paths cache-miss
265 http fetch GET 200 https://registry.npmjs.org/tsconfig-paths 50ms (cache miss)
266 silly packumentCache full:https://registry.npmjs.org/tsconfig-paths set size:undefined disposed:false
267 silly placeDep ROOT @nestjs/cli@11.0.24 OK for: aguafix-api@1.0.0 want: ^11.0.0
268 silly placeDep ROOT @nestjs/common@11.2.3 OK for: aguafix-api@1.0.0 want: ^11.0.1
269 silly placeDep ROOT rxjs@7.8.2 OK for: @nestjs/common@11.2.3 want: ^7.1.0
270 silly placeDep ROOT reflect-metadata@0.2.2 OK for: @nestjs/common@11.2.3 want: ^0.1.12 || ^0.2.0
271 silly placeDep ROOT @nestjs/core@11.2.3 OK for: aguafix-api@1.0.0 want: ^11.0.1
272 silly placeDep ROOT @nestjs/platform-express@11.2.3 OK for: aguafix-api@1.0.0 want: ^11.0.1
273 silly placeDep ROOT @nestjs/schematics@11.1.0 OK for: aguafix-api@1.0.0 want: ^11.0.0
274 silly placeDep ROOT typescript@5.9.3 OK for: @nestjs/schematics@11.1.0 want: >=4.8.2
275 silly placeDep ROOT @nestjs/testing@11.2.3 OK for: aguafix-api@1.0.0 want: ^11.0.1
276 silly placeDep ROOT @nestjs/typeorm@11.0.3 OK for: aguafix-api@1.0.0 want: ^11.0.0
277 silly placeDep ROOT typeorm@0.3.31 OK for: @nestjs/typeorm@11.0.3 want: ^0.3.0 || ^1.0.0-dev
278 silly placeDep ROOT @types/express@5.0.6 OK for: aguafix-api@1.0.0 want: ^5.0.0
279 silly placeDep ROOT @types/node@22.20.1 OK for: aguafix-api@1.0.0 want: ^22.10.2
280 silly placeDep ROOT @types/nodemailer@6.4.24 OK for: aguafix-api@1.0.0 want: ^6.4.17
281 silly placeDep ROOT bcryptjs@2.4.3 OK for: aguafix-api@1.0.0 want: ^2.4.3
282 silly placeDep ROOT class-transformer@0.5.1 OK for: aguafix-api@1.0.0 want: ^0.5.1
283 silly placeDep ROOT class-validator@0.14.4 OK for: aguafix-api@1.0.0 want: ^0.14.1
284 silly placeDep ROOT dotenv@16.6.1 OK for: aguafix-api@1.0.0 want: ^16.4.7
285 silly placeDep ROOT env-var@7.5.0 OK for: aguafix-api@1.0.0 want: ^7.5.0
286 silly placeDep ROOT nodemailer@6.10.1 OK for: aguafix-api@1.0.0 want: ^6.9.16
287 silly placeDep ROOT pg@8.23.0 OK for: aguafix-api@1.0.0 want: ^8.13.1
288 silly placeDep ROOT ts-node@10.9.2 OK for: aguafix-api@1.0.0 want: ^10.9.2
289 silly placeDep ROOT tsconfig-paths@4.2.0 OK for: aguafix-api@1.0.0 want: ^4.2.0
290 silly fetch manifest ora@5.4.1
291 silly packumentCache full:https://registry.npmjs.org/ora cache-miss
292 silly fetch manifest glob@13.0.6
293 silly packumentCache full:https://registry.npmjs.org/glob cache-miss
294 silly fetch manifest ansis@4.2.0
295 silly packumentCache full:https://registry.npmjs.org/ansis cache-miss
296 silly fetch manifest webpack@5.106.2
297 silly packumentCache full:https://registry.npmjs.org/webpack cache-miss
298 silly fetch manifest chokidar@4.0.3
299 silly packumentCache full:https://registry.npmjs.org/chokidar cache-miss
300 silly fetch manifest commander@4.1.1
301 silly packumentCache full:https://registry.npmjs.org/commander cache-miss
302 silly fetch manifest cli-table3@0.6.5
303 silly packumentCache full:https://registry.npmjs.org/cli-table3 cache-miss
304 silly fetch manifest node-emoji@1.11.0
305 silly packumentCache full:https://registry.npmjs.org/node-emoji cache-miss
306 silly fetch manifest typescript@5.9.3
307 silly packumentCache full:https://registry.npmjs.org/typescript cache-miss
308 silly fetch manifest tsconfig-paths@4.2.0
309 silly packumentCache full:https://registry.npmjs.org/tsconfig-paths cache-miss
310 silly fetch manifest @inquirer/prompts@7.10.1
311 silly packumentCache full:https://registry.npmjs.org/@inquirer%2fprompts cache-miss
312 http cache https://registry.npmjs.org/chokidar 56ms (cache hit)
313 silly packumentCache full:https://registry.npmjs.org/chokidar set size:255902 disposed:false
314 silly fetch manifest @nestjs/schematics@^11.0.1
315 silly packumentCache full:https://registry.npmjs.org/@nestjs%2fschematics cache-miss
316 http cache https://registry.npmjs.org/tsconfig-paths 62ms (cache hit)
317 silly packumentCache full:https://registry.npmjs.org/tsconfig-paths set size:192565 disposed:false
318 silly fetch manifest @angular-devkit/core@19.2.27
319 silly packumentCache full:https://registry.npmjs.org/@angular-devkit%2fcore cache-miss
320 http cache https://registry.npmjs.org/typescript 108ms (cache hit)
321 silly packumentCache full:https://registry.npmjs.org/typescript set size:15631166 disposed:false
322 silly fetch manifest webpack-node-externals@3.0.0
323 silly packumentCache full:https://registry.npmjs.org/webpack-node-externals cache-miss
324 http fetch GET 200 https://registry.npmjs.org/ora 248ms (cache miss)
325 silly packumentCache full:https://registry.npmjs.org/ora set size:undefined disposed:false
326 silly fetch manifest @angular-devkit/schematics@19.2.27
327 silly packumentCache full:https://registry.npmjs.org/@angular-devkit%2fschematics cache-miss
328 http cache https://registry.npmjs.org/@nestjs%2fschematics 195ms (cache hit)
329 silly packumentCache full:https://registry.npmjs.org/@nestjs%2fschematics set size:556935 disposed:false
330 silly fetch manifest tsconfig-paths-webpack-plugin@4.2.0
331 silly packumentCache full:https://registry.npmjs.org/tsconfig-paths-webpack-plugin cache-miss
332 http fetch GET 200 https://registry.npmjs.org/glob 297ms (cache miss)
333 silly packumentCache full:https://registry.npmjs.org/glob set size:undefined disposed:false
334 silly fetch manifest @angular-devkit/schematics-cli@19.2.27
335 silly packumentCache full:https://registry.npmjs.org/@angular-devkit%2fschematics-cli cache-miss
336 http fetch GET 200 https://registry.npmjs.org/webpack-node-externals 107ms (cache miss)
337 silly packumentCache full:https://registry.npmjs.org/webpack-node-externals set size:undefined disposed:false
338 silly fetch manifest fork-ts-checker-webpack-plugin@9.1.0
339 silly packumentCache full:https://registry.npmjs.org/fork-ts-checker-webpack-plugin cache-miss
340 http fetch GET 200 https://registry.npmjs.org/cli-table3 347ms (cache miss)
341 silly packumentCache full:https://registry.npmjs.org/cli-table3 set size:undefined disposed:false
342 silly fetch manifest uid@2.0.2
343 silly packumentCache full:https://registry.npmjs.org/uid cache-miss
344 http fetch GET 200 https://registry.npmjs.org/tsconfig-paths-webpack-plugin 88ms (cache miss)
345 silly packumentCache full:https://registry.npmjs.org/tsconfig-paths-webpack-plugin set size:undefined disposed:false
346 silly fetch manifest tslib@2.8.1
347 silly packumentCache full:https://registry.npmjs.org/tslib cache-miss
348 http fetch GET 200 https://registry.npmjs.org/node-emoji 361ms (cache miss)
349 silly packumentCache full:https://registry.npmjs.org/node-emoji set size:undefined disposed:false
350 silly fetch manifest iterare@1.2.1
351 silly packumentCache full:https://registry.npmjs.org/iterare cache-miss
352 http fetch GET 200 https://registry.npmjs.org/ansis 378ms (cache miss)
353 silly packumentCache full:https://registry.npmjs.org/ansis set size:undefined disposed:false
354 silly fetch manifest load-esm@1.0.3
355 silly packumentCache full:https://registry.npmjs.org/load-esm cache-miss
356 http fetch GET 200 https://registry.npmjs.org/commander 386ms (cache miss)
357 silly packumentCache full:https://registry.npmjs.org/commander set size:undefined disposed:false
358 silly fetch manifest file-type@21.3.4
359 silly packumentCache full:https://registry.npmjs.org/file-type cache-miss
360 http fetch GET 200 https://registry.npmjs.org/@inquirer%2fprompts 390ms (cache miss)
361 silly packumentCache full:https://registry.npmjs.org/@inquirer%2fprompts set size:undefined disposed:false
362 silly fetch manifest tslib@^2.1.0
363 silly packumentCache full:https://registry.npmjs.org/tslib cache-miss
364 http fetch GET 200 https://registry.npmjs.org/uid 97ms (cache miss)
365 silly packumentCache full:https://registry.npmjs.org/uid set size:undefined disposed:false
366 silly fetch manifest tslib@2.8.1
367 silly packumentCache full:https://registry.npmjs.org/tslib cache-miss
368 http fetch GET 200 https://registry.npmjs.org/iterare 90ms (cache miss)
369 silly packumentCache full:https://registry.npmjs.org/iterare set size:undefined disposed:false
370 silly fetch manifest path-to-regexp@8.4.2
371 silly packumentCache full:https://registry.npmjs.org/path-to-regexp cache-miss
372 http fetch GET 200 https://registry.npmjs.org/tslib 116ms (cache miss)
373 silly packumentCache full:https://registry.npmjs.org/tslib set size:undefined disposed:false
374 silly fetch manifest fast-safe-stringify@2.1.1
375 silly packumentCache full:https://registry.npmjs.org/fast-safe-stringify cache-miss
376 http fetch GET 200 https://registry.npmjs.org/file-type 113ms (cache miss)
377 silly packumentCache full:https://registry.npmjs.org/file-type set size:undefined disposed:false
378 silly fetch manifest cors@2.8.6
379 silly packumentCache full:https://registry.npmjs.org/cors cache-miss
380 http fetch GET 200 https://registry.npmjs.org/tslib 75ms (cache miss)
381 silly packumentCache full:https://registry.npmjs.org/tslib set size:undefined disposed:false
382 silly fetch manifest multer@2.2.0
383 silly packumentCache full:https://registry.npmjs.org/multer cache-miss
384 http fetch GET 200 https://registry.npmjs.org/fork-ts-checker-webpack-plugin 214ms (cache miss)
385 silly packumentCache full:https://registry.npmjs.org/fork-ts-checker-webpack-plugin set size:undefined disposed:false
386 silly fetch manifest express@5.2.1
387 silly packumentCache full:https://registry.npmjs.org/express cache-miss
388 http fetch GET 200 https://registry.npmjs.org/@angular-devkit%2fcore 489ms (cache miss)
389 silly packumentCache full:https://registry.npmjs.org/@angular-devkit%2fcore set size:undefined disposed:false
390 silly fetch manifest path-to-regexp@8.4.2
391 silly packumentCache full:https://registry.npmjs.org/path-to-regexp cache-miss
392 http fetch GET 200 https://registry.npmjs.org/fast-safe-stringify 115ms (cache miss)
393 silly packumentCache full:https://registry.npmjs.org/fast-safe-stringify set size:undefined disposed:false
394 silly fetch manifest pluralize@8.0.0
395 silly packumentCache full:https://registry.npmjs.org/pluralize cache-miss
396 http fetch GET 200 https://registry.npmjs.org/load-esm 213ms (cache miss)
397 silly packumentCache full:https://registry.npmjs.org/load-esm set size:undefined disposed:false
398 silly fetch manifest comment-json@5.0.0
399 silly packumentCache full:https://registry.npmjs.org/comment-json cache-miss
400 http fetch GET 200 https://registry.npmjs.org/path-to-regexp 155ms (cache miss)
401 silly packumentCache full:https://registry.npmjs.org/path-to-regexp set size:undefined disposed:false
402 silly fetch manifest jsonc-parser@3.3.1
403 silly packumentCache full:https://registry.npmjs.org/jsonc-parser cache-miss
404 http fetch GET 200 https://registry.npmjs.org/tslib 227ms (cache miss)
405 silly packumentCache full:https://registry.npmjs.org/tslib set size:undefined disposed:false
406 silly fetch manifest @angular-devkit/core@19.2.24
407 silly packumentCache full:https://registry.npmjs.org/@angular-devkit%2fcore cache-miss
408 http fetch GET 200 https://registry.npmjs.org/cors 120ms (cache miss)
409 silly packumentCache full:https://registry.npmjs.org/cors set size:undefined disposed:false
410 silly fetch manifest @angular-devkit/schematics@19.2.24
411 silly packumentCache full:https://registry.npmjs.org/@angular-devkit%2fschematics cache-miss
412 http fetch GET 200 https://registry.npmjs.org/multer 117ms (cache miss)
413 silly packumentCache full:https://registry.npmjs.org/multer set size:undefined disposed:false
414 silly fetch manifest glob@^10.5.0
415 silly packumentCache full:https://registry.npmjs.org/glob cache-miss
416 http cache https://registry.npmjs.org/@angular-devkit%2fcore 48ms (cache hit)
417 silly packumentCache full:https://registry.npmjs.org/@angular-devkit%2fcore set size:2480872 disposed:false
418 silly fetch manifest uuid@^11.1.1
419 silly packumentCache full:https://registry.npmjs.org/uuid cache-miss
420 http fetch GET 200 https://registry.npmjs.org/pluralize 102ms (cache miss)
421 silly packumentCache full:https://registry.npmjs.org/pluralize set size:undefined disposed:false
422 silly fetch manifest ansis@^4.3.1
423 silly packumentCache full:https://registry.npmjs.org/ansis cache-miss
424 http fetch GET 200 https://registry.npmjs.org/path-to-regexp 125ms (cache miss)
425 silly packumentCache full:https://registry.npmjs.org/path-to-regexp set size:undefined disposed:false
426 silly fetch manifest dayjs@^1.11.21
427 silly packumentCache full:https://registry.npmjs.org/dayjs cache-miss
428 http cache https://registry.npmjs.org/glob 68ms (cache hit)
429 silly packumentCache full:https://registry.npmjs.org/glob set size:469465 disposed:false
430 silly fetch manifest debug@^4.4.3
431 silly packumentCache full:https://registry.npmjs.org/debug cache-miss
432 http fetch GET 200 https://registry.npmjs.org/comment-json 149ms (cache miss)
433 silly packumentCache full:https://registry.npmjs.org/comment-json set size:undefined disposed:false
434 silly fetch manifest tslib@^2.8.1
435 silly packumentCache full:https://registry.npmjs.org/tslib cache-miss
436 http cache https://registry.npmjs.org/ansis 56ms (cache hit)
437 silly packumentCache full:https://registry.npmjs.org/ansis set size:228409 disposed:false
438 silly fetch manifest yargs@^17.7.3
439 silly packumentCache full:https://registry.npmjs.org/yargs cache-miss
440 http fetch GET 200 https://registry.npmjs.org/jsonc-parser 151ms (cache miss)
441 silly packumentCache full:https://registry.npmjs.org/jsonc-parser set size:undefined disposed:false
442 silly fetch manifest buffer@^6.0.3
443 silly packumentCache full:https://registry.npmjs.org/buffer cache-miss
444 http fetch GET 200 https://registry.npmjs.org/express 231ms (cache miss)
445 silly packumentCache full:https://registry.npmjs.org/express set size:undefined disposed:false
446 silly fetch manifest dedent@^1.7.2
447 silly packumentCache full:https://registry.npmjs.org/dedent cache-miss
448 http cache https://registry.npmjs.org/tslib 59ms (cache hit)
449 silly packumentCache full:https://registry.npmjs.org/tslib set size:108843 disposed:false
450 silly fetch manifest dotenv@^16.6.1
451 silly packumentCache full:https://registry.npmjs.org/dotenv cache-miss
452 http fetch GET 200 https://registry.npmjs.org/uuid 133ms (cache miss)
453 silly packumentCache full:https://registry.npmjs.org/uuid set size:undefined disposed:false
454 silly fetch manifest sha.js@^2.4.12
455 silly packumentCache full:https://registry.npmjs.org/sha.js cache-miss
456 http fetch GET 200 https://registry.npmjs.org/debug 120ms (cache miss)
457 silly packumentCache full:https://registry.npmjs.org/debug set size:undefined disposed:false
458 silly fetch manifest app-root-path@^3.1.0
459 silly packumentCache full:https://registry.npmjs.org/app-root-path cache-miss
460 http cache https://registry.npmjs.org/dotenv 40ms (cache hit)
461 silly packumentCache full:https://registry.npmjs.org/dotenv set size:277821 disposed:false
462 silly fetch manifest sql-highlight@^6.1.0
463 silly packumentCache full:https://registry.npmjs.org/sql-highlight cache-miss
464 http fetch GET 200 https://registry.npmjs.org/@angular-devkit%2fschematics 610ms (cache miss)
465 silly packumentCache full:https://registry.npmjs.org/@angular-devkit%2fschematics set size:undefined disposed:false
466 silly fetch manifest @sqltools/formatter@^1.2.5
467 silly packumentCache full:https://registry.npmjs.org/@sqltools%2fformatter cache-miss
468 http fetch GET 200 https://registry.npmjs.org/dayjs 181ms (cache miss)
469 silly packumentCache full:https://registry.npmjs.org/dayjs set size:undefined disposed:false
470 silly fetch manifest @types/body-parser@*
471 silly packumentCache full:https://registry.npmjs.org/@types%2fbody-parser cache-miss
472 http fetch GET 200 https://registry.npmjs.org/buffer 131ms (cache miss)
473 silly packumentCache full:https://registry.npmjs.org/buffer set size:undefined disposed:false
474 silly fetch manifest @types/serve-static@^2
475 silly packumentCache full:https://registry.npmjs.org/@types%2fserve-static cache-miss
476 http fetch GET 200 https://registry.npmjs.org/yargs 171ms (cache miss)
477 silly packumentCache full:https://registry.npmjs.org/yargs set size:undefined disposed:false
478 silly fetch manifest @types/express-serve-static-core@^5.0.0
479 silly packumentCache full:https://registry.npmjs.org/@types%2fexpress-serve-static-core cache-miss
480 http fetch GET 200 https://registry.npmjs.org/sql-highlight 82ms (cache miss)
481 silly packumentCache full:https://registry.npmjs.org/sql-highlight set size:undefined disposed:false
482 silly fetch manifest undici-types@~6.21.0
483 silly packumentCache full:https://registry.npmjs.org/undici-types cache-miss
484 http fetch GET 200 https://registry.npmjs.org/@angular-devkit%2fschematics-cli 648ms (cache miss)
485 silly packumentCache full:https://registry.npmjs.org/@angular-devkit%2fschematics-cli set size:undefined disposed:false
486 silly fetch manifest validator@^13.15.22
487 silly packumentCache full:https://registry.npmjs.org/validator cache-miss
488 http fetch GET 200 https://registry.npmjs.org/dedent 213ms (cache miss)
489 silly packumentCache full:https://registry.npmjs.org/dedent set size:undefined disposed:false
490 silly fetch manifest @types/validator@^13.15.3
491 silly packumentCache full:https://registry.npmjs.org/@types%2fvalidator cache-miss
492 http fetch GET 200 https://registry.npmjs.org/webpack 1015ms (cache miss)
493 silly packumentCache full:https://registry.npmjs.org/webpack set size:undefined disposed:false
494 silly fetch manifest libphonenumber-js@^1.11.1
495 silly packumentCache full:https://registry.npmjs.org/libphonenumber-js cache-miss
496 http fetch GET 200 https://registry.npmjs.org/sha.js 232ms (cache miss)
497 silly packumentCache full:https://registry.npmjs.org/sha.js set size:undefined disposed:false
498 silly fetch manifest pgpass@1.0.5
499 silly packumentCache full:https://registry.npmjs.org/pgpass cache-miss
500 http fetch GET 200 https://registry.npmjs.org/@types%2fbody-parser 169ms (cache miss)
501 silly packumentCache full:https://registry.npmjs.org/@types%2fbody-parser set size:undefined disposed:false
502 silly fetch manifest pg-pool@^3.14.0
503 silly packumentCache full:https://registry.npmjs.org/pg-pool cache-miss
504 http fetch GET 200 https://registry.npmjs.org/app-root-path 222ms (cache miss)
505 silly packumentCache full:https://registry.npmjs.org/app-root-path set size:undefined disposed:false
506 silly fetch manifest pg-types@2.2.0
507 silly packumentCache full:https://registry.npmjs.org/pg-types cache-miss
508 http fetch GET 200 https://registry.npmjs.org/@sqltools%2fformatter 197ms (cache miss)
509 silly packumentCache full:https://registry.npmjs.org/@sqltools%2fformatter set size:undefined disposed:false
510 silly fetch manifest pg-protocol@^1.16.0
511 silly packumentCache full:https://registry.npmjs.org/pg-protocol cache-miss
512 http fetch GET 200 https://registry.npmjs.org/@types%2fserve-static 174ms (cache miss)
513 silly packumentCache full:https://registry.npmjs.org/@types%2fserve-static set size:undefined disposed:false
514 silly fetch manifest pg-connection-string@^2.14.0
515 silly packumentCache full:https://registry.npmjs.org/pg-connection-string cache-miss
516 http fetch GET 200 https://registry.npmjs.org/undici-types 152ms (cache miss)
517 silly packumentCache full:https://registry.npmjs.org/undici-types set size:undefined disposed:false
518 silly fetch manifest pg-cloudflare@^1.4.0
519 silly packumentCache full:https://registry.npmjs.org/pg-cloudflare cache-miss
520 http fetch GET 200 https://registry.npmjs.org/@types%2fexpress-serve-static-core 162ms (cache miss)
521 silly packumentCache full:https://registry.npmjs.org/@types%2fexpress-serve-static-core set size:undefined disposed:false
522 silly fetch manifest yn@3.1.1
523 silly packumentCache full:https://registry.npmjs.org/yn cache-miss
524 http fetch GET 200 https://registry.npmjs.org/@angular-devkit%2fschematics 475ms (cache miss)
525 silly packumentCache full:https://registry.npmjs.org/@angular-devkit%2fschematics set size:undefined disposed:false
526 silly fetch manifest arg@^4.1.0
527 silly packumentCache full:https://registry.npmjs.org/arg cache-miss
528 http fetch GET 200 https://registry.npmjs.org/@types%2fvalidator 116ms (cache miss)
529 silly packumentCache full:https://registry.npmjs.org/@types%2fvalidator set size:undefined disposed:false
530 silly fetch manifest diff@^4.0.1
531 silly packumentCache full:https://registry.npmjs.org/diff cache-miss
532 http fetch GET 200 https://registry.npmjs.org/validator 163ms (cache miss)
533 silly packumentCache full:https://registry.npmjs.org/validator set size:undefined disposed:false
534 silly fetch manifest acorn@^8.4.1
535 silly packumentCache full:https://registry.npmjs.org/acorn cache-miss
536 http fetch GET 200 https://registry.npmjs.org/yn 64ms (cache miss)
537 silly packumentCache full:https://registry.npmjs.org/yn set size:undefined disposed:false
538 silly fetch manifest acorn-walk@^8.1.1
539 silly packumentCache full:https://registry.npmjs.org/acorn-walk cache-miss
540 http fetch GET 200 https://registry.npmjs.org/pg-types 99ms (cache miss)
541 silly packumentCache full:https://registry.npmjs.org/pg-types set size:undefined disposed:false
542 silly fetch manifest make-error@^1.1.1
543 silly packumentCache full:https://registry.npmjs.org/make-error cache-miss
544 http fetch GET 200 https://registry.npmjs.org/pg-protocol 99ms (cache miss)
545 silly packumentCache full:https://registry.npmjs.org/pg-protocol set size:undefined disposed:false
546 silly fetch manifest create-require@^1.1.0
547 silly packumentCache full:https://registry.npmjs.org/create-require cache-miss
548 http fetch GET 200 https://registry.npmjs.org/pg-connection-string 94ms (cache miss)
549 silly packumentCache full:https://registry.npmjs.org/pg-connection-string set size:undefined disposed:false
550 silly fetch manifest @tsconfig/node10@^1.0.7
551 silly packumentCache full:https://registry.npmjs.org/@tsconfig%2fnode10 cache-miss
552 http fetch GET 200 https://registry.npmjs.org/arg 58ms (cache miss)
553 silly packumentCache full:https://registry.npmjs.org/arg set size:undefined disposed:false
554 silly fetch manifest @tsconfig/node12@^1.0.7
555 silly packumentCache full:https://registry.npmjs.org/@tsconfig%2fnode12 cache-miss
556 http fetch GET 200 https://registry.npmjs.org/diff 65ms (cache miss)
557 silly packumentCache full:https://registry.npmjs.org/diff set size:undefined disposed:false
558 silly fetch manifest @tsconfig/node14@^1.0.0
559 silly packumentCache full:https://registry.npmjs.org/@tsconfig%2fnode14 cache-miss
560 http fetch GET 200 https://registry.npmjs.org/pgpass 138ms (cache miss)
561 silly packumentCache full:https://registry.npmjs.org/pgpass set size:undefined disposed:false
562 silly fetch manifest @tsconfig/node16@^1.0.2
563 silly packumentCache full:https://registry.npmjs.org/@tsconfig%2fnode16 cache-miss
564 http fetch GET 200 https://registry.npmjs.org/pg-pool 140ms (cache miss)
565 silly packumentCache full:https://registry.npmjs.org/pg-pool set size:undefined disposed:false
566 silly fetch manifest v8-compile-cache-lib@^3.0.1
567 silly packumentCache full:https://registry.npmjs.org/v8-compile-cache-lib cache-miss
568 http fetch GET 200 https://registry.npmjs.org/make-error 49ms (cache miss)
569 silly packumentCache full:https://registry.npmjs.org/make-error set size:undefined disposed:false
570 silly fetch manifest @cspotcode/source-map-support@^0.8.0
571 silly packumentCache full:https://registry.npmjs.org/@cspotcode%2fsource-map-support cache-miss
572 http fetch GET 200 https://registry.npmjs.org/acorn-walk 62ms (cache miss)
573 silly packumentCache full:https://registry.npmjs.org/acorn-walk set size:undefined disposed:false
574 silly fetch manifest json5@^2.2.2
575 silly packumentCache full:https://registry.npmjs.org/json5 cache-miss
576 http fetch GET 200 https://registry.npmjs.org/create-require 56ms (cache miss)
577 silly packumentCache full:https://registry.npmjs.org/create-require set size:undefined disposed:false
578 silly fetch manifest minimist@^1.2.6
579 silly packumentCache full:https://registry.npmjs.org/minimist cache-miss
580 http fetch GET 200 https://registry.npmjs.org/@tsconfig%2fnode10 68ms (cache miss)
581 silly packumentCache full:https://registry.npmjs.org/@tsconfig%2fnode10 set size:undefined disposed:false
582 silly fetch manifest strip-bom@^3.0.0
583 silly packumentCache full:https://registry.npmjs.org/strip-bom cache-miss
584 http fetch GET 200 https://registry.npmjs.org/pg-cloudflare 158ms (cache miss)
585 silly packumentCache full:https://registry.npmjs.org/pg-cloudflare set size:undefined disposed:false
586 http fetch GET 200 https://registry.npmjs.org/acorn 109ms (cache miss)
587 silly packumentCache full:https://registry.npmjs.org/acorn set size:undefined disposed:false
588 http fetch GET 200 https://registry.npmjs.org/@tsconfig%2fnode16 63ms (cache miss)
589 silly packumentCache full:https://registry.npmjs.org/@tsconfig%2fnode16 set size:undefined disposed:false
590 http fetch GET 200 https://registry.npmjs.org/@tsconfig%2fnode14 72ms (cache miss)
591 silly packumentCache full:https://registry.npmjs.org/@tsconfig%2fnode14 set size:undefined disposed:false
592 http fetch GET 200 https://registry.npmjs.org/v8-compile-cache-lib 63ms (cache miss)
593 silly packumentCache full:https://registry.npmjs.org/v8-compile-cache-lib set size:undefined disposed:false
594 http fetch GET 200 https://registry.npmjs.org/libphonenumber-js 228ms (cache miss)
595 silly packumentCache full:https://registry.npmjs.org/libphonenumber-js set size:undefined disposed:false
596 http fetch GET 200 https://registry.npmjs.org/json5 73ms (cache miss)
597 silly packumentCache full:https://registry.npmjs.org/json5 set size:undefined disposed:false
598 http fetch GET 200 https://registry.npmjs.org/minimist 72ms (cache miss)
599 silly packumentCache full:https://registry.npmjs.org/minimist set size:undefined disposed:false
600 http fetch GET 200 https://registry.npmjs.org/@cspotcode%2fsource-map-support 99ms (cache miss)
601 silly packumentCache full:https://registry.npmjs.org/@cspotcode%2fsource-map-support set size:undefined disposed:false
602 http fetch GET 200 https://registry.npmjs.org/strip-bom 75ms (cache miss)
603 silly packumentCache full:https://registry.npmjs.org/strip-bom set size:undefined disposed:false
604 http fetch GET 200 https://registry.npmjs.org/@tsconfig%2fnode12 155ms (cache miss)
605 silly packumentCache full:https://registry.npmjs.org/@tsconfig%2fnode12 set size:undefined disposed:false
606 silly fetch manifest @types/node@>=18
607 silly packumentCache full:https://registry.npmjs.org/@types%2fnode cache-miss
608 http cache https://registry.npmjs.org/@types%2fnode 34ms (cache hit)
609 silly packumentCache full:https://registry.npmjs.org/@types%2fnode set size:11100097 disposed:false
610 silly placeDep ROOT @angular-devkit/core@19.2.27 OK for: @nestjs/cli@11.0.24 want: 19.2.27
611 silly placeDep ROOT @angular-devkit/schematics@19.2.27 OK for: @nestjs/cli@11.0.24 want: 19.2.27
612 silly placeDep ROOT @angular-devkit/schematics-cli@19.2.27 OK for: @nestjs/cli@11.0.24 want: 19.2.27
613 silly placeDep ROOT @inquirer/prompts@7.10.1 OK for: @nestjs/cli@11.0.24 want: 7.10.1
614 silly placeDep ROOT ansis@4.2.0 OK for: @nestjs/cli@11.0.24 want: 4.2.0
615 silly placeDep ROOT chokidar@4.0.3 OK for: @nestjs/cli@11.0.24 want: 4.0.3
616 silly placeDep ROOT cli-table3@0.6.5 OK for: @nestjs/cli@11.0.24 want: 0.6.5
617 silly placeDep ROOT commander@4.1.1 OK for: @nestjs/cli@11.0.24 want: 4.1.1
618 silly placeDep ROOT fork-ts-checker-webpack-plugin@9.1.0 OK for: @nestjs/cli@11.0.24 want: 9.1.0
619 silly placeDep ROOT webpack@5.106.2 OK for: fork-ts-checker-webpack-plugin@9.1.0 want: ^5.11.0
620 silly placeDep ROOT glob@13.0.6 OK for: @nestjs/cli@11.0.24 want: 13.0.6
621 silly placeDep ROOT node-emoji@1.11.0 OK for: @nestjs/cli@11.0.24 want: 1.11.0
622 silly placeDep ROOT ora@5.4.1 OK for: @nestjs/cli@11.0.24 want: 5.4.1
623 silly placeDep ROOT tsconfig-paths-webpack-plugin@4.2.0 OK for: @nestjs/cli@11.0.24 want: 4.2.0
624 silly placeDep ROOT webpack-node-externals@3.0.0 OK for: @nestjs/cli@11.0.24 want: 3.0.0
625 silly fetch manifest ajv@8.18.0
626 silly packumentCache full:https://registry.npmjs.org/ajv cache-miss
627 silly fetch manifest rxjs@7.8.1
628 silly packumentCache full:https://registry.npmjs.org/rxjs cache-miss
629 silly fetch manifest picomatch@4.0.4
630 silly packumentCache full:https://registry.npmjs.org/picomatch cache-miss
631 silly fetch manifest source-map@0.7.4
632 silly packumentCache full:https://registry.npmjs.org/source-map cache-miss
633 silly fetch manifest ajv-formats@3.0.1
634 silly packumentCache full:https://registry.npmjs.org/ajv-formats cache-miss
635 silly fetch manifest rxjs@7.8.1
636 silly packumentCache full:https://registry.npmjs.org/rxjs cache-miss
637 silly fetch manifest magic-string@0.30.17
638 silly packumentCache full:https://registry.npmjs.org/magic-string cache-miss
639 silly fetch manifest ansi-colors@4.1.3
640 silly packumentCache full:https://registry.npmjs.org/ansi-colors cache-miss
641 silly fetch manifest yargs-parser@21.1.1
642 silly packumentCache full:https://registry.npmjs.org/yargs-parser cache-miss
643 silly fetch manifest @inquirer/prompts@7.3.2
644 silly packumentCache full:https://registry.npmjs.org/@inquirer%2fprompts cache-miss
645 silly fetch manifest symbol-observable@4.0.0
646 silly packumentCache full:https://registry.npmjs.org/symbol-observable cache-miss
647 http cache https://registry.npmjs.org/@inquirer%2fprompts 16ms (cache hit)
648 silly packumentCache full:https://registry.npmjs.org/@inquirer%2fprompts set size:342225 disposed:false
649 silly fetch manifest @inquirer/input@^4.3.1
650 silly packumentCache full:https://registry.npmjs.org/@inquirer%2finput cache-miss
651 http cache https://registry.npmjs.org/rxjs 27ms (cache hit)
652 silly packumentCache full:https://registry.npmjs.org/rxjs set size:1028301 disposed:false
653 silly fetch manifest @inquirer/editor@^4.2.23
654 silly packumentCache full:https://registry.npmjs.org/@inquirer%2feditor cache-miss
655 http cache https://registry.npmjs.org/rxjs 46ms (cache hit)
656 silly packumentCache full:https://registry.npmjs.org/rxjs set size:1028301 disposed:false
657 silly fetch manifest @inquirer/expand@^4.0.23
658 silly packumentCache full:https://registry.npmjs.org/@inquirer%2fexpand cache-miss
659 http fetch GET 200 https://registry.npmjs.org/symbol-observable 76ms (cache miss)
660 silly packumentCache full:https://registry.npmjs.org/symbol-observable set size:undefined disposed:false
661 silly fetch manifest @inquirer/number@^3.0.23
662 silly packumentCache full:https://registry.npmjs.org/@inquirer%2fnumber cache-miss
663 http fetch GET 200 https://registry.npmjs.org/ansi-colors 88ms (cache miss)
664 silly packumentCache full:https://registry.npmjs.org/ansi-colors set size:undefined disposed:false
665 silly fetch manifest @inquirer/search@^3.2.2
666 silly packumentCache full:https://registry.npmjs.org/@inquirer%2fsearch cache-miss
667 http fetch GET 200 https://registry.npmjs.org/picomatch 92ms (cache miss)
668 silly packumentCache full:https://registry.npmjs.org/picomatch set size:undefined disposed:false
669 silly fetch manifest @inquirer/select@^4.4.2
670 silly packumentCache full:https://registry.npmjs.org/@inquirer%2fselect cache-miss
671 http fetch GET 200 https://registry.npmjs.org/ajv-formats 95ms (cache miss)
672 silly packumentCache full:https://registry.npmjs.org/ajv-formats set size:undefined disposed:false
673 silly fetch manifest @inquirer/confirm@^5.1.21
674 silly packumentCache full:https://registry.npmjs.org/@inquirer%2fconfirm cache-miss
675 http fetch GET 200 https://registry.npmjs.org/source-map 104ms (cache miss)
676 silly packumentCache full:https://registry.npmjs.org/source-map set size:undefined disposed:false
677 silly fetch manifest @inquirer/rawlist@^4.1.11
678 silly packumentCache full:https://registry.npmjs.org/@inquirer%2frawlist cache-miss
679 http fetch GET 200 https://registry.npmjs.org/yargs-parser 110ms (cache miss)
680 silly packumentCache full:https://registry.npmjs.org/yargs-parser set size:undefined disposed:false
681 silly fetch manifest @inquirer/checkbox@^4.3.2
682 silly packumentCache full:https://registry.npmjs.org/@inquirer%2fcheckbox cache-miss
683 http fetch GET 200 https://registry.npmjs.org/magic-string 119ms (cache miss)
684 silly packumentCache full:https://registry.npmjs.org/magic-string set size:undefined disposed:false
685 silly fetch manifest @inquirer/password@^4.0.23
686 silly packumentCache full:https://registry.npmjs.org/@inquirer%2fpassword cache-miss
687 http fetch GET 200 https://registry.npmjs.org/@inquirer%2feditor 105ms (cache miss)
688 silly packumentCache full:https://registry.npmjs.org/@inquirer%2feditor set size:undefined disposed:false
689 silly fetch manifest readdirp@^4.0.1
690 silly packumentCache full:https://registry.npmjs.org/readdirp cache-miss
691 http fetch GET 200 https://registry.npmjs.org/@inquirer%2fexpand 101ms (cache miss)
692 silly packumentCache full:https://registry.npmjs.org/@inquirer%2fexpand set size:undefined disposed:false
693 silly fetch manifest string-width@^4.2.0
694 silly packumentCache full:https://registry.npmjs.org/string-width cache-miss
695 http fetch GET 200 https://registry.npmjs.org/@inquirer%2fnumber 82ms (cache miss)
696 silly packumentCache full:https://registry.npmjs.org/@inquirer%2fnumber set size:undefined disposed:false
697 silly fetch manifest @colors/colors@1.5.0
698 silly packumentCache full:https://registry.npmjs.org/@colors%2fcolors cache-miss
699 http fetch GET 200 https://registry.npmjs.org/ajv 180ms (cache miss)
700 silly packumentCache full:https://registry.npmjs.org/ajv set size:undefined disposed:false
701 silly fetch manifest @babel/code-frame@^7.16.7
702 silly packumentCache full:https://registry.npmjs.org/@babel%2fcode-frame cache-miss
703 http fetch GET 200 https://registry.npmjs.org/@inquirer%2fsearch 123ms (cache miss)
704 silly packumentCache full:https://registry.npmjs.org/@inquirer%2fsearch set size:undefined disposed:false
705 silly fetch manifest chalk@^4.1.2
706 silly packumentCache full:https://registry.npmjs.org/chalk cache-miss
707 http fetch GET 200 https://registry.npmjs.org/readdirp 74ms (cache miss)
708 silly packumentCache full:https://registry.npmjs.org/readdirp set size:undefined disposed:false
709 silly fetch manifest cosmiconfig@^8.2.0
710 silly packumentCache full:https://registry.npmjs.org/cosmiconfig cache-miss
711 http fetch GET 200 https://registry.npmjs.org/string-width 71ms (cache miss)
712 silly packumentCache full:https://registry.npmjs.org/string-width set size:undefined disposed:false
713 silly fetch manifest deepmerge@^4.2.2
714 silly packumentCache full:https://registry.npmjs.org/deepmerge cache-miss
715 http fetch GET 200 https://registry.npmjs.org/@inquirer%2fselect 141ms (cache miss)
716 silly packumentCache full:https://registry.npmjs.org/@inquirer%2fselect set size:undefined disposed:false
717 silly fetch manifest fs-extra@^10.0.0
718 silly packumentCache full:https://registry.npmjs.org/fs-extra cache-miss
719 http fetch GET 200 https://registry.npmjs.org/@inquirer%2fcheckbox 131ms (cache miss)
720 silly packumentCache full:https://registry.npmjs.org/@inquirer%2fcheckbox set size:undefined disposed:false
721 silly fetch manifest memfs@^3.4.1
722 silly packumentCache full:https://registry.npmjs.org/memfs cache-miss
723 http fetch GET 200 https://registry.npmjs.org/@inquirer%2fconfirm 157ms (cache miss)
724 silly packumentCache full:https://registry.npmjs.org/@inquirer%2fconfirm set size:undefined disposed:false
725 silly fetch manifest minimatch@^3.0.4
726 silly packumentCache full:https://registry.npmjs.org/minimatch cache-miss
727 http fetch GET 200 https://registry.npmjs.org/@inquirer%2fpassword 138ms (cache miss)
728 silly packumentCache full:https://registry.npmjs.org/@inquirer%2fpassword set size:undefined disposed:false
729 silly fetch manifest node-abort-controller@^3.0.1
730 silly packumentCache full:https://registry.npmjs.org/node-abort-controller cache-miss
731 http fetch GET 200 https://registry.npmjs.org/@inquirer%2finput 249ms (cache miss)
732 silly packumentCache full:https://registry.npmjs.org/@inquirer%2finput set size:undefined disposed:false
733 silly fetch manifest schema-utils@^3.1.1
734 silly packumentCache full:https://registry.npmjs.org/schema-utils cache-miss
735 http fetch GET 200 https://registry.npmjs.org/@babel%2fcode-frame 111ms (cache miss)
736 silly packumentCache full:https://registry.npmjs.org/@babel%2fcode-frame set size:undefined disposed:false
737 silly fetch manifest semver@^7.3.5
738 silly packumentCache full:https://registry.npmjs.org/semver cache-miss
739 http fetch GET 200 https://registry.npmjs.org/chalk 97ms (cache miss)
740 silly packumentCache full:https://registry.npmjs.org/chalk set size:undefined disposed:false
741 silly fetch manifest tapable@^2.2.1
742 silly packumentCache full:https://registry.npmjs.org/tapable cache-miss
743 http fetch GET 200 https://registry.npmjs.org/deepmerge 85ms (cache miss)
744 silly packumentCache full:https://registry.npmjs.org/deepmerge set size:undefined disposed:false
745 silly fetch manifest acorn@^8.16.0
746 silly packumentCache full:https://registry.npmjs.org/acorn cache-miss
747 http fetch GET 200 https://registry.npmjs.org/cosmiconfig 98ms (cache miss)
748 silly packumentCache full:https://registry.npmjs.org/cosmiconfig set size:undefined disposed:false
749 silly fetch manifest events@^3.2.0
750 silly packumentCache full:https://registry.npmjs.org/events cache-miss
751 http fetch GET 200 https://registry.npmjs.org/fs-extra 93ms (cache miss)
752 silly packumentCache full:https://registry.npmjs.org/fs-extra set size:undefined disposed:false
753 silly fetch manifest mime-db@^1.54.0
754 silly packumentCache full:https://registry.npmjs.org/mime-db cache-miss
755 http fetch GET 200 https://registry.npmjs.org/@colors%2fcolors 175ms (cache miss)
756 silly packumentCache full:https://registry.npmjs.org/@colors%2fcolors set size:undefined disposed:false
757 silly fetch manifest tapable@^2.3.0
758 silly packumentCache full:https://registry.npmjs.org/tapable cache-miss
759 http fetch GET 200 https://registry.npmjs.org/@inquirer%2frawlist 240ms (cache miss)
760 silly packumentCache full:https://registry.npmjs.org/@inquirer%2frawlist set size:undefined disposed:false
761 silly fetch manifest neo-async@^2.6.2
762 silly packumentCache full:https://registry.npmjs.org/neo-async cache-miss
763 http cache https://registry.npmjs.org/acorn 39ms (cache hit)
764 silly packumentCache full:https://registry.npmjs.org/acorn set size:383439 disposed:false
765 silly fetch manifest watchpack@^2.5.1
766 silly packumentCache full:https://registry.npmjs.org/watchpack cache-miss
767 http fetch GET 200 https://registry.npmjs.org/events 51ms (cache miss)
768 silly packumentCache full:https://registry.npmjs.org/events set size:undefined disposed:false
769 silly fetch manifest graceful-fs@^4.2.11
770 silly packumentCache full:https://registry.npmjs.org/graceful-fs cache-miss
771 http fetch GET 200 https://registry.npmjs.org/minimatch 132ms (cache miss)
772 silly packumentCache full:https://registry.npmjs.org/minimatch set size:undefined disposed:false
773 silly fetch manifest browserslist@^4.28.1
774 silly packumentCache full:https://registry.npmjs.org/browserslist cache-miss
775 http fetch GET 200 https://registry.npmjs.org/tapable 88ms (cache miss)
776 silly packumentCache full:https://registry.npmjs.org/tapable set size:undefined disposed:false
777 silly fetch manifest eslint-scope@5.1.1
778 silly packumentCache full:https://registry.npmjs.org/eslint-scope cache-miss
779 http fetch GET 200 https://registry.npmjs.org/semver 107ms (cache miss)
780 silly packumentCache full:https://registry.npmjs.org/semver set size:undefined disposed:false
781 silly fetch manifest schema-utils@^4.3.3
782 silly packumentCache full:https://registry.npmjs.org/schema-utils cache-miss
783 http fetch GET 200 https://registry.npmjs.org/memfs 170ms (cache miss)
784 silly packumentCache full:https://registry.npmjs.org/memfs set size:undefined disposed:false
785 silly fetch manifest @types/estree@^1.0.8
786 silly packumentCache full:https://registry.npmjs.org/@types%2festree cache-miss
787 http fetch GET 200 https://registry.npmjs.org/mime-db 103ms (cache miss)
788 silly packumentCache full:https://registry.npmjs.org/mime-db set size:undefined disposed:false
789 silly fetch manifest loader-runner@^4.3.1
790 silly packumentCache full:https://registry.npmjs.org/loader-runner cache-miss
791 http fetch GET 200 https://registry.npmjs.org/tapable 118ms (cache miss)
792 silly packumentCache full:https://registry.npmjs.org/tapable set size:undefined disposed:false
793 silly fetch manifest glob-to-regexp@^0.4.1
794 silly packumentCache full:https://registry.npmjs.org/glob-to-regexp cache-miss
795 http fetch GET 200 https://registry.npmjs.org/node-abort-controller 199ms (cache miss)
796 silly packumentCache full:https://registry.npmjs.org/node-abort-controller set size:undefined disposed:false
797 silly fetch manifest es-module-lexer@^2.0.0
798 silly packumentCache full:https://registry.npmjs.org/es-module-lexer cache-miss
799 http fetch GET 200 https://registry.npmjs.org/neo-async 119ms (cache miss)
800 silly packumentCache full:https://registry.npmjs.org/neo-async set size:undefined disposed:false
801 silly fetch manifest webpack-sources@^3.3.4
802 silly packumentCache full:https://registry.npmjs.org/webpack-sources cache-miss
803 http fetch GET 200 https://registry.npmjs.org/schema-utils 201ms (cache miss)
804 silly packumentCache full:https://registry.npmjs.org/schema-utils set size:undefined disposed:false
805 silly fetch manifest enhanced-resolve@^5.20.0
806 silly packumentCache full:https://registry.npmjs.org/enhanced-resolve cache-miss
807 http fetch GET 200 https://registry.npmjs.org/watchpack 126ms (cache miss)
808 silly packumentCache full:https://registry.npmjs.org/watchpack set size:undefined disposed:false
809 silly fetch manifest @types/json-schema@^7.0.15
810 silly packumentCache full:https://registry.npmjs.org/@types%2fjson-schema cache-miss
811 http fetch GET 200 https://registry.npmjs.org/graceful-fs 113ms (cache miss)
812 silly packumentCache full:https://registry.npmjs.org/graceful-fs set size:undefined disposed:false
813 silly fetch manifest @webassemblyjs/ast@^1.14.1
814 silly packumentCache full:https://registry.npmjs.org/@webassemblyjs%2fast cache-miss
815 http fetch GET 200 https://registry.npmjs.org/eslint-scope 103ms (cache miss)
816 silly packumentCache full:https://registry.npmjs.org/eslint-scope set size:undefined disposed:false
817 silly fetch manifest chrome-trace-event@^1.0.2
818 silly packumentCache full:https://registry.npmjs.org/chrome-trace-event cache-miss
819 http fetch GET 200 https://registry.npmjs.org/loader-runner 78ms (cache miss)
820 silly packumentCache full:https://registry.npmjs.org/loader-runner set size:undefined disposed:false
821 silly fetch manifest @types/eslint-scope@^3.7.7
822 silly packumentCache full:https://registry.npmjs.org/@types%2feslint-scope cache-miss
823 http fetch GET 200 https://registry.npmjs.org/@types%2festree 93ms (cache miss)
824 silly packumentCache full:https://registry.npmjs.org/@types%2festree set size:undefined disposed:false
825 silly fetch manifest acorn-import-phases@^1.0.3
826 silly packumentCache full:https://registry.npmjs.org/acorn-import-phases cache-miss
827 http fetch GET 200 https://registry.npmjs.org/schema-utils 117ms (cache miss)
828 silly packumentCache full:https://registry.npmjs.org/schema-utils set size:undefined disposed:false
829 silly fetch manifest terser-webpack-plugin@^5.3.17
830 silly packumentCache full:https://registry.npmjs.org/terser-webpack-plugin cache-miss
831 http fetch GET 200 https://registry.npmjs.org/glob-to-regexp 79ms (cache miss)
832 silly packumentCache full:https://registry.npmjs.org/glob-to-regexp set size:undefined disposed:false
833 silly fetch manifest @webassemblyjs/wasm-edit@^1.14.1
834 silly packumentCache full:https://registry.npmjs.org/@webassemblyjs%2fwasm-edit cache-miss
835 http fetch GET 200 https://registry.npmjs.org/browserslist 169ms (cache miss)
836 silly packumentCache full:https://registry.npmjs.org/browserslist set size:undefined disposed:false
837 silly fetch manifest @webassemblyjs/wasm-parser@^1.14.1
838 silly packumentCache full:https://registry.npmjs.org/@webassemblyjs%2fwasm-parser cache-miss
839 http fetch GET 200 https://registry.npmjs.org/es-module-lexer 111ms (cache miss)
840 silly packumentCache full:https://registry.npmjs.org/es-module-lexer set size:undefined disposed:false
841 silly fetch manifest minimatch@^10.2.2
842 silly packumentCache full:https://registry.npmjs.org/minimatch cache-miss
843 http fetch GET 200 https://registry.npmjs.org/chrome-trace-event 68ms (cache miss)
844 silly packumentCache full:https://registry.npmjs.org/chrome-trace-event set size:undefined disposed:false
845 silly fetch manifest minipass@^7.1.3
846 silly packumentCache full:https://registry.npmjs.org/minipass cache-miss
847 http fetch GET 200 https://registry.npmjs.org/@types%2fjson-schema 95ms (cache miss)
848 silly packumentCache full:https://registry.npmjs.org/@types%2fjson-schema set size:undefined disposed:false
849 silly fetch manifest path-scurry@^2.0.2
850 silly packumentCache full:https://registry.npmjs.org/path-scurry cache-miss
851 http fetch GET 200 https://registry.npmjs.org/webpack-sources 117ms (cache miss)
852 silly packumentCache full:https://registry.npmjs.org/webpack-sources set size:undefined disposed:false
853 silly fetch manifest lodash@^4.17.21
854 silly packumentCache full:https://registry.npmjs.org/lodash cache-miss
855 http fetch GET 200 https://registry.npmjs.org/@types%2feslint-scope 72ms (cache miss)
856 silly packumentCache full:https://registry.npmjs.org/@types%2feslint-scope set size:undefined disposed:false
857 silly fetch manifest bl@^4.1.0
858 silly packumentCache full:https://registry.npmjs.org/bl cache-miss
859 http fetch GET 200 https://registry.npmjs.org/@webassemblyjs%2fast 102ms (cache miss)
860 silly packumentCache full:https://registry.npmjs.org/@webassemblyjs%2fast set size:undefined disposed:false
861 silly fetch manifest chalk@^4.1.0
862 silly packumentCache full:https://registry.npmjs.org/chalk cache-miss
863 http fetch GET 200 https://registry.npmjs.org/acorn-import-phases 76ms (cache miss)
864 silly packumentCache full:https://registry.npmjs.org/acorn-import-phases set size:undefined disposed:false
865 silly fetch manifest wcwidth@^1.0.1
866 silly packumentCache full:https://registry.npmjs.org/wcwidth cache-miss
867 http cache https://registry.npmjs.org/minimatch 28ms (cache hit)
868 silly packumentCache full:https://registry.npmjs.org/minimatch set size:377924 disposed:false
869 silly fetch manifest cli-cursor@^3.1.0
870 silly packumentCache full:https://registry.npmjs.org/cli-cursor cache-miss
871 http fetch GET 200 https://registry.npmjs.org/enhanced-resolve 135ms (cache miss)
872 silly packumentCache full:https://registry.npmjs.org/enhanced-resolve set size:undefined disposed:false
873 silly fetch manifest strip-ansi@^6.0.0
874 silly packumentCache full:https://registry.npmjs.org/strip-ansi cache-miss
875 http fetch GET 200 https://registry.npmjs.org/@webassemblyjs%2fwasm-edit 85ms (cache miss)
876 silly packumentCache full:https://registry.npmjs.org/@webassemblyjs%2fwasm-edit set size:undefined disposed:false
877 silly fetch manifest log-symbols@^4.1.0
878 silly packumentCache full:https://registry.npmjs.org/log-symbols cache-miss
879 http cache https://registry.npmjs.org/chalk 28ms (cache hit)
880 silly packumentCache full:https://registry.npmjs.org/chalk set size:134775 disposed:false
881 silly fetch manifest cli-spinners@^2.5.0
882 silly packumentCache full:https://registry.npmjs.org/cli-spinners cache-miss
883 http fetch GET 200 https://registry.npmjs.org/path-scurry 72ms (cache miss)
884 silly packumentCache full:https://registry.npmjs.org/path-scurry set size:undefined disposed:false
885 silly fetch manifest is-interactive@^1.0.0
886 silly packumentCache full:https://registry.npmjs.org/is-interactive cache-miss
887 http fetch GET 200 https://registry.npmjs.org/@webassemblyjs%2fwasm-parser 92ms (cache miss)
888 silly packumentCache full:https://registry.npmjs.org/@webassemblyjs%2fwasm-parser set size:undefined disposed:false
889 silly fetch manifest is-unicode-supported@^0.1.0
890 silly packumentCache full:https://registry.npmjs.org/is-unicode-supported cache-miss
891 http fetch GET 200 https://registry.npmjs.org/wcwidth 61ms (cache miss)
892 silly packumentCache full:https://registry.npmjs.org/wcwidth set size:undefined disposed:false
893 silly fetch manifest enhanced-resolve@^5.7.0
894 silly packumentCache full:https://registry.npmjs.org/enhanced-resolve cache-miss
895 http fetch GET 200 https://registry.npmjs.org/cli-cursor 60ms (cache miss)
896 silly packumentCache full:https://registry.npmjs.org/cli-cursor set size:undefined disposed:false
897 http fetch GET 200 https://registry.npmjs.org/minipass 86ms (cache miss)
898 silly packumentCache full:https://registry.npmjs.org/minipass set size:undefined disposed:false
899 http fetch GET 200 https://registry.npmjs.org/lodash 83ms (cache miss)
900 silly packumentCache full:https://registry.npmjs.org/lodash set size:undefined disposed:false
901 http fetch GET 200 https://registry.npmjs.org/bl 85ms (cache miss)
902 silly packumentCache full:https://registry.npmjs.org/bl set size:undefined disposed:false
903 http fetch GET 200 https://registry.npmjs.org/strip-ansi 73ms (cache miss)
904 silly packumentCache full:https://registry.npmjs.org/strip-ansi set size:undefined disposed:false
905 http cache https://registry.npmjs.org/enhanced-resolve 51ms (cache hit)
906 silly packumentCache full:https://registry.npmjs.org/enhanced-resolve set size:482889 disposed:false
907 http fetch GET 200 https://registry.npmjs.org/cli-spinners 92ms (cache miss)
908 silly packumentCache full:https://registry.npmjs.org/cli-spinners set size:undefined disposed:false
909 http fetch GET 200 https://registry.npmjs.org/is-interactive 70ms (cache miss)
910 silly packumentCache full:https://registry.npmjs.org/is-interactive set size:undefined disposed:false
911 http fetch GET 200 https://registry.npmjs.org/is-unicode-supported 67ms (cache miss)
912 silly packumentCache full:https://registry.npmjs.org/is-unicode-supported set size:undefined disposed:false
913 http fetch GET 200 https://registry.npmjs.org/terser-webpack-plugin 199ms (cache miss)
914 silly packumentCache full:https://registry.npmjs.org/terser-webpack-plugin set size:undefined disposed:false
915 http fetch GET 200 https://registry.npmjs.org/log-symbols 132ms (cache miss)
916 silly packumentCache full:https://registry.npmjs.org/log-symbols set size:undefined disposed:false
917 silly placeDep ROOT ajv@8.18.0 OK for: @angular-devkit/core@19.2.27 want: 8.18.0
918 silly placeDep ROOT ajv-formats@3.0.1 OK for: @angular-devkit/core@19.2.27 want: 3.0.1
919 silly placeDep ROOT jsonc-parser@3.3.1 OK for: @angular-devkit/core@19.2.27 want: 3.3.1
920 silly placeDep ROOT picomatch@4.0.4 OK for: @angular-devkit/core@19.2.27 want: 4.0.4
921 silly placeDep node_modules/@angular-devkit/core rxjs@7.8.1 OK for: @angular-devkit/core@19.2.27 want: 7.8.1
922 silly placeDep ROOT source-map@0.7.4 OK for: @angular-devkit/core@19.2.27 want: 0.7.4
923 silly fetch manifest fast-uri@^3.0.1
924 silly packumentCache full:https://registry.npmjs.org/fast-uri cache-miss
925 silly fetch manifest fast-deep-equal@^3.1.3
926 silly packumentCache full:https://registry.npmjs.org/fast-deep-equal cache-miss
927 silly fetch manifest require-from-string@^2.0.2
928 silly packumentCache full:https://registry.npmjs.org/require-from-string cache-miss
929 silly fetch manifest json-schema-traverse@^1.0.0
930 silly packumentCache full:https://registry.npmjs.org/json-schema-traverse cache-miss
931 http fetch GET 200 https://registry.npmjs.org/require-from-string 49ms (cache miss)
932 silly packumentCache full:https://registry.npmjs.org/require-from-string set size:undefined disposed:false
933 http fetch GET 200 https://registry.npmjs.org/fast-deep-equal 54ms (cache miss)
934 silly packumentCache full:https://registry.npmjs.org/fast-deep-equal set size:undefined disposed:false
935 http fetch GET 200 https://registry.npmjs.org/fast-uri 57ms (cache miss)
936 silly packumentCache full:https://registry.npmjs.org/fast-uri set size:undefined disposed:false
937 http fetch GET 200 https://registry.npmjs.org/json-schema-traverse 60ms (cache miss)
938 silly packumentCache full:https://registry.npmjs.org/json-schema-traverse set size:undefined disposed:false
939 silly placeDep ROOT magic-string@0.30.17 OK for: @angular-devkit/schematics@19.2.27 want: 0.30.17
940 silly placeDep node_modules/@angular-devkit/schematics rxjs@7.8.1 OK for: @angular-devkit/schematics@19.2.27 want: 7.8.1
941 silly fetch manifest @jridgewell/sourcemap-codec@^1.5.0
942 silly packumentCache full:https://registry.npmjs.org/@jridgewell%2fsourcemap-codec cache-miss
943 http fetch GET 200 https://registry.npmjs.org/@jridgewell%2fsourcemap-codec 52ms (cache miss)
944 silly packumentCache full:https://registry.npmjs.org/@jridgewell%2fsourcemap-codec set size:undefined disposed:false
945 silly placeDep node_modules/@angular-devkit/schematics-cli @inquirer/prompts@7.3.2 OK for: @angular-devkit/schematics-cli@19.2.27 want: 7.3.2
946 silly placeDep ROOT ansi-colors@4.1.3 OK for: @angular-devkit/schematics-cli@19.2.27 want: 4.1.3
947 silly placeDep ROOT symbol-observable@4.0.0 OK for: @angular-devkit/schematics-cli@19.2.27 want: 4.0.0
948 silly placeDep ROOT yargs-parser@21.1.1 OK for: @angular-devkit/schematics-cli@19.2.27 want: 21.1.1
949 silly fetch manifest @inquirer/input@^4.1.6
950 silly packumentCache full:https://registry.npmjs.org/@inquirer%2finput cache-miss
951 silly fetch manifest @inquirer/editor@^4.2.7
952 silly packumentCache full:https://registry.npmjs.org/@inquirer%2feditor cache-miss
953 silly fetch manifest @inquirer/expand@^4.0.9
954 silly packumentCache full:https://registry.npmjs.org/@inquirer%2fexpand cache-miss
955 silly fetch manifest @inquirer/number@^3.0.9
956 silly packumentCache full:https://registry.npmjs.org/@inquirer%2fnumber cache-miss
957 silly fetch manifest @inquirer/search@^3.0.9
958 silly packumentCache full:https://registry.npmjs.org/@inquirer%2fsearch cache-miss
959 silly fetch manifest @inquirer/select@^4.0.9
960 silly packumentCache full:https://registry.npmjs.org/@inquirer%2fselect cache-miss
961 silly fetch manifest @inquirer/confirm@^5.1.6
962 silly packumentCache full:https://registry.npmjs.org/@inquirer%2fconfirm cache-miss
963 silly fetch manifest @inquirer/rawlist@^4.0.9
964 silly packumentCache full:https://registry.npmjs.org/@inquirer%2frawlist cache-miss
965 silly fetch manifest @inquirer/checkbox@^4.1.2
966 silly packumentCache full:https://registry.npmjs.org/@inquirer%2fcheckbox cache-miss
967 silly fetch manifest @inquirer/password@^4.0.9
968 silly packumentCache full:https://registry.npmjs.org/@inquirer%2fpassword cache-miss
969 http cache https://registry.npmjs.org/@inquirer%2fnumber 21ms (cache hit)
970 silly packumentCache full:https://registry.npmjs.org/@inquirer%2fnumber set size:150635 disposed:false
971 http cache https://registry.npmjs.org/@inquirer%2fsearch 24ms (cache hit)
972 silly packumentCache full:https://registry.npmjs.org/@inquirer%2fsearch set size:151432 disposed:false
973 http cache https://registry.npmjs.org/@inquirer%2finput 29ms (cache hit)
974 silly packumentCache full:https://registry.npmjs.org/@inquirer%2finput set size:327465 disposed:false
975 http cache https://registry.npmjs.org/@inquirer%2feditor 35ms (cache hit)
976 silly packumentCache full:https://registry.npmjs.org/@inquirer%2feditor set size:331100 disposed:false
977 http cache https://registry.npmjs.org/@inquirer%2fexpand 38ms (cache hit)
978 silly packumentCache full:https://registry.npmjs.org/@inquirer%2fexpand set size:330183 disposed:false
979 http cache https://registry.npmjs.org/@inquirer%2fconfirm 42ms (cache hit)
980 silly packumentCache full:https://registry.npmjs.org/@inquirer%2fconfirm set size:329757 disposed:false
981 http cache https://registry.npmjs.org/@inquirer%2fselect 46ms (cache hit)
982 silly packumentCache full:https://registry.npmjs.org/@inquirer%2fselect set size:343709 disposed:false
983 http cache https://registry.npmjs.org/@inquirer%2frawlist 50ms (cache hit)
984 silly packumentCache full:https://registry.npmjs.org/@inquirer%2frawlist set size:297038 disposed:false
985 http cache https://registry.npmjs.org/@inquirer%2fcheckbox 52ms (cache hit)
986 silly packumentCache full:https://registry.npmjs.org/@inquirer%2fcheckbox set size:354854 disposed:false
987 http cache https://registry.npmjs.org/@inquirer%2fpassword 57ms (cache hit)
988 silly packumentCache full:https://registry.npmjs.org/@inquirer%2fpassword set size:328082 disposed:false
989 silly placeDep ROOT @inquirer/checkbox@4.3.2 OK for: @inquirer/prompts@7.10.1 want: ^4.3.2
990 silly placeDep ROOT @inquirer/confirm@5.1.21 OK for: @inquirer/prompts@7.10.1 want: ^5.1.21
991 silly placeDep ROOT @inquirer/editor@4.2.23 OK for: @inquirer/prompts@7.10.1 want: ^4.2.23
992 silly placeDep ROOT @inquirer/expand@4.0.23 OK for: @inquirer/prompts@7.10.1 want: ^4.0.23
993 silly placeDep ROOT @inquirer/input@4.3.1 OK for: @inquirer/prompts@7.10.1 want: ^4.3.1
994 silly placeDep ROOT @inquirer/number@3.0.23 OK for: @inquirer/prompts@7.10.1 want: ^3.0.23
995 silly placeDep ROOT @inquirer/password@4.0.23 OK for: @inquirer/prompts@7.10.1 want: ^4.0.23
996 silly placeDep ROOT @inquirer/rawlist@4.1.11 OK for: @inquirer/prompts@7.10.1 want: ^4.1.11
997 silly placeDep ROOT @inquirer/search@3.2.2 OK for: @inquirer/prompts@7.10.1 want: ^3.2.2
998 silly placeDep ROOT @inquirer/select@4.4.2 OK for: @inquirer/prompts@7.10.1 want: ^4.4.2
999 silly fetch manifest @inquirer/ansi@^1.0.2
1000 silly packumentCache full:https://registry.npmjs.org/@inquirer%2fansi cache-miss
1001 silly fetch manifest @inquirer/core@^10.3.2
1002 silly packumentCache full:https://registry.npmjs.org/@inquirer%2fcore cache-miss
1003 silly fetch manifest @inquirer/type@^3.0.10
1004 silly packumentCache full:https://registry.npmjs.org/@inquirer%2ftype cache-miss
1005 silly fetch manifest yoctocolors-cjs@^2.1.3
1006 silly packumentCache full:https://registry.npmjs.org/yoctocolors-cjs cache-miss
1007 silly fetch manifest @inquirer/figures@^1.0.15
1008 silly packumentCache full:https://registry.npmjs.org/@inquirer%2ffigures cache-miss
1009 silly fetch manifest @inquirer/core@^10.3.2
1010 silly packumentCache full:https://registry.npmjs.org/@inquirer%2fcore cache-miss
1011 silly fetch manifest @inquirer/type@^3.0.10
1012 silly packumentCache full:https://registry.npmjs.org/@inquirer%2ftype cache-miss
1013 silly fetch manifest @inquirer/core@^10.3.2
1014 silly packumentCache full:https://registry.npmjs.org/@inquirer%2fcore cache-miss
1015 silly fetch manifest @inquirer/type@^3.0.10
1016 silly packumentCache full:https://registry.npmjs.org/@inquirer%2ftype cache-miss
1017 silly fetch manifest @inquirer/external-editor@^1.0.3
1018 silly packumentCache full:https://registry.npmjs.org/@inquirer%2fexternal-editor cache-miss
1019 silly fetch manifest @inquirer/core@^10.3.2
1020 silly packumentCache full:https://registry.npmjs.org/@inquirer%2fcore cache-miss
1021 http fetch GET 200 https://registry.npmjs.org/yoctocolors-cjs 47ms (cache miss)
1022 silly packumentCache full:https://registry.npmjs.org/yoctocolors-cjs set size:undefined disposed:false
1023 silly fetch manifest @inquirer/type@^3.0.10
1024 silly packumentCache full:https://registry.npmjs.org/@inquirer%2ftype cache-miss
1025 http fetch GET 200 https://registry.npmjs.org/@inquirer%2ftype 83ms (cache miss)
1026 silly packumentCache full:https://registry.npmjs.org/@inquirer%2ftype set size:undefined disposed:false
1027 silly fetch manifest @inquirer/core@^10.3.2
1028 silly packumentCache full:https://registry.npmjs.org/@inquirer%2fcore cache-miss
1029 http fetch GET 200 https://registry.npmjs.org/@inquirer%2ffigures 88ms (cache miss)
1030 silly packumentCache full:https://registry.npmjs.org/@inquirer%2ffigures set size:undefined disposed:false
1031 silly fetch manifest @inquirer/core@^10.3.2
1032 silly packumentCache full:https://registry.npmjs.org/@inquirer%2fcore cache-miss
1033 http fetch GET 200 https://registry.npmjs.org/@inquirer%2ftype 92ms (cache miss)
1034 silly packumentCache full:https://registry.npmjs.org/@inquirer%2ftype set size:undefined disposed:false
1035 silly fetch manifest @inquirer/ansi@^1.0.2
1036 silly packumentCache full:https://registry.npmjs.org/@inquirer%2fansi cache-miss
1037 http fetch GET 200 https://registry.npmjs.org/@inquirer%2ftype 97ms (cache miss)
1038 silly packumentCache full:https://registry.npmjs.org/@inquirer%2ftype set size:undefined disposed:false
1039 silly fetch manifest @inquirer/core@^10.3.2
1040 silly packumentCache full:https://registry.npmjs.org/@inquirer%2fcore cache-miss
1041 http fetch GET 200 https://registry.npmjs.org/@inquirer%2fcore 104ms (cache miss)
1042 silly packumentCache full:https://registry.npmjs.org/@inquirer%2fcore set size:undefined disposed:false
1043 silly fetch manifest @inquirer/ansi@^1.0.2
1044 silly packumentCache full:https://registry.npmjs.org/@inquirer%2fansi cache-miss
1045 http fetch GET 200 https://registry.npmjs.org/@inquirer%2fcore 111ms (cache miss)
1046 silly packumentCache full:https://registry.npmjs.org/@inquirer%2fcore set size:undefined disposed:false
1047 http fetch GET 200 https://registry.npmjs.org/@inquirer%2fcore 115ms (cache miss)
1048 silly packumentCache full:https://registry.npmjs.org/@inquirer%2fcore set size:undefined disposed:false
1049 http fetch GET 200 https://registry.npmjs.org/@inquirer%2ftype 76ms (cache miss)
1050 silly packumentCache full:https://registry.npmjs.org/@inquirer%2ftype set size:undefined disposed:false
1051 http fetch GET 200 https://registry.npmjs.org/@inquirer%2fansi 144ms (cache miss)
1052 silly packumentCache full:https://registry.npmjs.org/@inquirer%2fansi set size:undefined disposed:false
1053 http fetch GET 200 https://registry.npmjs.org/@inquirer%2fansi 62ms (cache miss)
1054 silly packumentCache full:https://registry.npmjs.org/@inquirer%2fansi set size:undefined disposed:false
1055 http fetch GET 200 https://registry.npmjs.org/@inquirer%2fexternal-editor 164ms (cache miss)
1056 silly packumentCache full:https://registry.npmjs.org/@inquirer%2fexternal-editor set size:undefined disposed:false
1057 http fetch GET 200 https://registry.npmjs.org/@inquirer%2fcore 83ms (cache miss)
1058 silly packumentCache full:https://registry.npmjs.org/@inquirer%2fcore set size:undefined disposed:false
1059 http fetch GET 200 https://registry.npmjs.org/@inquirer%2fcore 85ms (cache miss)
1060 silly packumentCache full:https://registry.npmjs.org/@inquirer%2fcore set size:undefined disposed:false
1061 http fetch GET 200 https://registry.npmjs.org/@inquirer%2fansi 71ms (cache miss)
1062 silly packumentCache full:https://registry.npmjs.org/@inquirer%2fansi set size:undefined disposed:false
1063 http fetch GET 200 https://registry.npmjs.org/@inquirer%2fcore 87ms (cache miss)
1064 silly packumentCache full:https://registry.npmjs.org/@inquirer%2fcore set size:undefined disposed:false
1065 http fetch GET 200 https://registry.npmjs.org/@inquirer%2fcore 188ms (cache miss)
1066 silly packumentCache full:https://registry.npmjs.org/@inquirer%2fcore set size:undefined disposed:false
1067 silly placeDep ROOT @inquirer/ansi@1.0.2 OK for: @inquirer/checkbox@4.3.2 want: ^1.0.2
1068 silly placeDep ROOT @inquirer/core@10.3.2 OK for: @inquirer/checkbox@4.3.2 want: ^10.3.2
1069 silly placeDep ROOT @inquirer/figures@1.0.15 OK for: @inquirer/checkbox@4.3.2 want: ^1.0.15
1070 silly placeDep ROOT @inquirer/type@3.0.10 OK for: @inquirer/checkbox@4.3.2 want: ^3.0.10
1071 silly placeDep ROOT yoctocolors-cjs@2.1.3 OK for: @inquirer/checkbox@4.3.2 want: ^2.1.3
1072 silly fetch manifest cli-width@^4.1.0
1073 silly packumentCache full:https://registry.npmjs.org/cli-width cache-miss
1074 silly fetch manifest wrap-ansi@^6.2.0
1075 silly packumentCache full:https://registry.npmjs.org/wrap-ansi cache-miss
1076 silly fetch manifest mute-stream@^2.0.0
1077 silly packumentCache full:https://registry.npmjs.org/mute-stream cache-miss
1078 silly fetch manifest signal-exit@^4.1.0
1079 silly packumentCache full:https://registry.npmjs.org/signal-exit cache-miss
1080 http fetch GET 200 https://registry.npmjs.org/signal-exit 46ms (cache miss)
1081 silly packumentCache full:https://registry.npmjs.org/signal-exit set size:undefined disposed:false
1082 http fetch GET 200 https://registry.npmjs.org/mute-stream 48ms (cache miss)
1083 silly packumentCache full:https://registry.npmjs.org/mute-stream set size:undefined disposed:false
1084 http fetch GET 200 https://registry.npmjs.org/cli-width 50ms (cache miss)
1085 silly packumentCache full:https://registry.npmjs.org/cli-width set size:undefined disposed:false
1086 http fetch GET 200 https://registry.npmjs.org/wrap-ansi 50ms (cache miss)
1087 silly packumentCache full:https://registry.npmjs.org/wrap-ansi set size:undefined disposed:false
1088 silly placeDep ROOT cli-width@4.1.0 OK for: @inquirer/core@10.3.2 want: ^4.1.0
1089 silly placeDep ROOT mute-stream@2.0.0 OK for: @inquirer/core@10.3.2 want: ^2.0.0
1090 silly placeDep ROOT signal-exit@4.1.0 OK for: @inquirer/core@10.3.2 want: ^4.1.0
1091 silly placeDep ROOT wrap-ansi@6.2.0 OK for: @inquirer/core@10.3.2 want: ^6.2.0
1092 silly fetch manifest ansi-styles@^4.0.0
1093 silly packumentCache full:https://registry.npmjs.org/ansi-styles cache-miss
1094 silly fetch manifest string-width@^4.1.0
1095 silly packumentCache full:https://registry.npmjs.org/string-width cache-miss
1096 http cache https://registry.npmjs.org/string-width 10ms (cache hit)
1097 silly packumentCache full:https://registry.npmjs.org/string-width set size:72458 disposed:false
1098 http fetch GET 200 https://registry.npmjs.org/ansi-styles 42ms (cache miss)
1099 silly packumentCache full:https://registry.npmjs.org/ansi-styles set size:undefined disposed:false
1100 silly placeDep ROOT @inquirer/external-editor@1.0.3 OK for: @inquirer/editor@4.2.23 want: ^1.0.3
1101 silly fetch manifest chardet@^2.1.1
1102 silly packumentCache full:https://registry.npmjs.org/chardet cache-miss
1103 silly fetch manifest iconv-lite@^0.7.0
1104 silly packumentCache full:https://registry.npmjs.org/iconv-lite cache-miss
1105 http fetch GET 200 https://registry.npmjs.org/iconv-lite 49ms (cache miss)
1106 silly packumentCache full:https://registry.npmjs.org/iconv-lite set size:undefined disposed:false
1107 http fetch GET 200 https://registry.npmjs.org/chardet 57ms (cache miss)
1108 silly packumentCache full:https://registry.npmjs.org/chardet set size:undefined disposed:false
1109 silly placeDep ROOT chardet@2.2.0 OK for: @inquirer/external-editor@1.0.3 want: ^2.1.1
1110 silly placeDep ROOT iconv-lite@0.7.3 OK for: @inquirer/external-editor@1.0.3 want: ^0.7.0
1111 silly fetch manifest safer-buffer@>= 2.1.2 < 3.0.0
1112 silly packumentCache full:https://registry.npmjs.org/safer-buffer cache-miss
1113 http fetch GET 200 https://registry.npmjs.org/safer-buffer 47ms (cache miss)
1114 silly packumentCache full:https://registry.npmjs.org/safer-buffer set size:undefined disposed:false
1115 silly placeDep ROOT file-type@21.3.4 OK for: @nestjs/common@11.2.3 want: 21.3.4
1116 silly placeDep ROOT iterare@1.2.1 OK for: @nestjs/common@11.2.3 want: 1.2.1
1117 silly placeDep ROOT load-esm@1.0.3 OK for: @nestjs/common@11.2.3 want: 1.0.3
1118 silly placeDep ROOT tslib@2.8.1 OK for: @nestjs/common@11.2.3 want: 2.8.1
1119 silly placeDep ROOT uid@2.0.2 OK for: @nestjs/common@11.2.3 want: 2.0.2
1120 silly fetch manifest strtok3@^10.3.4
1121 silly packumentCache full:https://registry.npmjs.org/strtok3 cache-miss
1122 silly fetch manifest token-types@^6.1.1
1123 silly packumentCache full:https://registry.npmjs.org/token-types cache-miss
1124 silly fetch manifest uint8array-extras@^1.4.0
1125 silly packumentCache full:https://registry.npmjs.org/uint8array-extras cache-miss
1126 silly fetch manifest @tokenizer/inflate@^0.4.1
1127 silly packumentCache full:https://registry.npmjs.org/@tokenizer%2finflate cache-miss
1128 silly fetch manifest @lukeed/csprng@^1.0.0
1129 silly packumentCache full:https://registry.npmjs.org/@lukeed%2fcsprng cache-miss
1130 http fetch GET 200 https://registry.npmjs.org/uint8array-extras 50ms (cache miss)
1131 silly packumentCache full:https://registry.npmjs.org/uint8array-extras set size:undefined disposed:false
1132 http fetch GET 200 https://registry.npmjs.org/@tokenizer%2finflate 71ms (cache miss)
1133 silly packumentCache full:https://registry.npmjs.org/@tokenizer%2finflate set size:undefined disposed:false
1134 http fetch GET 200 https://registry.npmjs.org/@lukeed%2fcsprng 79ms (cache miss)
1135 silly packumentCache full:https://registry.npmjs.org/@lukeed%2fcsprng set size:undefined disposed:false
1136 http fetch GET 200 https://registry.npmjs.org/token-types 128ms (cache miss)
1137 silly packumentCache full:https://registry.npmjs.org/token-types set size:undefined disposed:false
1138 http fetch GET 200 https://registry.npmjs.org/strtok3 151ms (cache miss)
1139 silly packumentCache full:https://registry.npmjs.org/strtok3 set size:undefined disposed:false
1140 silly placeDep ROOT fast-safe-stringify@2.1.1 OK for: @nestjs/core@11.2.3 want: 2.1.1
1141 silly placeDep ROOT path-to-regexp@8.4.2 OK for: @nestjs/core@11.2.3 want: 8.4.2
1142 silly placeDep ROOT cors@2.8.6 OK for: @nestjs/platform-express@11.2.3 want: 2.8.6
1143 silly placeDep ROOT express@5.2.1 OK for: @nestjs/platform-express@11.2.3 want: 5.2.1
1144 silly placeDep ROOT multer@2.2.0 OK for: @nestjs/platform-express@11.2.3 want: 2.2.0
1145 silly fetch manifest object-assign@^4
1146 silly packumentCache full:https://registry.npmjs.org/object-assign cache-miss
1147 silly fetch manifest vary@^1
1148 silly packumentCache full:https://registry.npmjs.org/vary cache-miss
1149 silly fetch manifest qs@^6.14.0
1150 silly packumentCache full:https://registry.npmjs.org/qs cache-miss
1151 silly fetch manifest depd@^2.0.0
1152 silly packumentCache full:https://registry.npmjs.org/depd cache-miss
1153 silly fetch manifest etag@^1.8.1
1154 silly packumentCache full:https://registry.npmjs.org/etag cache-miss
1155 silly fetch manifest once@^1.4.0
1156 silly packumentCache full:https://registry.npmjs.org/once cache-miss
1157 silly fetch manifest send@^1.1.0
1158 silly packumentCache full:https://registry.npmjs.org/send cache-miss
1159 silly fetch manifest vary@^1.1.2
1160 silly packumentCache full:https://registry.npmjs.org/vary cache-miss
1161 silly fetch manifest debug@^4.4.0
1162 silly packumentCache full:https://registry.npmjs.org/debug cache-miss
1163 silly fetch manifest fresh@^2.0.0
1164 silly packumentCache full:https://registry.npmjs.org/fresh cache-miss
1165 silly fetch manifest cookie@^0.7.1
1166 silly packumentCache full:https://registry.npmjs.org/cookie cache-miss
1167 http cache https://registry.npmjs.org/debug 15ms (cache hit)
1168 silly packumentCache full:https://registry.npmjs.org/debug set size:195840 disposed:false
1169 silly fetch manifest router@^2.2.0
1170 silly packumentCache full:https://registry.npmjs.org/router cache-miss
1171 http fetch GET 200 https://registry.npmjs.org/etag 65ms (cache miss)
1172 silly packumentCache full:https://registry.npmjs.org/etag set size:undefined disposed:false
1173 silly fetch manifest accepts@^2.0.0
1174 silly packumentCache full:https://registry.npmjs.org/accepts cache-miss
1175 http fetch GET 200 https://registry.npmjs.org/once 69ms (cache miss)
1176 silly packumentCache full:https://registry.npmjs.org/once set size:undefined disposed:false
1177 silly fetch manifest type-is@^2.0.1
1178 silly packumentCache full:https://registry.npmjs.org/type-is cache-miss
1179 http fetch GET 200 https://registry.npmjs.org/object-assign 72ms (cache miss)
1180 silly packumentCache full:https://registry.npmjs.org/object-assign set size:undefined disposed:false
1181 silly fetch manifest parseurl@^1.3.3
1182 silly packumentCache full:https://registry.npmjs.org/parseurl cache-miss
1183 http fetch GET 200 https://registry.npmjs.org/fresh 72ms (cache miss)
1184 silly packumentCache full:https://registry.npmjs.org/fresh set size:undefined disposed:false
1185 silly fetch manifest statuses@^2.0.1
1186 silly packumentCache full:https://registry.npmjs.org/statuses cache-miss
1187 http fetch GET 200 https://registry.npmjs.org/vary 76ms (cache miss)
1188 silly packumentCache full:https://registry.npmjs.org/vary set size:undefined disposed:false
1189 silly fetch manifest encodeurl@^2.0.0
1190 silly packumentCache full:https://registry.npmjs.org/encodeurl cache-miss
1191 http fetch GET 200 https://registry.npmjs.org/depd 81ms (cache miss)
1192 silly packumentCache full:https://registry.npmjs.org/depd set size:undefined disposed:false
1193 silly fetch manifest mime-types@^3.0.0
1194 silly packumentCache full:https://registry.npmjs.org/mime-types cache-miss
1195 http fetch GET 200 https://registry.npmjs.org/cookie 84ms (cache miss)
1196 silly packumentCache full:https://registry.npmjs.org/cookie set size:undefined disposed:false
1197 silly fetch manifest proxy-addr@^2.0.7
1198 silly packumentCache full:https://registry.npmjs.org/proxy-addr cache-miss
1199 http fetch GET 200 https://registry.npmjs.org/vary 90ms (cache miss)
1200 silly packumentCache full:https://registry.npmjs.org/vary set size:undefined disposed:false
1201 silly fetch manifest body-parser@^2.2.1
1202 silly packumentCache full:https://registry.npmjs.org/body-parser cache-miss
1203 http fetch GET 200 https://registry.npmjs.org/send 95ms (cache miss)
1204 silly packumentCache full:https://registry.npmjs.org/send set size:undefined disposed:false
1205 silly fetch manifest escape-html@^1.0.3
1206 silly packumentCache full:https://registry.npmjs.org/escape-html cache-miss
1207 http fetch GET 200 https://registry.npmjs.org/router 82ms (cache miss)
1208 silly packumentCache full:https://registry.npmjs.org/router set size:undefined disposed:false
1209 silly fetch manifest http-errors@^2.0.0
1210 silly packumentCache full:https://registry.npmjs.org/http-errors cache-miss
1211 http fetch GET 200 https://registry.npmjs.org/qs 113ms (cache miss)
1212 silly packumentCache full:https://registry.npmjs.org/qs set size:undefined disposed:false
1213 silly fetch manifest on-finished@^2.4.1
1214 silly packumentCache full:https://registry.npmjs.org/on-finished cache-miss
1215 http fetch GET 200 https://registry.npmjs.org/type-is 62ms (cache miss)
1216 silly packumentCache full:https://registry.npmjs.org/type-is set size:undefined disposed:false
1217 silly fetch manifest content-type@^1.0.5
1218 silly packumentCache full:https://registry.npmjs.org/content-type cache-miss
1219 http fetch GET 200 https://registry.npmjs.org/accepts 76ms (cache miss)
1220 silly packumentCache full:https://registry.npmjs.org/accepts set size:undefined disposed:false
1221 silly fetch manifest finalhandler@^2.1.0
1222 silly packumentCache full:https://registry.npmjs.org/finalhandler cache-miss
1223 http fetch GET 200 https://registry.npmjs.org/parseurl 74ms (cache miss)
1224 silly packumentCache full:https://registry.npmjs.org/parseurl set size:undefined disposed:false
1225 silly fetch manifest range-parser@^1.2.1
1226 silly packumentCache full:https://registry.npmjs.org/range-parser cache-miss
1227 http fetch GET 200 https://registry.npmjs.org/encodeurl 75ms (cache miss)
1228 silly packumentCache full:https://registry.npmjs.org/encodeurl set size:undefined disposed:false
1229 silly fetch manifest serve-static@^2.2.0
1230 silly packumentCache full:https://registry.npmjs.org/serve-static cache-miss
1231 http fetch GET 200 https://registry.npmjs.org/statuses 85ms (cache miss)
1232 silly packumentCache full:https://registry.npmjs.org/statuses set size:undefined disposed:false
1233 silly fetch manifest cookie-signature@^1.2.1
1234 silly packumentCache full:https://registry.npmjs.org/cookie-signature cache-miss
1235 http fetch GET 200 https://registry.npmjs.org/mime-types 83ms (cache miss)
1236 silly packumentCache full:https://registry.npmjs.org/mime-types set size:undefined disposed:false
1237 silly fetch manifest merge-descriptors@^2.0.0
1238 silly packumentCache full:https://registry.npmjs.org/merge-descriptors cache-miss
1239 http fetch GET 200 https://registry.npmjs.org/escape-html 77ms (cache miss)
1240 silly packumentCache full:https://registry.npmjs.org/escape-html set size:undefined disposed:false
1241 silly fetch manifest content-disposition@^1.0.0
1242 silly packumentCache full:https://registry.npmjs.org/content-disposition cache-miss
1243 http fetch GET 200 https://registry.npmjs.org/proxy-addr 90ms (cache miss)
1244 silly packumentCache full:https://registry.npmjs.org/proxy-addr set size:undefined disposed:false
1245 silly fetch manifest busboy@^1.6.0
1246 silly packumentCache full:https://registry.npmjs.org/busboy cache-miss
1247 http fetch GET 200 https://registry.npmjs.org/on-finished 67ms (cache miss)
1248 silly packumentCache full:https://registry.npmjs.org/on-finished set size:undefined disposed:false
1249 silly fetch manifest type-is@^1.6.18
1250 silly packumentCache full:https://registry.npmjs.org/type-is cache-miss
1251 http fetch GET 200 https://registry.npmjs.org/http-errors 92ms (cache miss)
1252 silly packumentCache full:https://registry.npmjs.org/http-errors set size:undefined disposed:false
1253 silly fetch manifest append-field@^1.0.0
1254 silly packumentCache full:https://registry.npmjs.org/append-field cache-miss
1255 http fetch GET 200 https://registry.npmjs.org/body-parser 116ms (cache miss)
1256 silly packumentCache full:https://registry.npmjs.org/body-parser set size:undefined disposed:false
1257 silly fetch manifest concat-stream@^2.0.0
1258 silly packumentCache full:https://registry.npmjs.org/concat-stream cache-miss
1259 http cache https://registry.npmjs.org/type-is 37ms (cache hit)
1260 silly packumentCache full:https://registry.npmjs.org/type-is set size:88614 disposed:false
1261 http fetch GET 200 https://registry.npmjs.org/range-parser 79ms (cache miss)
1262 silly packumentCache full:https://registry.npmjs.org/range-parser set size:undefined disposed:false
1263 http fetch GET 200 https://registry.npmjs.org/content-type 92ms (cache miss)
1264 silly packumentCache full:https://registry.npmjs.org/content-type set size:undefined disposed:false
1265 http fetch GET 200 https://registry.npmjs.org/cookie-signature 70ms (cache miss)
1266 silly packumentCache full:https://registry.npmjs.org/cookie-signature set size:undefined disposed:false
1267 http fetch GET 200 https://registry.npmjs.org/finalhandler 89ms (cache miss)
1268 silly packumentCache full:https://registry.npmjs.org/finalhandler set size:undefined disposed:false
1269 http fetch GET 200 https://registry.npmjs.org/merge-descriptors 73ms (cache miss)
1270 silly packumentCache full:https://registry.npmjs.org/merge-descriptors set size:undefined disposed:false
1271 http fetch GET 200 https://registry.npmjs.org/serve-static 87ms (cache miss)
1272 silly packumentCache full:https://registry.npmjs.org/serve-static set size:undefined disposed:false
1273 http fetch GET 200 https://registry.npmjs.org/busboy 66ms (cache miss)
1274 silly packumentCache full:https://registry.npmjs.org/busboy set size:undefined disposed:false
1275 http fetch GET 200 https://registry.npmjs.org/content-disposition 71ms (cache miss)
1276 silly packumentCache full:https://registry.npmjs.org/content-disposition set size:undefined disposed:false
1277 http fetch GET 200 https://registry.npmjs.org/append-field 56ms (cache miss)
1278 silly packumentCache full:https://registry.npmjs.org/append-field set size:undefined disposed:false
1279 http fetch GET 200 https://registry.npmjs.org/concat-stream 48ms (cache miss)
1280 silly packumentCache full:https://registry.npmjs.org/concat-stream set size:undefined disposed:false
1281 silly fetch manifest chokidar@^4.0.0
1282 silly packumentCache full:https://registry.npmjs.org/chokidar cache-hit
1283 silly placeDep node_modules/@nestjs/schematics @angular-devkit/core@19.2.24 OK for: @nestjs/schematics@11.1.0 want: 19.2.24
1284 silly placeDep node_modules/@nestjs/schematics @angular-devkit/schematics@19.2.24 OK for: @nestjs/schematics@11.1.0 want: 19.2.24
1285 silly placeDep ROOT comment-json@5.0.0 OK for: @nestjs/schematics@11.1.0 want: 5.0.0
1286 silly placeDep ROOT pluralize@8.0.0 OK for: @nestjs/schematics@11.1.0 want: 8.0.0
1287 silly fetch manifest array-timsort@^1.0.3
1288 silly packumentCache full:https://registry.npmjs.org/array-timsort cache-miss
1289 silly fetch manifest esprima@^4.0.1
1290 silly packumentCache full:https://registry.npmjs.org/esprima cache-miss
1291 http fetch GET 200 https://registry.npmjs.org/esprima 52ms (cache miss)
1292 silly packumentCache full:https://registry.npmjs.org/esprima set size:undefined disposed:false
1293 http fetch GET 200 https://registry.npmjs.org/array-timsort 54ms (cache miss)
1294 silly packumentCache full:https://registry.npmjs.org/array-timsort set size:undefined disposed:false
1295 silly placeDep ROOT @types/body-parser@1.19.6 OK for: @types/express@5.0.6 want: *
1296 silly placeDep ROOT @types/express-serve-static-core@5.1.3 OK for: @types/express@5.0.6 want: ^5.0.0
1297 silly placeDep ROOT @types/serve-static@2.2.0 OK for: @types/express@5.0.6 want: ^2
1298 silly fetch manifest @types/connect@*
1299 silly packumentCache full:https://registry.npmjs.org/@types%2fconnect cache-miss
1300 silly fetch manifest @types/qs@*
1301 silly packumentCache full:https://registry.npmjs.org/@types%2fqs cache-miss
1302 silly fetch manifest @types/send@*
1303 silly packumentCache full:https://registry.npmjs.org/@types%2fsend cache-miss
1304 silly fetch manifest @types/range-parser@*
1305 silly packumentCache full:https://registry.npmjs.org/@types%2frange-parser cache-miss
1306 silly fetch manifest @types/http-errors@*
1307 silly packumentCache full:https://registry.npmjs.org/@types%2fhttp-errors cache-miss
1308 http fetch GET 200 https://registry.npmjs.org/@types%2frange-parser 48ms (cache miss)
1309 silly packumentCache full:https://registry.npmjs.org/@types%2frange-parser set size:undefined disposed:false
1310 http fetch GET 200 https://registry.npmjs.org/@types%2fconnect 51ms (cache miss)
1311 silly packumentCache full:https://registry.npmjs.org/@types%2fconnect set size:undefined disposed:false
1312 http fetch GET 200 https://registry.npmjs.org/@types%2fsend 62ms (cache miss)
1313 silly packumentCache full:https://registry.npmjs.org/@types%2fsend set size:undefined disposed:false
1314 http fetch GET 200 https://registry.npmjs.org/@types%2fhttp-errors 64ms (cache miss)
1315 silly packumentCache full:https://registry.npmjs.org/@types%2fhttp-errors set size:undefined disposed:false
1316 http fetch GET 200 https://registry.npmjs.org/@types%2fqs 92ms (cache miss)
1317 silly packumentCache full:https://registry.npmjs.org/@types%2fqs set size:undefined disposed:false
1318 silly placeDep ROOT @types/connect@3.4.38 OK for: @types/body-parser@1.19.6 want: *
1319 silly placeDep ROOT @types/qs@6.15.1 OK for: @types/express-serve-static-core@5.1.3 want: *
1320 silly placeDep ROOT @types/range-parser@1.2.7 OK for: @types/express-serve-static-core@5.1.3 want: *
1321 silly placeDep ROOT @types/send@1.2.1 OK for: @types/express-serve-static-core@5.1.3 want: *
1322 silly placeDep ROOT undici-types@6.21.0 OK for: @types/node@22.20.1 want: ~6.21.0
1323 silly placeDep ROOT @types/http-errors@2.0.5 OK for: @types/serve-static@2.2.0 want: *
1324 silly placeDep ROOT fast-deep-equal@3.1.3 OK for: ajv@8.18.0 want: ^3.1.3
1325 silly placeDep ROOT fast-uri@3.1.7 OK for: ajv@8.18.0 want: ^3.0.1
1326 silly placeDep ROOT json-schema-traverse@1.0.0 OK for: ajv@8.18.0 want: ^1.0.0
1327 silly placeDep ROOT require-from-string@2.0.2 OK for: ajv@8.18.0 want: ^2.0.2
1328 silly placeDep ROOT readdirp@4.1.2 OK for: chokidar@4.0.3 want: ^4.0.1
1329 silly placeDep ROOT @types/validator@13.15.10 OK for: class-validator@0.14.4 want: ^13.15.3
1330 silly placeDep ROOT libphonenumber-js@1.13.12 OK for: class-validator@0.14.4 want: ^1.11.1
1331 silly placeDep ROOT validator@13.15.35 OK for: class-validator@0.14.4 want: ^13.15.22
1332 silly placeDep ROOT @colors/colors@1.5.0 OK for: cli-table3@0.6.5 want: 1.5.0
1333 silly placeDep ROOT string-width@4.2.3 OK for: cli-table3@0.6.5 want: ^4.2.0
1334 silly fetch manifest strip-ansi@^6.0.1
1335 silly packumentCache full:https://registry.npmjs.org/strip-ansi cache-miss
1336 silly fetch manifest emoji-regex@^8.0.0
1337 silly packumentCache full:https://registry.npmjs.org/emoji-regex cache-miss
1338 silly fetch manifest is-fullwidth-code-point@^3.0.0
1339 silly packumentCache full:https://registry.npmjs.org/is-fullwidth-code-point cache-miss
1340 http cache https://registry.npmjs.org/strip-ansi 8ms (cache hit)
1341 silly packumentCache full:https://registry.npmjs.org/strip-ansi set size:44998 disposed:false
1342 http fetch GET 200 https://registry.npmjs.org/is-fullwidth-code-point 53ms (cache miss)
1343 silly packumentCache full:https://registry.npmjs.org/is-fullwidth-code-point set size:undefined disposed:false
1344 http fetch GET 200 https://registry.npmjs.org/emoji-regex 80ms (cache miss)
1345 silly packumentCache full:https://registry.npmjs.org/emoji-regex set size:undefined disposed:false
1346 silly placeDep ROOT array-timsort@1.0.3 OK for: comment-json@5.0.0 want: ^1.0.3
1347 silly placeDep ROOT esprima@4.0.1 OK for: comment-json@5.0.0 want: ^4.0.1
1348 silly placeDep ROOT object-assign@4.1.1 OK for: cors@2.8.6 want: ^4
1349 silly placeDep ROOT vary@1.1.2 OK for: cors@2.8.6 want: ^1
1350 silly placeDep ROOT accepts@2.0.0 OK for: express@5.2.1 want: ^2.0.0
1351 silly placeDep ROOT body-parser@2.3.0 OK for: express@5.2.1 want: ^2.2.1
1352 silly placeDep ROOT content-disposition@1.1.0 OK for: express@5.2.1 want: ^1.0.0
1353 silly placeDep ROOT content-type@1.0.5 OK for: express@5.2.1 want: ^1.0.5
1354 silly placeDep ROOT cookie@0.7.2 OK for: express@5.2.1 want: ^0.7.1
1355 silly placeDep ROOT cookie-signature@1.2.2 OK for: express@5.2.1 want: ^1.2.1
1356 silly placeDep ROOT debug@4.4.3 OK for: express@5.2.1 want: ^4.4.0
1357 silly placeDep ROOT depd@2.0.0 OK for: express@5.2.1 want: ^2.0.0
1358 silly placeDep ROOT encodeurl@2.0.0 OK for: express@5.2.1 want: ^2.0.0
1359 silly placeDep ROOT escape-html@1.0.3 OK for: express@5.2.1 want: ^1.0.3
1360 silly placeDep ROOT etag@1.8.1 OK for: express@5.2.1 want: ^1.8.1
1361 silly placeDep ROOT finalhandler@2.1.1 OK for: express@5.2.1 want: ^2.1.0
1362 silly placeDep ROOT fresh@2.0.0 OK for: express@5.2.1 want: ^2.0.0
1363 silly placeDep ROOT http-errors@2.0.1 OK for: express@5.2.1 want: ^2.0.0
1364 silly placeDep ROOT merge-descriptors@2.0.0 OK for: express@5.2.1 want: ^2.0.0
1365 silly placeDep ROOT mime-types@3.0.2 OK for: express@5.2.1 want: ^3.0.0
1366 silly placeDep ROOT on-finished@2.4.1 OK for: express@5.2.1 want: ^2.4.1
1367 silly placeDep ROOT once@1.4.0 OK for: express@5.2.1 want: ^1.4.0
1368 silly placeDep ROOT parseurl@1.3.3 OK for: express@5.2.1 want: ^1.3.3
1369 silly placeDep ROOT proxy-addr@2.0.7 OK for: express@5.2.1 want: ^2.0.7
1370 silly placeDep ROOT qs@6.16.0 OK for: express@5.2.1 want: ^6.14.0
1371 silly placeDep ROOT range-parser@1.3.0 OK for: express@5.2.1 want: ^1.2.1
1372 silly placeDep ROOT router@2.2.0 OK for: express@5.2.1 want: ^2.2.0
1373 silly placeDep ROOT send@1.2.1 OK for: express@5.2.1 want: ^1.1.0
1374 silly placeDep ROOT serve-static@2.2.1 OK for: express@5.2.1 want: ^2.2.0
1375 silly placeDep ROOT statuses@2.0.2 OK for: express@5.2.1 want: ^2.0.1
1376 silly placeDep ROOT type-is@2.1.0 OK for: express@5.2.1 want: ^2.0.1
1377 silly fetch manifest negotiator@^1.0.0
1378 silly packumentCache full:https://registry.npmjs.org/negotiator cache-miss
1379 silly fetch manifest qs@^6.15.2
1380 silly packumentCache full:https://registry.npmjs.org/qs cache-miss
1381 silly fetch manifest bytes@^3.1.2
1382 silly packumentCache full:https://registry.npmjs.org/bytes cache-miss
1383 silly fetch manifest type-is@^2.1.0
1384 silly packumentCache full:https://registry.npmjs.org/type-is cache-hit
1385 silly fetch manifest raw-body@^3.0.2
1386 silly packumentCache full:https://registry.npmjs.org/raw-body cache-miss
1387 silly fetch manifest http-errors@^2.0.1
1388 silly packumentCache full:https://registry.npmjs.org/http-errors cache-miss
1389 silly fetch manifest content-type@^2.0.0
1390 silly packumentCache full:https://registry.npmjs.org/content-type cache-miss
1391 silly fetch manifest ms@^2.1.3
1392 silly packumentCache full:https://registry.npmjs.org/ms cache-miss
1393 silly fetch manifest inherits@~2.0.4
1394 silly packumentCache full:https://registry.npmjs.org/inherits cache-miss
1395 silly fetch manifest setprototypeof@~1.2.0
1396 silly packumentCache full:https://registry.npmjs.org/setprototypeof cache-miss
1397 silly fetch manifest statuses@~2.0.2
1398 silly packumentCache full:https://registry.npmjs.org/statuses cache-miss
1399 silly fetch manifest toidentifier@~1.0.1
1400 silly packumentCache full:https://registry.npmjs.org/toidentifier cache-miss
1401 http cache https://registry.npmjs.org/content-type 18ms (cache hit)
1402 silly packumentCache full:https://registry.npmjs.org/content-type set size:23936 disposed:false
1403 silly fetch manifest ee-first@1.1.1
1404 silly packumentCache full:https://registry.npmjs.org/ee-first cache-miss
1405 http cache https://registry.npmjs.org/qs 22ms (cache hit)
1406 silly packumentCache full:https://registry.npmjs.org/qs set size:365613 disposed:false
1407 silly fetch manifest wrappy@1
1408 silly packumentCache full:https://registry.npmjs.org/wrappy cache-miss
1409 http cache https://registry.npmjs.org/statuses 26ms (cache hit)
1410 silly packumentCache full:https://registry.npmjs.org/statuses set size:37117 disposed:false
1411 silly fetch manifest forwarded@0.2.0
1412 silly packumentCache full:https://registry.npmjs.org/forwarded cache-miss
1413 http cache https://registry.npmjs.org/http-errors 31ms (cache hit)
1414 silly packumentCache full:https://registry.npmjs.org/http-errors set size:71987 disposed:false
1415 silly fetch manifest ipaddr.js@1.9.1
1416 silly packumentCache full:https://registry.npmjs.org/ipaddr.js cache-miss
1417 http fetch GET 200 https://registry.npmjs.org/inherits 47ms (cache miss)
1418 silly packumentCache full:https://registry.npmjs.org/inherits set size:undefined disposed:false
1419 silly fetch manifest side-channel@^1.1.1
1420 silly packumentCache full:https://registry.npmjs.org/side-channel cache-miss
1421 http fetch GET 200 https://registry.npmjs.org/setprototypeof 52ms (cache miss)
1422 silly packumentCache full:https://registry.npmjs.org/setprototypeof set size:undefined disposed:false
1423 silly fetch manifest es-define-property@^1.0.1
1424 silly packumentCache full:https://registry.npmjs.org/es-define-property cache-miss
1425 http fetch GET 200 https://registry.npmjs.org/negotiator 60ms (cache miss)
1426 silly packumentCache full:https://registry.npmjs.org/negotiator set size:undefined disposed:false
1427 silly fetch manifest is-promise@^4.0.0
1428 silly packumentCache full:https://registry.npmjs.org/is-promise cache-miss
1429 http fetch GET 200 https://registry.npmjs.org/ms 61ms (cache miss)
1430 silly packumentCache full:https://registry.npmjs.org/ms set size:undefined disposed:false
1431 silly fetch manifest statuses@^2.0.2
1432 silly packumentCache full:https://registry.npmjs.org/statuses cache-hit
1433 silly fetch manifest media-typer@^1.1.0
1434 silly packumentCache full:https://registry.npmjs.org/media-typer cache-miss
1435 http fetch GET 200 https://registry.npmjs.org/bytes 79ms (cache miss)
1436 silly packumentCache full:https://registry.npmjs.org/bytes set size:undefined disposed:false
1437 http fetch GET 200 https://registry.npmjs.org/toidentifier 86ms (cache miss)
1438 silly packumentCache full:https://registry.npmjs.org/toidentifier set size:undefined disposed:false
1439 http fetch GET 200 https://registry.npmjs.org/wrappy 63ms (cache miss)
1440 silly packumentCache full:https://registry.npmjs.org/wrappy set size:undefined disposed:false
1441 http fetch GET 200 https://registry.npmjs.org/raw-body 92ms (cache miss)
1442 silly packumentCache full:https://registry.npmjs.org/raw-body set size:undefined disposed:false
1443 http fetch GET 200 https://registry.npmjs.org/ee-first 75ms (cache miss)
1444 silly packumentCache full:https://registry.npmjs.org/ee-first set size:undefined disposed:false
1445 http fetch GET 200 https://registry.npmjs.org/forwarded 67ms (cache miss)
1446 silly packumentCache full:https://registry.npmjs.org/forwarded set size:undefined disposed:false
1447 http fetch GET 200 https://registry.npmjs.org/ipaddr.js 66ms (cache miss)
1448 silly packumentCache full:https://registry.npmjs.org/ipaddr.js set size:undefined disposed:false
1449 http fetch GET 200 https://registry.npmjs.org/side-channel 56ms (cache miss)
1450 silly packumentCache full:https://registry.npmjs.org/side-channel set size:undefined disposed:false
1451 http fetch GET 200 https://registry.npmjs.org/es-define-property 53ms (cache miss)
1452 silly packumentCache full:https://registry.npmjs.org/es-define-property set size:undefined disposed:false
1453 http fetch GET 200 https://registry.npmjs.org/media-typer 50ms (cache miss)
1454 silly packumentCache full:https://registry.npmjs.org/media-typer set size:undefined disposed:false
1455 http fetch GET 200 https://registry.npmjs.org/is-promise 56ms (cache miss)
1456 silly packumentCache full:https://registry.npmjs.org/is-promise set size:undefined disposed:false
1457 silly placeDep ROOT negotiator@1.1.0 OK for: accepts@2.0.0 want: ^1.0.0
1458 silly fetch manifest content-type@^2.1.0
1459 silly packumentCache full:https://registry.npmjs.org/content-type cache-hit
1460 silly placeDep ROOT bytes@3.1.2 OK for: body-parser@2.3.0 want: ^3.1.2
1461 silly placeDep node_modules/body-parser content-type@2.1.0 OK for: body-parser@2.3.0 want: ^2.0.0
1462 silly placeDep ROOT raw-body@3.0.2 OK for: body-parser@2.3.0 want: ^3.0.2
1463 silly fetch manifest unpipe@~1.0.0
1464 silly packumentCache full:https://registry.npmjs.org/unpipe cache-miss
1465 http fetch GET 200 https://registry.npmjs.org/unpipe 41ms (cache miss)
1466 silly packumentCache full:https://registry.npmjs.org/unpipe set size:undefined disposed:false
1467 silly placeDep ROOT ms@2.1.3 OK for: debug@4.4.3 want: ^2.1.3
1468 silly placeDep ROOT @tokenizer/inflate@0.4.1 OK for: file-type@21.3.4 want: ^0.4.1
1469 silly placeDep ROOT strtok3@10.3.5 OK for: file-type@21.3.4 want: ^10.3.4
1470 silly placeDep ROOT token-types@6.1.2 OK for: file-type@21.3.4 want: ^6.1.1
1471 silly placeDep ROOT uint8array-extras@1.5.0 OK for: file-type@21.3.4 want: ^1.4.0
1472 silly fetch manifest @tokenizer/token@^0.3.0
1473 silly packumentCache full:https://registry.npmjs.org/@tokenizer%2ftoken cache-miss
1474 silly fetch manifest @borewit/text-codec@^0.2.1
1475 silly packumentCache full:https://registry.npmjs.org/@borewit%2ftext-codec cache-miss
1476 silly fetch manifest @tokenizer/token@^0.3.0
1477 silly packumentCache full:https://registry.npmjs.org/@tokenizer%2ftoken cache-miss
1478 silly fetch manifest ieee754@^1.2.1
1479 silly packumentCache full:https://registry.npmjs.org/ieee754 cache-miss
1480 http fetch GET 200 https://registry.npmjs.org/@tokenizer%2ftoken 59ms (cache miss)
1481 silly packumentCache full:https://registry.npmjs.org/@tokenizer%2ftoken set size:undefined disposed:false
1482 http fetch GET 200 https://registry.npmjs.org/@tokenizer%2ftoken 60ms (cache miss)
1483 silly packumentCache full:https://registry.npmjs.org/@tokenizer%2ftoken set size:undefined disposed:false
1484 http fetch GET 200 https://registry.npmjs.org/ieee754 133ms (cache miss)
1485 silly packumentCache full:https://registry.npmjs.org/ieee754 set size:undefined disposed:false
1486 http fetch GET 200 https://registry.npmjs.org/@borewit%2ftext-codec 135ms (cache miss)
1487 silly packumentCache full:https://registry.npmjs.org/@borewit%2ftext-codec set size:undefined disposed:false
1488 silly fetch manifest typescript@>3.6.0
1489 silly packumentCache full:https://registry.npmjs.org/typescript cache-miss
1490 http cache https://registry.npmjs.org/typescript 41ms (cache hit)
1491 silly packumentCache full:https://registry.npmjs.org/typescript set size:15631166 disposed:false
1492 silly placeDep ROOT @babel/code-frame@7.29.7 OK for: fork-ts-checker-webpack-plugin@9.1.0 want: ^7.16.7
1493 silly placeDep ROOT chalk@4.1.2 OK for: fork-ts-checker-webpack-plugin@9.1.0 want: ^4.1.2
1494 silly placeDep ROOT cosmiconfig@8.3.6 OK for: fork-ts-checker-webpack-plugin@9.1.0 want: ^8.2.0
1495 silly placeDep ROOT deepmerge@4.3.1 OK for: fork-ts-checker-webpack-plugin@9.1.0 want: ^4.2.2
1496 silly placeDep ROOT fs-extra@10.1.0 OK for: fork-ts-checker-webpack-plugin@9.1.0 want: ^10.0.0
1497 silly placeDep ROOT memfs@3.5.3 OK for: fork-ts-checker-webpack-plugin@9.1.0 want: ^3.4.1
1498 silly placeDep ROOT minimatch@3.1.5 OK for: fork-ts-checker-webpack-plugin@9.1.0 want: ^3.0.4
1499 silly placeDep ROOT node-abort-controller@3.1.1 OK for: fork-ts-checker-webpack-plugin@9.1.0 want: ^3.0.1
1500 silly placeDep ROOT schema-utils@3.3.0 OK for: fork-ts-checker-webpack-plugin@9.1.0 want: ^3.1.1
1501 silly placeDep ROOT semver@7.8.5 OK for: fork-ts-checker-webpack-plugin@9.1.0 want: ^7.3.5
1502 silly placeDep ROOT tapable@2.3.3 OK for: fork-ts-checker-webpack-plugin@9.1.0 want: ^2.2.1
1503 silly fetch manifest js-tokens@^4.0.0
1504 silly packumentCache full:https://registry.npmjs.org/js-tokens cache-miss
1505 silly fetch manifest picocolors@^1.1.1
1506 silly packumentCache full:https://registry.npmjs.org/picocolors cache-miss
1507 silly fetch manifest @babel/helper-validator-identifier@^7.29.7
1508 silly packumentCache full:https://registry.npmjs.org/@babel%2fhelper-validator-identifier cache-miss
1509 silly fetch manifest ansi-styles@^4.1.0
1510 silly packumentCache full:https://registry.npmjs.org/ansi-styles cache-miss
1511 silly fetch manifest supports-color@^7.1.0
1512 silly packumentCache full:https://registry.npmjs.org/supports-color cache-miss
1513 silly fetch manifest js-yaml@^4.1.0
1514 silly packumentCache full:https://registry.npmjs.org/js-yaml cache-miss
1515 silly fetch manifest path-type@^4.0.0
1516 silly packumentCache full:https://registry.npmjs.org/path-type cache-miss
1517 silly fetch manifest parse-json@^5.2.0
1518 silly packumentCache full:https://registry.npmjs.org/parse-json cache-miss
1519 silly fetch manifest import-fresh@^3.3.0
1520 silly packumentCache full:https://registry.npmjs.org/import-fresh cache-miss
1521 silly fetch manifest jsonfile@^6.0.1
1522 silly packumentCache full:https://registry.npmjs.org/jsonfile cache-miss
1523 silly fetch manifest graceful-fs@^4.2.0
1524 silly packumentCache full:https://registry.npmjs.org/graceful-fs cache-miss
1525 http cache https://registry.npmjs.org/graceful-fs 16ms (cache hit)
1526 silly packumentCache full:https://registry.npmjs.org/graceful-fs set size:124285 disposed:false
1527 silly fetch manifest universalify@^2.0.0
1528 silly packumentCache full:https://registry.npmjs.org/universalify cache-miss
1529 http cache https://registry.npmjs.org/ansi-styles 20ms (cache hit)
1530 silly packumentCache full:https://registry.npmjs.org/ansi-styles set size:71772 disposed:false
1531 silly fetch manifest fs-monkey@^1.0.4
1532 silly packumentCache full:https://registry.npmjs.org/fs-monkey cache-miss
1533 http fetch GET 200 https://registry.npmjs.org/import-fresh 55ms (cache miss)
1534 silly packumentCache full:https://registry.npmjs.org/import-fresh set size:undefined disposed:false
1535 silly fetch manifest brace-expansion@^1.1.7
1536 silly packumentCache full:https://registry.npmjs.org/brace-expansion cache-miss
1537 http fetch GET 200 https://registry.npmjs.org/picocolors 64ms (cache miss)
1538 silly packumentCache full:https://registry.npmjs.org/picocolors set size:undefined disposed:false
1539 silly fetch manifest ajv@^6.12.5
1540 silly packumentCache full:https://registry.npmjs.org/ajv cache-miss
1541 http fetch GET 200 https://registry.npmjs.org/js-tokens 66ms (cache miss)
1542 silly packumentCache full:https://registry.npmjs.org/js-tokens set size:undefined disposed:false
1543 silly fetch manifest ajv-keywords@^3.5.2
1544 silly packumentCache full:https://registry.npmjs.org/ajv-keywords cache-miss
1545 http fetch GET 200 https://registry.npmjs.org/path-type 70ms (cache miss)
1546 silly packumentCache full:https://registry.npmjs.org/path-type set size:undefined disposed:false
1547 silly fetch manifest @types/json-schema@^7.0.8
1548 silly packumentCache full:https://registry.npmjs.org/@types%2fjson-schema cache-miss
1549 http fetch GET 200 https://registry.npmjs.org/parse-json 73ms (cache miss)
1550 silly packumentCache full:https://registry.npmjs.org/parse-json set size:undefined disposed:false
1551 http fetch GET 200 https://registry.npmjs.org/supports-color 78ms (cache miss)
1552 silly packumentCache full:https://registry.npmjs.org/supports-color set size:undefined disposed:false
1553 http fetch GET 200 https://registry.npmjs.org/@babel%2fhelper-validator-identifier 83ms (cache miss)
1554 silly packumentCache full:https://registry.npmjs.org/@babel%2fhelper-validator-identifier set size:undefined disposed:false
1555 http fetch GET 200 https://registry.npmjs.org/js-yaml 84ms (cache miss)
1556 silly packumentCache full:https://registry.npmjs.org/js-yaml set size:undefined disposed:false
1557 http fetch GET 200 https://registry.npmjs.org/jsonfile 91ms (cache miss)
1558 silly packumentCache full:https://registry.npmjs.org/jsonfile set size:undefined disposed:false
1559 http fetch GET 200 https://registry.npmjs.org/universalify 75ms (cache miss)
1560 silly packumentCache full:https://registry.npmjs.org/universalify set size:undefined disposed:false
1561 http fetch GET 200 https://registry.npmjs.org/fs-monkey 74ms (cache miss)
1562 silly packumentCache full:https://registry.npmjs.org/fs-monkey set size:undefined disposed:false
1563 http cache https://registry.npmjs.org/@types%2fjson-schema 28ms (cache hit)
1564 silly packumentCache full:https://registry.npmjs.org/@types%2fjson-schema set size:44704 disposed:false
1565 http cache https://registry.npmjs.org/ajv 39ms (cache hit)
1566 silly packumentCache full:https://registry.npmjs.org/ajv set size:1142658 disposed:false
1567 http fetch GET 200 https://registry.npmjs.org/ajv-keywords 63ms (cache miss)
1568 silly packumentCache full:https://registry.npmjs.org/ajv-keywords set size:undefined disposed:false
1569 http fetch GET 200 https://registry.npmjs.org/brace-expansion 127ms (cache miss)
1570 silly packumentCache full:https://registry.npmjs.org/brace-expansion set size:undefined disposed:false
1571 silly placeDep ROOT @babel/helper-validator-identifier@7.29.7 OK for: @babel/code-frame@7.29.7 want: ^7.29.7
1572 silly placeDep ROOT js-tokens@4.0.0 OK for: @babel/code-frame@7.29.7 want: ^4.0.0
1573 silly placeDep ROOT picocolors@1.1.1 OK for: @babel/code-frame@7.29.7 want: ^1.1.1
1574 silly placeDep ROOT ansi-styles@4.3.0 OK for: chalk@4.1.2 want: ^4.1.0
1575 silly placeDep ROOT supports-color@7.2.0 OK for: chalk@4.1.2 want: ^7.1.0
1576 silly fetch manifest color-convert@^2.0.1
1577 silly packumentCache full:https://registry.npmjs.org/color-convert cache-miss
1578 silly fetch manifest has-flag@^4.0.0
1579 silly packumentCache full:https://registry.npmjs.org/has-flag cache-miss
1580 http fetch GET 200 https://registry.npmjs.org/has-flag 42ms (cache miss)
1581 silly packumentCache full:https://registry.npmjs.org/has-flag set size:undefined disposed:false
1582 http fetch GET 200 https://registry.npmjs.org/color-convert 44ms (cache miss)
1583 silly packumentCache full:https://registry.npmjs.org/color-convert set size:undefined disposed:false
1584 silly placeDep ROOT color-convert@2.0.1 OK for: ansi-styles@4.3.0 want: ^2.0.1
1585 silly fetch manifest color-name@~1.1.4
1586 silly packumentCache full:https://registry.npmjs.org/color-name cache-miss
1587 http fetch GET 200 https://registry.npmjs.org/color-name 44ms (cache miss)
1588 silly packumentCache full:https://registry.npmjs.org/color-name set size:undefined disposed:false
1589 silly placeDep ROOT color-name@1.1.4 OK for: color-convert@2.0.1 want: ~1.1.4
1590 silly placeDep ROOT import-fresh@3.3.1 OK for: cosmiconfig@8.3.6 want: ^3.3.0
1591 silly placeDep ROOT js-yaml@4.3.2 OK for: cosmiconfig@8.3.6 want: ^4.1.0
1592 silly placeDep ROOT parse-json@5.2.0 OK for: cosmiconfig@8.3.6 want: ^5.2.0
1593 silly placeDep ROOT path-type@4.0.0 OK for: cosmiconfig@8.3.6 want: ^4.0.0
1594 silly fetch manifest resolve-from@^4.0.0
1595 silly packumentCache full:https://registry.npmjs.org/resolve-from cache-miss
1596 silly fetch manifest parent-module@^1.0.0
1597 silly packumentCache full:https://registry.npmjs.org/parent-module cache-miss
1598 silly fetch manifest argparse@^2.0.1
1599 silly packumentCache full:https://registry.npmjs.org/argparse cache-miss
1600 silly fetch manifest error-ex@^1.3.1
1601 silly packumentCache full:https://registry.npmjs.org/error-ex cache-miss
1602 silly fetch manifest lines-and-columns@^1.1.6
1603 silly packumentCache full:https://registry.npmjs.org/lines-and-columns cache-miss
1604 silly fetch manifest json-parse-even-better-errors@^2.3.0
1605 silly packumentCache full:https://registry.npmjs.org/json-parse-even-better-errors cache-miss
1606 http fetch GET 200 https://registry.npmjs.org/parent-module 49ms (cache miss)
1607 silly packumentCache full:https://registry.npmjs.org/parent-module set size:undefined disposed:false
1608 http fetch GET 200 https://registry.npmjs.org/resolve-from 53ms (cache miss)
1609 silly packumentCache full:https://registry.npmjs.org/resolve-from set size:undefined disposed:false
1610 http fetch GET 200 https://registry.npmjs.org/argparse 56ms (cache miss)
1611 silly packumentCache full:https://registry.npmjs.org/argparse set size:undefined disposed:false
1612 http fetch GET 200 https://registry.npmjs.org/error-ex 59ms (cache miss)
1613 silly packumentCache full:https://registry.npmjs.org/error-ex set size:undefined disposed:false
1614 http fetch GET 200 https://registry.npmjs.org/lines-and-columns 63ms (cache miss)
1615 silly packumentCache full:https://registry.npmjs.org/lines-and-columns set size:undefined disposed:false
1616 http fetch GET 200 https://registry.npmjs.org/json-parse-even-better-errors 67ms (cache miss)
1617 silly packumentCache full:https://registry.npmjs.org/json-parse-even-better-errors set size:undefined disposed:false
1618 silly placeDep ROOT graceful-fs@4.2.11 OK for: fs-extra@10.1.0 want: ^4.2.0
1619 silly placeDep ROOT jsonfile@6.2.1 OK for: fs-extra@10.1.0 want: ^6.0.1
1620 silly placeDep ROOT universalify@2.0.1 OK for: fs-extra@10.1.0 want: ^2.0.0
1621 silly placeDep node_modules/glob minimatch@10.2.6 OK for: glob@13.0.6 want: ^10.2.2
1622 silly placeDep ROOT minipass@7.1.3 OK for: glob@13.0.6 want: ^7.1.3
1623 silly placeDep ROOT path-scurry@2.0.2 OK for: glob@13.0.6 want: ^2.0.2
1624 silly fetch manifest brace-expansion@^5.0.8
1625 silly packumentCache full:https://registry.npmjs.org/brace-expansion cache-miss
1626 silly fetch manifest lru-cache@^11.0.0
1627 silly packumentCache full:https://registry.npmjs.org/lru-cache cache-miss
1628 http cache https://registry.npmjs.org/brace-expansion 8ms (cache hit)
1629 silly packumentCache full:https://registry.npmjs.org/brace-expansion set size:101024 disposed:false
1630 http fetch GET 200 https://registry.npmjs.org/lru-cache 61ms (cache miss)
1631 silly packumentCache full:https://registry.npmjs.org/lru-cache set size:undefined disposed:false
1632 silly placeDep ROOT inherits@2.0.4 OK for: http-errors@2.0.1 want: ~2.0.4
1633 silly placeDep ROOT setprototypeof@1.2.0 OK for: http-errors@2.0.1 want: ~1.2.0
1634 silly placeDep ROOT toidentifier@1.0.1 OK for: http-errors@2.0.1 want: ~1.0.1
1635 silly placeDep ROOT safer-buffer@2.1.2 OK for: iconv-lite@0.7.3 want: >= 2.1.2 < 3.0.0
1636 silly placeDep ROOT parent-module@1.0.1 OK for: import-fresh@3.3.1 want: ^1.0.0
1637 silly placeDep ROOT resolve-from@4.0.0 OK for: import-fresh@3.3.1 want: ^4.0.0
1638 silly fetch manifest callsites@^3.0.0
1639 silly packumentCache full:https://registry.npmjs.org/callsites cache-miss
1640 http fetch GET 200 https://registry.npmjs.org/callsites 46ms (cache miss)
1641 silly packumentCache full:https://registry.npmjs.org/callsites set size:undefined disposed:false
1642 silly placeDep ROOT argparse@2.0.1 OK for: js-yaml@4.3.2 want: ^2.0.1
1643 silly placeDep ROOT @jridgewell/sourcemap-codec@1.6.0 OK for: magic-string@0.30.17 want: ^1.5.0
1644 silly placeDep ROOT fs-monkey@1.1.0 OK for: memfs@3.5.3 want: ^1.0.4
1645 silly placeDep ROOT mime-db@1.54.0 OK for: mime-types@3.0.2 want: ^1.54.0
1646 silly placeDep ROOT brace-expansion@1.1.18 OK for: minimatch@3.1.5 want: ^1.1.7
1647 silly fetch manifest concat-map@0.0.1
1648 silly packumentCache full:https://registry.npmjs.org/concat-map cache-miss
1649 silly fetch manifest balanced-match@^1.0.0
1650 silly packumentCache full:https://registry.npmjs.org/balanced-match cache-miss
1651 http fetch GET 200 https://registry.npmjs.org/balanced-match 43ms (cache miss)
1652 silly packumentCache full:https://registry.npmjs.org/balanced-match set size:undefined disposed:false
1653 http fetch GET 200 https://registry.npmjs.org/concat-map 50ms (cache miss)
1654 silly packumentCache full:https://registry.npmjs.org/concat-map set size:undefined disposed:false
1655 silly placeDep ROOT balanced-match@1.0.2 OK for: brace-expansion@1.1.18 want: ^1.0.0
1656 silly placeDep ROOT concat-map@0.0.1 OK for: brace-expansion@1.1.18 want: 0.0.1
1657 silly placeDep ROOT append-field@1.0.0 OK for: multer@2.2.0 want: ^1.0.0
1658 silly placeDep ROOT busboy@1.6.0 OK for: multer@2.2.0 want: ^1.6.0
1659 silly placeDep ROOT concat-stream@2.0.0 OK for: multer@2.2.0 want: ^2.0.0
1660 silly placeDep node_modules/multer type-is@1.6.18 OK for: multer@2.2.0 want: ^1.6.18
1661 silly fetch manifest streamsearch@^1.1.0
1662 silly packumentCache full:https://registry.npmjs.org/streamsearch cache-miss
1663 silly fetch manifest buffer-from@^1.0.0
1664 silly packumentCache full:https://registry.npmjs.org/buffer-from cache-miss
1665 silly fetch manifest readable-stream@^3.0.2
1666 silly packumentCache full:https://registry.npmjs.org/readable-stream cache-miss
1667 silly fetch manifest typedarray@^0.0.6
1668 silly packumentCache full:https://registry.npmjs.org/typedarray cache-miss
1669 silly fetch manifest mime-types@~2.1.24
1670 silly packumentCache full:https://registry.npmjs.org/mime-types cache-miss
1671 silly fetch manifest media-typer@0.3.0
1672 silly packumentCache full:https://registry.npmjs.org/media-typer cache-miss
1673 http cache https://registry.npmjs.org/media-typer 7ms (cache hit)
1674 silly packumentCache full:https://registry.npmjs.org/media-typer set size:22074 disposed:false
1675 http cache https://registry.npmjs.org/mime-types 9ms (cache hit)
1676 silly packumentCache full:https://registry.npmjs.org/mime-types set size:139110 disposed:false
1677 http fetch GET 200 https://registry.npmjs.org/typedarray 58ms (cache miss)
1678 silly packumentCache full:https://registry.npmjs.org/typedarray set size:undefined disposed:false
1679 http fetch GET 200 https://registry.npmjs.org/buffer-from 59ms (cache miss)
1680 silly packumentCache full:https://registry.npmjs.org/buffer-from set size:undefined disposed:false
1681 http fetch GET 200 https://registry.npmjs.org/readable-stream 63ms (cache miss)
1682 silly packumentCache full:https://registry.npmjs.org/readable-stream set size:undefined disposed:false
1683 http fetch GET 200 https://registry.npmjs.org/streamsearch 123ms (cache miss)
1684 silly packumentCache full:https://registry.npmjs.org/streamsearch set size:undefined disposed:false
1685 silly placeDep ROOT streamsearch@1.1.0 OK for: busboy@1.6.0 want: ^1.1.0
1686 silly placeDep ROOT buffer-from@1.1.2 OK for: concat-stream@2.0.0 want: ^1.0.0
1687 silly placeDep ROOT readable-stream@3.6.2 OK for: concat-stream@2.0.0 want: ^3.0.2
1688 silly placeDep ROOT typedarray@0.0.6 OK for: concat-stream@2.0.0 want: ^0.0.6
1689 silly fetch manifest string_decoder@^1.1.1
1690 silly packumentCache full:https://registry.npmjs.org/string_decoder cache-miss
1691 silly fetch manifest util-deprecate@^1.0.1
1692 silly packumentCache full:https://registry.npmjs.org/util-deprecate cache-miss
1693 http fetch GET 200 https://registry.npmjs.org/string_decoder 46ms (cache miss)
1694 silly packumentCache full:https://registry.npmjs.org/string_decoder set size:undefined disposed:false
1695 http fetch GET 200 https://registry.npmjs.org/util-deprecate 46ms (cache miss)
1696 silly packumentCache full:https://registry.npmjs.org/util-deprecate set size:undefined disposed:false
1697 silly placeDep node_modules/negotiator content-type@2.1.0 OK for: negotiator@1.1.0 want: ^2.1.0
1698 silly placeDep ROOT lodash@4.18.1 OK for: node-emoji@1.11.0 want: ^4.17.21
1699 silly placeDep ROOT ee-first@1.1.1 OK for: on-finished@2.4.1 want: 1.1.1
1700 silly placeDep ROOT wrappy@1.0.2 OK for: once@1.4.0 want: 1
1701 silly placeDep ROOT bl@4.1.0 OK for: ora@5.4.1 want: ^4.1.0
1702 silly placeDep ROOT cli-cursor@3.1.0 OK for: ora@5.4.1 want: ^3.1.0
1703 silly placeDep ROOT cli-spinners@2.9.2 OK for: ora@5.4.1 want: ^2.5.0
1704 silly placeDep ROOT is-interactive@1.0.0 OK for: ora@5.4.1 want: ^1.0.0
1705 silly placeDep ROOT is-unicode-supported@0.1.0 OK for: ora@5.4.1 want: ^0.1.0
1706 silly placeDep ROOT log-symbols@4.1.0 OK for: ora@5.4.1 want: ^4.1.0
1707 silly placeDep ROOT strip-ansi@6.0.1 OK for: ora@5.4.1 want: ^6.0.0
1708 silly placeDep ROOT wcwidth@1.0.1 OK for: ora@5.4.1 want: ^1.0.1
1709 silly fetch manifest buffer@^5.5.0
1710 silly packumentCache full:https://registry.npmjs.org/buffer cache-miss
1711 silly fetch manifest restore-cursor@^3.1.0
1712 silly packumentCache full:https://registry.npmjs.org/restore-cursor cache-miss
1713 silly fetch manifest ansi-regex@^5.0.1
1714 silly packumentCache full:https://registry.npmjs.org/ansi-regex cache-miss
1715 silly fetch manifest defaults@^1.0.3
1716 silly packumentCache full:https://registry.npmjs.org/defaults cache-miss
1717 http cache https://registry.npmjs.org/buffer 9ms (cache hit)
1718 silly packumentCache full:https://registry.npmjs.org/buffer set size:280480 disposed:false
1719 http fetch GET 200 https://registry.npmjs.org/ansi-regex 46ms (cache miss)
1720 silly packumentCache full:https://registry.npmjs.org/ansi-regex set size:undefined disposed:false
1721 http fetch GET 200 https://registry.npmjs.org/restore-cursor 50ms (cache miss)
1722 silly packumentCache full:https://registry.npmjs.org/restore-cursor set size:undefined disposed:false
1723 http fetch GET 200 https://registry.npmjs.org/defaults 53ms (cache miss)
1724 silly packumentCache full:https://registry.npmjs.org/defaults set size:undefined disposed:false
1725 silly placeDep ROOT buffer@5.7.1 OK for: bl@4.1.0 want: ^5.5.0
1726 silly fetch manifest base64-js@^1.3.1
1727 silly packumentCache full:https://registry.npmjs.org/base64-js cache-miss
1728 silly fetch manifest ieee754@^1.1.13
1729 silly packumentCache full:https://registry.npmjs.org/ieee754 cache-miss
1730 http cache https://registry.npmjs.org/ieee754 8ms (cache hit)
1731 silly packumentCache full:https://registry.npmjs.org/ieee754 set size:34910 disposed:false
1732 http fetch GET 200 https://registry.npmjs.org/base64-js 43ms (cache miss)
1733 silly packumentCache full:https://registry.npmjs.org/base64-js set size:undefined disposed:false
1734 silly placeDep ROOT base64-js@1.5.1 OK for: buffer@5.7.1 want: ^1.3.1
1735 silly placeDep ROOT ieee754@1.2.1 OK for: buffer@5.7.1 want: ^1.1.13
1736 silly placeDep ROOT restore-cursor@3.1.0 OK for: cli-cursor@3.1.0 want: ^3.1.0
1737 silly fetch manifest onetime@^5.1.0
1738 silly packumentCache full:https://registry.npmjs.org/onetime cache-miss
1739 silly fetch manifest signal-exit@^3.0.2
1740 silly packumentCache full:https://registry.npmjs.org/signal-exit cache-miss
1741 http cache https://registry.npmjs.org/signal-exit 7ms (cache hit)
1742 silly packumentCache full:https://registry.npmjs.org/signal-exit set size:53489 disposed:false
1743 http fetch GET 200 https://registry.npmjs.org/onetime 40ms (cache miss)
1744 silly packumentCache full:https://registry.npmjs.org/onetime set size:undefined disposed:false
1745 silly placeDep ROOT callsites@3.1.0 OK for: parent-module@1.0.1 want: ^3.0.0
1746 silly placeDep ROOT error-ex@1.3.4 OK for: parse-json@5.2.0 want: ^1.3.1
1747 silly placeDep ROOT json-parse-even-better-errors@2.3.1 OK for: parse-json@5.2.0 want: ^2.3.0
1748 silly placeDep ROOT lines-and-columns@1.2.4 OK for: parse-json@5.2.0 want: ^1.1.6
1749 silly fetch manifest is-arrayish@^0.2.1
1750 silly packumentCache full:https://registry.npmjs.org/is-arrayish cache-miss
1751 http fetch GET 200 https://registry.npmjs.org/is-arrayish 43ms (cache miss)
1752 silly packumentCache full:https://registry.npmjs.org/is-arrayish set size:undefined disposed:false
1753 silly placeDep ROOT is-arrayish@0.2.1 OK for: error-ex@1.3.4 want: ^0.2.1
1754 silly placeDep ROOT lru-cache@11.5.2 OK for: path-scurry@2.0.2 want: ^11.0.0
1755 silly fetch manifest pg@>=8.0
1756 silly packumentCache full:https://registry.npmjs.org/pg cache-miss
1757 http cache https://registry.npmjs.org/pg 8ms (cache hit)
1758 silly packumentCache full:https://registry.npmjs.org/pg set size:482398 disposed:false
1759 silly placeDep ROOT pg-cloudflare@1.4.0 OK for: pg@8.23.0 want: ^1.4.0
1760 silly placeDep ROOT pg-connection-string@2.14.0 OK for: pg@8.23.0 want: ^2.14.0
1761 silly placeDep ROOT pg-pool@3.14.0 OK for: pg@8.23.0 want: ^3.14.0
1762 silly placeDep ROOT pg-protocol@1.16.0 OK for: pg@8.23.0 want: ^1.16.0
1763 silly placeDep ROOT pg-types@2.2.0 OK for: pg@8.23.0 want: 2.2.0
1764 silly placeDep ROOT pgpass@1.0.5 OK for: pg@8.23.0 want: 1.0.5
1765 silly fetch manifest pg-int8@1.0.1
1766 silly packumentCache full:https://registry.npmjs.org/pg-int8 cache-miss
1767 silly fetch manifest postgres-date@~1.0.4
1768 silly packumentCache full:https://registry.npmjs.org/postgres-date cache-miss
1769 silly fetch manifest postgres-array@~2.0.0
1770 silly packumentCache full:https://registry.npmjs.org/postgres-array cache-miss
1771 silly fetch manifest postgres-bytea@~1.0.0
1772 silly packumentCache full:https://registry.npmjs.org/postgres-bytea cache-miss
1773 silly fetch manifest postgres-interval@^1.1.0
1774 silly packumentCache full:https://registry.npmjs.org/postgres-interval cache-miss
1775 silly fetch manifest split2@^4.1.0
1776 silly packumentCache full:https://registry.npmjs.org/split2 cache-miss
1777 http fetch GET 200 https://registry.npmjs.org/pg-int8 42ms (cache miss)
1778 silly packumentCache full:https://registry.npmjs.org/pg-int8 set size:undefined disposed:false
1779 http fetch GET 200 https://registry.npmjs.org/postgres-bytea 54ms (cache miss)
1780 silly packumentCache full:https://registry.npmjs.org/postgres-bytea set size:undefined disposed:false
1781 http fetch GET 200 https://registry.npmjs.org/postgres-array 62ms (cache miss)
1782 silly packumentCache full:https://registry.npmjs.org/postgres-array set size:undefined disposed:false
1783 http fetch GET 200 https://registry.npmjs.org/postgres-date 63ms (cache miss)
1784 silly packumentCache full:https://registry.npmjs.org/postgres-date set size:undefined disposed:false
1785 http fetch GET 200 https://registry.npmjs.org/postgres-interval 64ms (cache miss)
1786 silly packumentCache full:https://registry.npmjs.org/postgres-interval set size:undefined disposed:false
1787 http fetch GET 200 https://registry.npmjs.org/split2 368ms (cache miss)
1788 silly packumentCache full:https://registry.npmjs.org/split2 set size:undefined disposed:false
1789 silly placeDep ROOT pg-int8@1.0.1 OK for: pg-types@2.2.0 want: 1.0.1
1790 silly placeDep ROOT postgres-array@2.0.0 OK for: pg-types@2.2.0 want: ~2.0.0
1791 silly placeDep ROOT postgres-bytea@1.0.1 OK for: pg-types@2.2.0 want: ~1.0.0
1792 silly placeDep ROOT postgres-date@1.0.7 OK for: pg-types@2.2.0 want: ~1.0.4
1793 silly placeDep ROOT postgres-interval@1.2.0 OK for: pg-types@2.2.0 want: ^1.1.0
1794 silly fetch manifest xtend@^4.0.0
1795 silly packumentCache full:https://registry.npmjs.org/xtend cache-miss
1796 http fetch GET 200 https://registry.npmjs.org/xtend 48ms (cache miss)
1797 silly packumentCache full:https://registry.npmjs.org/xtend set size:undefined disposed:false
1798 silly placeDep ROOT split2@4.2.0 OK for: pgpass@1.0.5 want: ^4.1.0
1799 silly placeDep ROOT xtend@4.0.2 OK for: postgres-interval@1.2.0 want: ^4.0.0
1800 silly placeDep ROOT forwarded@0.2.0 OK for: proxy-addr@2.0.7 want: 0.2.0
1801 silly placeDep ROOT ipaddr.js@1.9.1 OK for: proxy-addr@2.0.7 want: 1.9.1
1802 silly placeDep ROOT es-define-property@1.0.1 OK for: qs@6.16.0 want: ^1.0.1
1803 silly placeDep ROOT side-channel@1.1.1 OK for: qs@6.16.0 want: ^1.1.1
1804 silly fetch manifest es-errors@^1.3.0
1805 silly packumentCache full:https://registry.npmjs.org/es-errors cache-miss
1806 silly fetch manifest object-inspect@^1.13.4
1807 silly packumentCache full:https://registry.npmjs.org/object-inspect cache-miss
1808 silly fetch manifest side-channel-list@^1.0.1
1809 silly packumentCache full:https://registry.npmjs.org/side-channel-list cache-miss
1810 silly fetch manifest side-channel-map@^1.0.1
1811 silly packumentCache full:https://registry.npmjs.org/side-channel-map cache-miss
1812 silly fetch manifest side-channel-weakmap@^1.0.2
1813 silly packumentCache full:https://registry.npmjs.org/side-channel-weakmap cache-miss
1814 http fetch GET 200 https://registry.npmjs.org/es-errors 43ms (cache miss)
1815 silly packumentCache full:https://registry.npmjs.org/es-errors set size:undefined disposed:false
1816 http fetch GET 200 https://registry.npmjs.org/side-channel-list 44ms (cache miss)
1817 silly packumentCache full:https://registry.npmjs.org/side-channel-list set size:undefined disposed:false
1818 http fetch GET 200 https://registry.npmjs.org/object-inspect 45ms (cache miss)
1819 silly packumentCache full:https://registry.npmjs.org/object-inspect set size:undefined disposed:false
1820 http fetch GET 200 https://registry.npmjs.org/side-channel-map 47ms (cache miss)
1821 silly packumentCache full:https://registry.npmjs.org/side-channel-map set size:undefined disposed:false
1822 http fetch GET 200 https://registry.npmjs.org/side-channel-weakmap 63ms (cache miss)
1823 silly packumentCache full:https://registry.npmjs.org/side-channel-weakmap set size:undefined disposed:false
1824 silly placeDep ROOT unpipe@1.0.0 OK for: raw-body@3.0.2 want: ~1.0.0
1825 silly placeDep ROOT string_decoder@1.3.0 OK for: readable-stream@3.6.2 want: ^1.1.1
1826 silly placeDep ROOT util-deprecate@1.0.2 OK for: readable-stream@3.6.2 want: ^1.0.1
1827 silly fetch manifest safe-buffer@~5.2.0
1828 silly packumentCache full:https://registry.npmjs.org/safe-buffer cache-miss
1829 http fetch GET 200 https://registry.npmjs.org/safe-buffer 43ms (cache miss)
1830 silly packumentCache full:https://registry.npmjs.org/safe-buffer set size:undefined disposed:false
1831 silly placeDep ROOT onetime@5.1.2 OK for: restore-cursor@3.1.0 want: ^5.1.0
1832 silly placeDep node_modules/restore-cursor signal-exit@3.0.7 OK for: restore-cursor@3.1.0 want: ^3.0.2
1833 silly fetch manifest mimic-fn@^2.1.0
1834 silly packumentCache full:https://registry.npmjs.org/mimic-fn cache-miss
1835 http fetch GET 200 https://registry.npmjs.org/mimic-fn 43ms (cache miss)
1836 silly packumentCache full:https://registry.npmjs.org/mimic-fn set size:undefined disposed:false
1837 silly placeDep ROOT mimic-fn@2.1.0 OK for: onetime@5.1.2 want: ^2.1.0
1838 silly placeDep ROOT is-promise@4.0.0 OK for: router@2.2.0 want: ^4.0.0
1839 silly placeDep ROOT @types/json-schema@7.0.15 OK for: schema-utils@3.3.0 want: ^7.0.8
1840 silly placeDep node_modules/schema-utils ajv@6.15.0 OK for: schema-utils@3.3.0 want: ^6.12.5
1841 silly placeDep node_modules/schema-utils ajv-keywords@3.5.2 OK for: schema-utils@3.3.0 want: ^3.5.2
1842 silly fetch manifest uri-js@^4.2.2
1843 silly packumentCache full:https://registry.npmjs.org/uri-js cache-miss
1844 silly fetch manifest json-schema-traverse@^0.4.1
1845 silly packumentCache full:https://registry.npmjs.org/json-schema-traverse cache-miss
1846 silly fetch manifest fast-json-stable-stringify@^2.0.0
1847 silly packumentCache full:https://registry.npmjs.org/fast-json-stable-stringify cache-miss
1848 http cache https://registry.npmjs.org/json-schema-traverse 9ms (cache hit)
1849 silly packumentCache full:https://registry.npmjs.org/json-schema-traverse set size:23537 disposed:false
1850 http fetch GET 200 https://registry.npmjs.org/uri-js 42ms (cache miss)
1851 silly packumentCache full:https://registry.npmjs.org/uri-js set size:undefined disposed:false
1852 http fetch GET 200 https://registry.npmjs.org/fast-json-stable-stringify 127ms (cache miss)
1853 silly packumentCache full:https://registry.npmjs.org/fast-json-stable-stringify set size:undefined disposed:false
1854 silly placeDep ROOT es-errors@1.3.0 OK for: side-channel@1.1.1 want: ^1.3.0
1855 silly placeDep ROOT object-inspect@1.13.4 OK for: side-channel@1.1.1 want: ^1.13.4
1856 silly placeDep ROOT side-channel-list@1.0.1 OK for: side-channel@1.1.1 want: ^1.0.1
1857 silly placeDep ROOT side-channel-map@1.0.1 OK for: side-channel@1.1.1 want: ^1.0.1
1858 silly placeDep ROOT side-channel-weakmap@1.0.2 OK for: side-channel@1.1.1 want: ^1.0.2
1859 silly fetch manifest call-bound@^1.0.2
1860 silly packumentCache full:https://registry.npmjs.org/call-bound cache-miss
1861 silly fetch manifest get-intrinsic@^1.2.5
1862 silly packumentCache full:https://registry.npmjs.org/get-intrinsic cache-miss
1863 silly fetch manifest call-bound@^1.0.2
1864 silly packumentCache full:https://registry.npmjs.org/call-bound cache-miss
1865 silly fetch manifest get-intrinsic@^1.2.5
1866 silly packumentCache full:https://registry.npmjs.org/get-intrinsic cache-miss
1867 http fetch GET 200 https://registry.npmjs.org/call-bound 44ms (cache miss)
1868 silly packumentCache full:https://registry.npmjs.org/call-bound set size:undefined disposed:false
1869 http fetch GET 200 https://registry.npmjs.org/call-bound 46ms (cache miss)
1870 silly packumentCache full:https://registry.npmjs.org/call-bound set size:undefined disposed:false
1871 http fetch GET 200 https://registry.npmjs.org/get-intrinsic 50ms (cache miss)
1872 silly packumentCache full:https://registry.npmjs.org/get-intrinsic set size:undefined disposed:false
1873 http fetch GET 200 https://registry.npmjs.org/get-intrinsic 64ms (cache miss)
1874 silly packumentCache full:https://registry.npmjs.org/get-intrinsic set size:undefined disposed:false
1875 silly placeDep ROOT call-bound@1.0.4 OK for: side-channel-map@1.0.1 want: ^1.0.2
1876 silly placeDep ROOT get-intrinsic@1.3.0 OK for: side-channel-map@1.0.1 want: ^1.2.5
1877 silly fetch manifest call-bind-apply-helpers@^1.0.2
1878 silly packumentCache full:https://registry.npmjs.org/call-bind-apply-helpers cache-miss
1879 silly fetch manifest get-intrinsic@^1.3.0
1880 silly packumentCache full:https://registry.npmjs.org/get-intrinsic cache-miss
1881 silly fetch manifest gopd@^1.2.0
1882 silly packumentCache full:https://registry.npmjs.org/gopd cache-miss
1883 silly fetch manifest hasown@^2.0.2
1884 silly packumentCache full:https://registry.npmjs.org/hasown cache-miss
1885 silly fetch manifest get-proto@^1.0.1
1886 silly packumentCache full:https://registry.npmjs.org/get-proto cache-miss
1887 silly fetch manifest has-symbols@^1.1.0
1888 silly packumentCache full:https://registry.npmjs.org/has-symbols cache-miss
1889 silly fetch manifest function-bind@^1.1.2
1890 silly packumentCache full:https://registry.npmjs.org/function-bind cache-miss
1891 silly fetch manifest es-object-atoms@^1.1.1
1892 silly packumentCache full:https://registry.npmjs.org/es-object-atoms cache-miss
1893 silly fetch manifest math-intrinsics@^1.1.0
1894 silly packumentCache full:https://registry.npmjs.org/math-intrinsics cache-miss
1895 silly fetch manifest call-bind-apply-helpers@^1.0.2
1896 silly packumentCache full:https://registry.npmjs.org/call-bind-apply-helpers cache-miss
1897 http cache https://registry.npmjs.org/get-intrinsic 15ms (cache hit)
1898 silly packumentCache full:https://registry.npmjs.org/get-intrinsic set size:60985 disposed:false
1899 http fetch GET 200 https://registry.npmjs.org/es-object-atoms 51ms (cache miss)
1900 silly packumentCache full:https://registry.npmjs.org/es-object-atoms set size:undefined disposed:false
1901 http fetch GET 200 https://registry.npmjs.org/math-intrinsics 52ms (cache miss)
1902 silly packumentCache full:https://registry.npmjs.org/math-intrinsics set size:undefined disposed:false
1903 http fetch GET 200 https://registry.npmjs.org/call-bind-apply-helpers 57ms (cache miss)
1904 silly packumentCache full:https://registry.npmjs.org/call-bind-apply-helpers set size:undefined disposed:false
1905 http fetch GET 200 https://registry.npmjs.org/has-symbols 57ms (cache miss)
1906 silly packumentCache full:https://registry.npmjs.org/has-symbols set size:undefined disposed:false
1907 http fetch GET 200 https://registry.npmjs.org/function-bind 60ms (cache miss)
1908 silly packumentCache full:https://registry.npmjs.org/function-bind set size:undefined disposed:false
1909 http fetch GET 200 https://registry.npmjs.org/gopd 63ms (cache miss)
1910 silly packumentCache full:https://registry.npmjs.org/gopd set size:undefined disposed:false
1911 http fetch GET 200 https://registry.npmjs.org/call-bind-apply-helpers 63ms (cache miss)
1912 silly packumentCache full:https://registry.npmjs.org/call-bind-apply-helpers set size:undefined disposed:false
1913 http fetch GET 200 https://registry.npmjs.org/hasown 66ms (cache miss)
1914 silly packumentCache full:https://registry.npmjs.org/hasown set size:undefined disposed:false
1915 http fetch GET 200 https://registry.npmjs.org/get-proto 68ms (cache miss)
1916 silly packumentCache full:https://registry.npmjs.org/get-proto set size:undefined disposed:false
1917 silly placeDep ROOT call-bind-apply-helpers@1.0.2 OK for: call-bound@1.0.4 want: ^1.0.2
1918 silly placeDep ROOT function-bind@1.1.2 OK for: call-bind-apply-helpers@1.0.2 want: ^1.1.2
1919 silly placeDep ROOT es-object-atoms@1.1.2 OK for: get-intrinsic@1.3.0 want: ^1.1.1
1920 silly placeDep ROOT get-proto@1.0.1 OK for: get-intrinsic@1.3.0 want: ^1.0.1
1921 silly placeDep ROOT gopd@1.2.0 OK for: get-intrinsic@1.3.0 want: ^1.2.0
1922 silly placeDep ROOT has-symbols@1.1.0 OK for: get-intrinsic@1.3.0 want: ^1.1.0
1923 silly placeDep ROOT hasown@2.0.4 OK for: get-intrinsic@1.3.0 want: ^2.0.2
1924 silly placeDep ROOT math-intrinsics@1.1.0 OK for: get-intrinsic@1.3.0 want: ^1.1.0
1925 silly fetch manifest dunder-proto@^1.0.1
1926 silly packumentCache full:https://registry.npmjs.org/dunder-proto cache-miss
1927 http fetch GET 200 https://registry.npmjs.org/dunder-proto 47ms (cache miss)
1928 silly packumentCache full:https://registry.npmjs.org/dunder-proto set size:undefined disposed:false
1929 silly placeDep ROOT dunder-proto@1.0.1 OK for: get-proto@1.0.1 want: ^1.0.1
1930 silly placeDep ROOT safe-buffer@5.2.1 OK for: string_decoder@1.3.0 want: ~5.2.0
1931 silly placeDep ROOT emoji-regex@8.0.0 OK for: string-width@4.2.3 want: ^8.0.0
1932 silly placeDep ROOT is-fullwidth-code-point@3.0.0 OK for: string-width@4.2.3 want: ^3.0.0
1933 silly placeDep ROOT ansi-regex@5.0.1 OK for: strip-ansi@6.0.1 want: ^5.0.1
1934 silly placeDep ROOT @tokenizer/token@0.3.0 OK for: strtok3@10.3.5 want: ^0.3.0
1935 silly placeDep ROOT has-flag@4.0.0 OK for: supports-color@7.2.0 want: ^4.0.0
1936 silly placeDep ROOT @borewit/text-codec@0.2.2 OK for: token-types@6.1.2 want: ^0.2.1
1937 silly placeDep ROOT @cspotcode/source-map-support@0.8.1 OK for: ts-node@10.9.2 want: ^0.8.0
1938 silly placeDep ROOT @tsconfig/node10@1.0.13 OK for: ts-node@10.9.2 want: ^1.0.7
1939 silly placeDep ROOT @tsconfig/node12@1.0.11 OK for: ts-node@10.9.2 want: ^1.0.7
1940 silly placeDep ROOT @tsconfig/node14@1.0.3 OK for: ts-node@10.9.2 want: ^1.0.0
1941 silly placeDep ROOT @tsconfig/node16@1.0.4 OK for: ts-node@10.9.2 want: ^1.0.2
1942 silly placeDep ROOT acorn@8.18.0 OK for: ts-node@10.9.2 want: ^8.4.1
1943 silly placeDep ROOT acorn-walk@8.3.5 OK for: ts-node@10.9.2 want: ^8.1.1
1944 silly placeDep ROOT arg@4.1.3 OK for: ts-node@10.9.2 want: ^4.1.0
1945 silly placeDep ROOT create-require@1.1.1 OK for: ts-node@10.9.2 want: ^1.1.0
1946 silly placeDep ROOT diff@4.0.4 OK for: ts-node@10.9.2 want: ^4.0.1
1947 silly placeDep ROOT make-error@1.3.6 OK for: ts-node@10.9.2 want: ^1.1.1
1948 silly placeDep ROOT v8-compile-cache-lib@3.0.1 OK for: ts-node@10.9.2 want: ^3.0.1
1949 silly placeDep ROOT yn@3.1.1 OK for: ts-node@10.9.2 want: 3.1.1
1950 silly fetch manifest @jridgewell/trace-mapping@0.3.9
1951 silly packumentCache full:https://registry.npmjs.org/@jridgewell%2ftrace-mapping cache-miss
1952 http fetch GET 200 https://registry.npmjs.org/@jridgewell%2ftrace-mapping 131ms (cache miss)
1953 silly packumentCache full:https://registry.npmjs.org/@jridgewell%2ftrace-mapping set size:undefined disposed:false
1954 silly placeDep ROOT @jridgewell/trace-mapping@0.3.9 OK for: @cspotcode/source-map-support@0.8.1 want: 0.3.9
1955 silly fetch manifest @jridgewell/resolve-uri@^3.0.3
1956 silly packumentCache full:https://registry.npmjs.org/@jridgewell%2fresolve-uri cache-miss
1957 http fetch GET 200 https://registry.npmjs.org/@jridgewell%2fresolve-uri 60ms (cache miss)
1958 silly packumentCache full:https://registry.npmjs.org/@jridgewell%2fresolve-uri set size:undefined disposed:false
1959 silly placeDep ROOT @jridgewell/resolve-uri@3.1.2 OK for: @jridgewell/trace-mapping@0.3.9 want: ^3.0.3
1960 silly placeDep ROOT json5@2.2.3 OK for: tsconfig-paths@4.2.0 want: ^2.2.2
1961 silly placeDep ROOT minimist@1.2.8 OK for: tsconfig-paths@4.2.0 want: ^1.2.6
1962 silly placeDep ROOT strip-bom@3.0.0 OK for: tsconfig-paths@4.2.0 want: ^3.0.0
1963 silly placeDep ROOT enhanced-resolve@5.24.5 OK for: tsconfig-paths-webpack-plugin@4.2.0 want: ^5.7.0
1964 silly placeDep node_modules/type-is content-type@2.1.0 OK for: type-is@2.1.0 want: ^2.0.0
1965 silly placeDep ROOT media-typer@1.1.1 OK for: type-is@2.1.0 want: ^1.1.0
1966 silly fetch manifest babel-plugin-macros@^3.1.0
1967 silly packumentCache full:https://registry.npmjs.org/babel-plugin-macros cache-miss
1968 http fetch GET 200 https://registry.npmjs.org/babel-plugin-macros 52ms (cache miss)
1969 silly packumentCache full:https://registry.npmjs.org/babel-plugin-macros set size:undefined disposed:false
1970 silly placeDep ROOT @sqltools/formatter@1.2.5 OK for: typeorm@0.3.31 want: ^1.2.5
1971 silly placeDep node_modules/typeorm ansis@4.3.1 OK for: typeorm@0.3.31 want: ^4.3.1
1972 silly placeDep ROOT app-root-path@3.1.0 OK for: typeorm@0.3.31 want: ^3.1.0
1973 silly placeDep node_modules/typeorm buffer@6.0.3 OK for: typeorm@0.3.31 want: ^6.0.3
1974 silly placeDep ROOT dayjs@1.11.23 OK for: typeorm@0.3.31 want: ^1.11.21
1975 silly placeDep ROOT dedent@1.7.2 OK for: typeorm@0.3.31 want: ^1.7.2
1976 silly placeDep node_modules/typeorm glob@10.5.0 OK for: typeorm@0.3.31 want: ^10.5.0
1977 silly placeDep ROOT sha.js@2.4.12 OK for: typeorm@0.3.31 want: ^2.4.12
1978 silly placeDep ROOT sql-highlight@6.1.0 OK for: typeorm@0.3.31 want: ^6.1.0
1979 silly placeDep ROOT uuid@11.1.1 OK for: typeorm@0.3.31 want: ^11.1.1
1980 silly placeDep ROOT yargs@17.7.3 OK for: typeorm@0.3.31 want: ^17.7.3
1981 silly fetch manifest jackspeak@^3.1.2
1982 silly packumentCache full:https://registry.npmjs.org/jackspeak cache-miss
1983 silly fetch manifest minimatch@^9.0.4
1984 silly packumentCache full:https://registry.npmjs.org/minimatch cache-hit
1985 silly fetch manifest path-scurry@^1.11.1
1986 silly packumentCache full:https://registry.npmjs.org/path-scurry cache-miss
1987 silly fetch manifest foreground-child@^3.1.0
1988 silly packumentCache full:https://registry.npmjs.org/foreground-child cache-miss
1989 silly fetch manifest package-json-from-dist@^1.0.0
1990 silly packumentCache full:https://registry.npmjs.org/package-json-from-dist cache-miss
1991 silly fetch manifest to-buffer@^1.2.0
1992 silly packumentCache full:https://registry.npmjs.org/to-buffer cache-miss
1993 silly fetch manifest y18n@^5.0.5
1994 silly packumentCache full:https://registry.npmjs.org/y18n cache-miss
1995 silly fetch manifest cliui@^8.0.1
1996 silly packumentCache full:https://registry.npmjs.org/cliui cache-miss
1997 silly fetch manifest escalade@^3.1.1
1998 silly packumentCache full:https://registry.npmjs.org/escalade cache-miss
1999 silly fetch manifest get-caller-file@^2.0.5
2000 silly packumentCache full:https://registry.npmjs.org/get-caller-file cache-miss
2001 silly fetch manifest require-directory@^2.1.1
2002 silly packumentCache full:https://registry.npmjs.org/require-directory cache-miss
2003 http cache https://registry.npmjs.org/path-scurry 15ms (cache hit)
2004 silly packumentCache full:https://registry.npmjs.org/path-scurry set size:117612 disposed:false
2005 http fetch GET 200 https://registry.npmjs.org/package-json-from-dist 53ms (cache miss)
2006 silly packumentCache full:https://registry.npmjs.org/package-json-from-dist set size:undefined disposed:false
2007 http fetch GET 200 https://registry.npmjs.org/require-directory 55ms (cache miss)
2008 silly packumentCache full:https://registry.npmjs.org/require-directory set size:undefined disposed:false
2009 http fetch GET 200 https://registry.npmjs.org/escalade 56ms (cache miss)
2010 silly packumentCache full:https://registry.npmjs.org/escalade set size:undefined disposed:false
2011 http fetch GET 200 https://registry.npmjs.org/foreground-child 59ms (cache miss)
2012 silly packumentCache full:https://registry.npmjs.org/foreground-child set size:undefined disposed:false
2013 http fetch GET 200 https://registry.npmjs.org/y18n 62ms (cache miss)
2014 silly packumentCache full:https://registry.npmjs.org/y18n set size:undefined disposed:false
2015 http fetch GET 200 https://registry.npmjs.org/get-caller-file 67ms (cache miss)
2016 silly packumentCache full:https://registry.npmjs.org/get-caller-file set size:undefined disposed:false
2017 http fetch GET 200 https://registry.npmjs.org/cliui 68ms (cache miss)
2018 silly packumentCache full:https://registry.npmjs.org/cliui set size:undefined disposed:false
2019 http fetch GET 200 https://registry.npmjs.org/to-buffer 132ms (cache miss)
2020 silly packumentCache full:https://registry.npmjs.org/to-buffer set size:undefined disposed:false
2021 http fetch GET 200 https://registry.npmjs.org/jackspeak 134ms (cache miss)
2022 silly packumentCache full:https://registry.npmjs.org/jackspeak set size:undefined disposed:false
2023 silly placeDep ROOT to-buffer@1.2.2 OK for: sha.js@2.4.12 want: ^1.2.0
2024 silly fetch manifest isarray@^2.0.5
2025 silly packumentCache full:https://registry.npmjs.org/isarray cache-miss
2026 silly fetch manifest typed-array-buffer@^1.0.3
2027 silly packumentCache full:https://registry.npmjs.org/typed-array-buffer cache-miss
2028 http fetch GET 200 https://registry.npmjs.org/typed-array-buffer 43ms (cache miss)
2029 silly packumentCache full:https://registry.npmjs.org/typed-array-buffer set size:undefined disposed:false
2030 http fetch GET 200 https://registry.npmjs.org/isarray 44ms (cache miss)
2031 silly packumentCache full:https://registry.npmjs.org/isarray set size:undefined disposed:false
2032 silly placeDep ROOT isarray@2.0.5 OK for: to-buffer@1.2.2 want: ^2.0.5
2033 silly placeDep ROOT typed-array-buffer@1.0.3 OK for: to-buffer@1.2.2 want: ^1.0.3
2034 silly fetch manifest is-typed-array@^1.1.14
2035 silly packumentCache full:https://registry.npmjs.org/is-typed-array cache-miss
2036 http fetch GET 200 https://registry.npmjs.org/is-typed-array 127ms (cache miss)
2037 silly packumentCache full:https://registry.npmjs.org/is-typed-array set size:undefined disposed:false
2038 silly placeDep ROOT is-typed-array@1.1.15 OK for: typed-array-buffer@1.0.3 want: ^1.1.14
2039 silly fetch manifest which-typed-array@^1.1.16
2040 silly packumentCache full:https://registry.npmjs.org/which-typed-array cache-miss
2041 http fetch GET 200 https://registry.npmjs.org/which-typed-array 47ms (cache miss)
2042 silly packumentCache full:https://registry.npmjs.org/which-typed-array set size:undefined disposed:false
2043 silly placeDep ROOT which-typed-array@1.1.22 OK for: is-typed-array@1.1.15 want: ^1.1.16
2044 silly fetch manifest for-each@^0.3.5
2045 silly packumentCache full:https://registry.npmjs.org/for-each cache-miss
2046 silly fetch manifest call-bind@^1.0.9
2047 silly packumentCache full:https://registry.npmjs.org/call-bind cache-miss
2048 silly fetch manifest has-tostringtag@^1.0.2
2049 silly packumentCache full:https://registry.npmjs.org/has-tostringtag cache-miss
2050 silly fetch manifest available-typed-arrays@^1.0.7
2051 silly packumentCache full:https://registry.npmjs.org/available-typed-arrays cache-miss
2052 http fetch GET 200 https://registry.npmjs.org/for-each 46ms (cache miss)
2053 silly packumentCache full:https://registry.npmjs.org/for-each set size:undefined disposed:false
2054 http fetch GET 200 https://registry.npmjs.org/call-bind 46ms (cache miss)
2055 silly packumentCache full:https://registry.npmjs.org/call-bind set size:undefined disposed:false
2056 http fetch GET 200 https://registry.npmjs.org/has-tostringtag 48ms (cache miss)
2057 silly packumentCache full:https://registry.npmjs.org/has-tostringtag set size:undefined disposed:false
2058 http fetch GET 200 https://registry.npmjs.org/available-typed-arrays 57ms (cache miss)
2059 silly packumentCache full:https://registry.npmjs.org/available-typed-arrays set size:undefined disposed:false
2060 silly placeDep ROOT @lukeed/csprng@1.1.0 OK for: uid@2.0.2 want: ^1.0.0
2061 silly placeDep ROOT defaults@1.0.4 OK for: wcwidth@1.0.1 want: ^1.0.3
2062 silly fetch manifest clone@^1.0.2
2063 silly packumentCache full:https://registry.npmjs.org/clone cache-miss
2064 http fetch GET 200 https://registry.npmjs.org/clone 64ms (cache miss)
2065 silly packumentCache full:https://registry.npmjs.org/clone set size:undefined disposed:false
2066 silly placeDep ROOT clone@1.0.4 OK for: defaults@1.0.4 want: ^1.0.2
2067 silly fetch manifest webpack@^5.1.0
2068 silly packumentCache full:https://registry.npmjs.org/webpack cache-miss
2069 http cache https://registry.npmjs.org/webpack 17ms (cache hit)
2070 silly packumentCache full:https://registry.npmjs.org/webpack set size:5175310 disposed:false
2071 silly placeDep ROOT @types/eslint-scope@3.7.7 OK for: webpack@5.106.2 want: ^3.7.7
2072 silly placeDep ROOT @types/estree@1.0.9 OK for: webpack@5.106.2 want: ^1.0.8
2073 silly placeDep ROOT @webassemblyjs/ast@1.14.1 OK for: webpack@5.106.2 want: ^1.14.1
2074 silly placeDep ROOT @webassemblyjs/wasm-edit@1.14.1 OK for: webpack@5.106.2 want: ^1.14.1
2075 silly placeDep ROOT @webassemblyjs/wasm-parser@1.14.1 OK for: webpack@5.106.2 want: ^1.14.1
2076 silly placeDep ROOT acorn-import-phases@1.0.4 OK for: webpack@5.106.2 want: ^1.0.3
2077 silly placeDep ROOT browserslist@4.28.8 OK for: webpack@5.106.2 want: ^4.28.1
2078 silly placeDep ROOT chrome-trace-event@1.0.4 OK for: webpack@5.106.2 want: ^1.0.2
2079 silly placeDep ROOT es-module-lexer@2.3.2 OK for: webpack@5.106.2 want: ^2.0.0
2080 silly placeDep ROOT eslint-scope@5.1.1 OK for: webpack@5.106.2 want: 5.1.1
2081 silly placeDep ROOT events@3.3.0 OK for: webpack@5.106.2 want: ^3.2.0
2082 silly placeDep ROOT glob-to-regexp@0.4.1 OK for: webpack@5.106.2 want: ^0.4.1
2083 silly placeDep ROOT loader-runner@4.3.2 OK for: webpack@5.106.2 want: ^4.3.1
2084 silly placeDep ROOT neo-async@2.6.2 OK for: webpack@5.106.2 want: ^2.6.2
2085 silly placeDep node_modules/webpack schema-utils@4.3.3 OK for: webpack@5.106.2 want: ^4.3.3
2086 silly placeDep ROOT terser-webpack-plugin@5.6.1 OK for: webpack@5.106.2 want: ^5.3.17
2087 silly placeDep ROOT watchpack@2.5.2 OK for: webpack@5.106.2 want: ^2.5.1
2088 silly placeDep ROOT webpack-sources@3.5.1 OK for: webpack@5.106.2 want: ^3.3.4
2089 silly fetch manifest @types/eslint@*
2090 silly packumentCache full:https://registry.npmjs.org/@types%2feslint cache-miss
2091 silly fetch manifest @types/estree@*
2092 silly packumentCache full:https://registry.npmjs.org/@types%2festree cache-miss
2093 silly fetch manifest @webassemblyjs/helper-numbers@1.13.2
2094 silly packumentCache full:https://registry.npmjs.org/@webassemblyjs%2fhelper-numbers cache-miss
2095 silly fetch manifest @webassemblyjs/helper-wasm-bytecode@1.13.2
2096 silly packumentCache full:https://registry.npmjs.org/@webassemblyjs%2fhelper-wasm-bytecode cache-miss
2097 silly fetch manifest @webassemblyjs/helper-buffer@1.14.1
2098 silly packumentCache full:https://registry.npmjs.org/@webassemblyjs%2fhelper-buffer cache-miss
2099 silly fetch manifest @webassemblyjs/helper-wasm-bytecode@1.13.2
2100 silly packumentCache full:https://registry.npmjs.org/@webassemblyjs%2fhelper-wasm-bytecode cache-miss
2101 silly fetch manifest @webassemblyjs/helper-wasm-section@1.14.1
2102 silly packumentCache full:https://registry.npmjs.org/@webassemblyjs%2fhelper-wasm-section cache-miss
2103 silly fetch manifest @webassemblyjs/wasm-gen@1.14.1
2104 silly packumentCache full:https://registry.npmjs.org/@webassemblyjs%2fwasm-gen cache-miss
2105 silly fetch manifest @webassemblyjs/wasm-opt@1.14.1
2106 silly packumentCache full:https://registry.npmjs.org/@webassemblyjs%2fwasm-opt cache-miss
2107 silly fetch manifest @webassemblyjs/wasm-parser@1.14.1
2108 silly packumentCache full:https://registry.npmjs.org/@webassemblyjs%2fwasm-parser cache-miss
2109 silly fetch manifest @webassemblyjs/wast-printer@1.14.1
2110 silly packumentCache full:https://registry.npmjs.org/@webassemblyjs%2fwast-printer cache-miss
2111 http cache https://registry.npmjs.org/@types%2festree 44ms (cache hit)
2112 silly packumentCache full:https://registry.npmjs.org/@types%2festree set size:76072 disposed:false
2113 silly fetch manifest @webassemblyjs/helper-api-error@1.13.2
2114 silly packumentCache full:https://registry.npmjs.org/@webassemblyjs%2fhelper-api-error cache-miss
2115 http cache https://registry.npmjs.org/@webassemblyjs%2fwasm-parser 44ms (cache hit)
2116 silly packumentCache full:https://registry.npmjs.org/@webassemblyjs%2fwasm-parser set size:214115 disposed:false
2117 silly fetch manifest @webassemblyjs/helper-wasm-bytecode@1.13.2
2118 silly packumentCache full:https://registry.npmjs.org/@webassemblyjs%2fhelper-wasm-bytecode cache-miss
2119 http fetch GET 200 https://registry.npmjs.org/@webassemblyjs%2fhelper-numbers 88ms (cache miss)
2120 silly packumentCache full:https://registry.npmjs.org/@webassemblyjs%2fhelper-numbers set size:undefined disposed:false
2121 silly fetch manifest @webassemblyjs/ieee754@1.13.2
2122 silly packumentCache full:https://registry.npmjs.org/@webassemblyjs%2fieee754 cache-miss
2123 http fetch GET 200 https://registry.npmjs.org/@webassemblyjs%2fhelper-wasm-bytecode 99ms (cache miss)
2124 silly packumentCache full:https://registry.npmjs.org/@webassemblyjs%2fhelper-wasm-bytecode set size:undefined disposed:false
2125 silly fetch manifest @webassemblyjs/leb128@1.13.2
2126 silly packumentCache full:https://registry.npmjs.org/@webassemblyjs%2fleb128 cache-miss
2127 http fetch GET 200 https://registry.npmjs.org/@webassemblyjs%2fwasm-opt 104ms (cache miss)
2128 silly packumentCache full:https://registry.npmjs.org/@webassemblyjs%2fwasm-opt set size:undefined disposed:false
2129 silly fetch manifest @webassemblyjs/utf8@1.13.2
2130 silly packumentCache full:https://registry.npmjs.org/@webassemblyjs%2futf8 cache-miss
2131 http fetch GET 200 https://registry.npmjs.org/@webassemblyjs%2fhelper-wasm-bytecode 108ms (cache miss)
2132 silly packumentCache full:https://registry.npmjs.org/@webassemblyjs%2fhelper-wasm-bytecode set size:undefined disposed:false
2133 silly fetch manifest caniuse-lite@^1.0.30001809
2134 silly packumentCache full:https://registry.npmjs.org/caniuse-lite cache-miss
2135 http fetch GET 200 https://registry.npmjs.org/@webassemblyjs%2fhelper-buffer 113ms (cache miss)
2136 silly packumentCache full:https://registry.npmjs.org/@webassemblyjs%2fhelper-buffer set size:undefined disposed:false
2137 silly fetch manifest node-releases@^2.0.53
2138 silly packumentCache full:https://registry.npmjs.org/node-releases cache-miss
2139 http fetch GET 200 https://registry.npmjs.org/@webassemblyjs%2fhelper-wasm-section 124ms (cache miss)
2140 silly packumentCache full:https://registry.npmjs.org/@webassemblyjs%2fhelper-wasm-section set size:undefined disposed:false
2141 silly fetch manifest electron-to-chromium@^1.5.402
2142 silly packumentCache full:https://registry.npmjs.org/electron-to-chromium cache-miss
2143 http fetch GET 200 https://registry.npmjs.org/@webassemblyjs%2fwasm-gen 130ms (cache miss)
2144 silly packumentCache full:https://registry.npmjs.org/@webassemblyjs%2fwasm-gen set size:undefined disposed:false
2145 silly fetch manifest update-browserslist-db@^1.3.0
2146 silly packumentCache full:https://registry.npmjs.org/update-browserslist-db cache-miss
2147 http fetch GET 200 https://registry.npmjs.org/@types%2feslint 143ms (cache miss)
2148 silly packumentCache full:https://registry.npmjs.org/@types%2feslint set size:undefined disposed:false
2149 silly fetch manifest baseline-browser-mapping@^2.11.12
2150 silly packumentCache full:https://registry.npmjs.org/baseline-browser-mapping cache-miss
2151 http fetch GET 200 https://registry.npmjs.org/@webassemblyjs%2fwast-printer 151ms (cache miss)
2152 silly packumentCache full:https://registry.npmjs.org/@webassemblyjs%2fwast-printer set size:undefined disposed:false
2153 silly fetch manifest esrecurse@^4.3.0
2154 silly packumentCache full:https://registry.npmjs.org/esrecurse cache-miss
2155 http fetch GET 200 https://registry.npmjs.org/@webassemblyjs%2fhelper-api-error 117ms (cache miss)
2156 silly packumentCache full:https://registry.npmjs.org/@webassemblyjs%2fhelper-api-error set size:undefined disposed:false
2157 silly fetch manifest estraverse@^4.1.1
2158 silly packumentCache full:https://registry.npmjs.org/estraverse cache-miss
2159 http fetch GET 200 https://registry.npmjs.org/@webassemblyjs%2fieee754 91ms (cache miss)
2160 silly packumentCache full:https://registry.npmjs.org/@webassemblyjs%2fieee754 set size:undefined disposed:false
2161 silly fetch manifest ajv-formats@^2.1.1
2162 silly packumentCache full:https://registry.npmjs.org/ajv-formats cache-miss
2163 http fetch GET 200 https://registry.npmjs.org/@webassemblyjs%2futf8 90ms (cache miss)
2164 silly packumentCache full:https://registry.npmjs.org/@webassemblyjs%2futf8 set size:undefined disposed:false
2165 silly fetch manifest ajv-keywords@^5.1.0
2166 silly packumentCache full:https://registry.npmjs.org/ajv-keywords cache-miss
2167 http fetch GET 200 https://registry.npmjs.org/update-browserslist-db 67ms (cache miss)
2168 silly packumentCache full:https://registry.npmjs.org/update-browserslist-db set size:undefined disposed:false
2169 silly fetch manifest @jridgewell/trace-mapping@^0.3.25
2170 silly packumentCache full:https://registry.npmjs.org/@jridgewell%2ftrace-mapping cache-miss
2171 http fetch GET 200 https://registry.npmjs.org/@webassemblyjs%2fhelper-wasm-bytecode 156ms (cache miss)
2172 silly packumentCache full:https://registry.npmjs.org/@webassemblyjs%2fhelper-wasm-bytecode set size:undefined disposed:false
2173 silly fetch manifest jest-worker@^27.4.5
2174 silly packumentCache full:https://registry.npmjs.org/jest-worker cache-miss
2175 http fetch GET 200 https://registry.npmjs.org/@webassemblyjs%2fleb128 105ms (cache miss)
2176 silly packumentCache full:https://registry.npmjs.org/@webassemblyjs%2fleb128 set size:undefined disposed:false
2177 silly fetch manifest schema-utils@^4.3.0
2178 silly packumentCache full:https://registry.npmjs.org/schema-utils cache-miss
2179 http cache https://registry.npmjs.org/ajv-formats 36ms (cache hit)
2180 silly packumentCache full:https://registry.npmjs.org/ajv-formats set size:141264 disposed:false
2181 silly fetch manifest terser@^5.31.1
2182 silly packumentCache full:https://registry.npmjs.org/terser cache-miss
2183 http fetch GET 200 https://registry.npmjs.org/node-releases 115ms (cache miss)
2184 silly packumentCache full:https://registry.npmjs.org/node-releases set size:undefined disposed:false
2185 http cache https://registry.npmjs.org/ajv-keywords 39ms (cache hit)
2186 silly packumentCache full:https://registry.npmjs.org/ajv-keywords set size:310004 disposed:false
2187 http fetch GET 200 https://registry.npmjs.org/esrecurse 88ms (cache miss)
2188 silly packumentCache full:https://registry.npmjs.org/esrecurse set size:undefined disposed:false
2189 http cache https://registry.npmjs.org/@jridgewell%2ftrace-mapping 46ms (cache hit)
2190 silly packumentCache full:https://registry.npmjs.org/@jridgewell%2ftrace-mapping set size:170909 disposed:false
2191 http fetch GET 200 https://registry.npmjs.org/estraverse 88ms (cache miss)
2192 silly packumentCache full:https://registry.npmjs.org/estraverse set size:undefined disposed:false
2193 http cache https://registry.npmjs.org/schema-utils 44ms (cache hit)
2194 silly packumentCache full:https://registry.npmjs.org/schema-utils set size:166563 disposed:false
2195 http fetch GET 200 https://registry.npmjs.org/jest-worker 80ms (cache miss)
2196 silly packumentCache full:https://registry.npmjs.org/jest-worker set size:undefined disposed:false
2197 http fetch GET 200 https://registry.npmjs.org/baseline-browser-mapping 158ms (cache miss)
2198 silly packumentCache full:https://registry.npmjs.org/baseline-browser-mapping set size:undefined disposed:false
2199 http fetch GET 200 https://registry.npmjs.org/caniuse-lite 211ms (cache miss)
2200 silly packumentCache full:https://registry.npmjs.org/caniuse-lite set size:undefined disposed:false
2201 http fetch GET 200 https://registry.npmjs.org/electron-to-chromium 236ms (cache miss)
2202 silly packumentCache full:https://registry.npmjs.org/electron-to-chromium set size:undefined disposed:false
2203 http fetch GET 200 https://registry.npmjs.org/terser 189ms (cache miss)
2204 silly packumentCache full:https://registry.npmjs.org/terser set size:undefined disposed:false
2205 silly placeDep ROOT @types/eslint@9.6.1 OK for: @types/eslint-scope@3.7.7 want: *
2206 silly placeDep ROOT @webassemblyjs/helper-numbers@1.13.2 OK for: @webassemblyjs/ast@1.14.1 want: 1.13.2
2207 silly placeDep ROOT @webassemblyjs/helper-wasm-bytecode@1.13.2 OK for: @webassemblyjs/ast@1.14.1 want: 1.13.2
2208 silly fetch manifest @xtuc/long@4.2.2
2209 silly packumentCache full:https://registry.npmjs.org/@xtuc%2flong cache-miss
2210 silly fetch manifest @webassemblyjs/floating-point-hex-parser@1.13.2
2211 silly packumentCache full:https://registry.npmjs.org/@webassemblyjs%2ffloating-point-hex-parser cache-miss
2212 http fetch GET 200 https://registry.npmjs.org/@xtuc%2flong 71ms (cache miss)
2213 silly packumentCache full:https://registry.npmjs.org/@xtuc%2flong set size:undefined disposed:false
2214 http fetch GET 200 https://registry.npmjs.org/@webassemblyjs%2ffloating-point-hex-parser 73ms (cache miss)
2215 silly packumentCache full:https://registry.npmjs.org/@webassemblyjs%2ffloating-point-hex-parser set size:undefined disposed:false
2216 silly placeDep ROOT @webassemblyjs/floating-point-hex-parser@1.13.2 OK for: @webassemblyjs/helper-numbers@1.13.2 want: 1.13.2
2217 silly placeDep ROOT @webassemblyjs/helper-api-error@1.13.2 OK for: @webassemblyjs/helper-numbers@1.13.2 want: 1.13.2
2218 silly placeDep ROOT @xtuc/long@4.2.2 OK for: @webassemblyjs/helper-numbers@1.13.2 want: 4.2.2
2219 silly placeDep ROOT @webassemblyjs/helper-buffer@1.14.1 OK for: @webassemblyjs/wasm-edit@1.14.1 want: 1.14.1
2220 silly placeDep ROOT @webassemblyjs/helper-wasm-section@1.14.1 OK for: @webassemblyjs/wasm-edit@1.14.1 want: 1.14.1
2221 silly placeDep ROOT @webassemblyjs/wasm-gen@1.14.1 OK for: @webassemblyjs/wasm-edit@1.14.1 want: 1.14.1
2222 silly placeDep ROOT @webassemblyjs/wasm-opt@1.14.1 OK for: @webassemblyjs/wasm-edit@1.14.1 want: 1.14.1
2223 silly placeDep ROOT @webassemblyjs/wast-printer@1.14.1 OK for: @webassemblyjs/wasm-edit@1.14.1 want: 1.14.1
2224 silly placeDep ROOT @webassemblyjs/ieee754@1.13.2 OK for: @webassemblyjs/wasm-gen@1.14.1 want: 1.13.2
2225 silly placeDep ROOT @webassemblyjs/leb128@1.13.2 OK for: @webassemblyjs/wasm-gen@1.14.1 want: 1.13.2
2226 silly placeDep ROOT @webassemblyjs/utf8@1.13.2 OK for: @webassemblyjs/wasm-gen@1.14.1 want: 1.13.2
2227 silly fetch manifest @xtuc/ieee754@^1.2.0
2228 silly packumentCache full:https://registry.npmjs.org/@xtuc%2fieee754 cache-miss
2229 http fetch GET 200 https://registry.npmjs.org/@xtuc%2fieee754 66ms (cache miss)
2230 silly packumentCache full:https://registry.npmjs.org/@xtuc%2fieee754 set size:undefined disposed:false
2231 silly placeDep ROOT @xtuc/ieee754@1.2.0 OK for: @webassemblyjs/ieee754@1.13.2 want: ^1.2.0
2232 silly fetch manifest browserslist@>= 4.21.0
2233 silly packumentCache full:https://registry.npmjs.org/browserslist cache-miss
2234 http cache https://registry.npmjs.org/browserslist 8ms (cache hit)
2235 silly packumentCache full:https://registry.npmjs.org/browserslist set size:518659 disposed:false
2236 silly placeDep ROOT baseline-browser-mapping@2.11.21 OK for: browserslist@4.28.8 want: ^2.11.12
2237 silly placeDep ROOT caniuse-lite@1.0.30001810 OK for: browserslist@4.28.8 want: ^1.0.30001809
2238 silly placeDep ROOT electron-to-chromium@1.5.420 OK for: browserslist@4.28.8 want: ^1.5.402
2239 silly placeDep ROOT node-releases@2.0.54 OK for: browserslist@4.28.8 want: ^2.0.53
2240 silly placeDep ROOT update-browserslist-db@1.3.2 OK for: browserslist@4.28.8 want: ^1.3.0
2241 silly fetch manifest escalade@^3.2.0
2242 silly packumentCache full:https://registry.npmjs.org/escalade cache-miss
2243 http cache https://registry.npmjs.org/escalade 6ms (cache hit)
2244 silly packumentCache full:https://registry.npmjs.org/escalade set size:33724 disposed:false
2245 silly placeDep ROOT esrecurse@4.3.0 OK for: eslint-scope@5.1.1 want: ^4.3.0
2246 silly placeDep ROOT estraverse@4.3.0 OK for: eslint-scope@5.1.1 want: ^4.1.1
2247 silly fetch manifest estraverse@^5.2.0
2248 silly packumentCache full:https://registry.npmjs.org/estraverse cache-miss
2249 http cache https://registry.npmjs.org/estraverse 6ms (cache hit)
2250 silly packumentCache full:https://registry.npmjs.org/estraverse set size:62412 disposed:false
2251 silly placeDep node_modules/esrecurse estraverse@5.3.0 OK for: esrecurse@4.3.0 want: ^5.2.0
2252 silly placeDep node_modules/terser-webpack-plugin @jridgewell/trace-mapping@0.3.31 OK for: terser-webpack-plugin@5.6.1 want: ^0.3.25
2253 silly placeDep ROOT jest-worker@27.5.1 OK for: terser-webpack-plugin@5.6.1 want: ^27.4.5
2254 silly placeDep node_modules/terser-webpack-plugin schema-utils@4.3.3 OK for: terser-webpack-plugin@5.6.1 want: ^4.3.0
2255 silly placeDep ROOT terser@5.51.2 OK for: terser-webpack-plugin@5.6.1 want: ^5.31.1
2256 silly fetch manifest merge-stream@^2.0.0
2257 silly packumentCache full:https://registry.npmjs.org/merge-stream cache-miss
2258 silly fetch manifest supports-color@^8.0.0
2259 silly packumentCache full:https://registry.npmjs.org/supports-color cache-miss
2260 silly fetch manifest commander@^2.20.0
2261 silly packumentCache full:https://registry.npmjs.org/commander cache-miss
2262 silly fetch manifest source-map-support@~0.5.20
2263 silly packumentCache full:https://registry.npmjs.org/source-map-support cache-miss
2264 silly fetch manifest @jridgewell/source-map@^0.3.3
2265 silly packumentCache full:https://registry.npmjs.org/@jridgewell%2fsource-map cache-miss
2266 http cache https://registry.npmjs.org/commander 10ms (cache hit)
2267 silly packumentCache full:https://registry.npmjs.org/commander set size:353104 disposed:false
2268 http cache https://registry.npmjs.org/supports-color 17ms (cache hit)
2269 silly packumentCache full:https://registry.npmjs.org/supports-color set size:124169 disposed:false
2270 http fetch GET 200 https://registry.npmjs.org/merge-stream 41ms (cache miss)
2271 silly packumentCache full:https://registry.npmjs.org/merge-stream set size:undefined disposed:false
2272 http fetch GET 200 https://registry.npmjs.org/@jridgewell%2fsource-map 52ms (cache miss)
2273 silly packumentCache full:https://registry.npmjs.org/@jridgewell%2fsource-map set size:undefined disposed:false
2274 http fetch GET 200 https://registry.npmjs.org/source-map-support 145ms (cache miss)
2275 silly packumentCache full:https://registry.npmjs.org/source-map-support set size:undefined disposed:false
2276 silly placeDep ROOT merge-stream@2.0.0 OK for: jest-worker@27.5.1 want: ^2.0.0
2277 silly placeDep node_modules/jest-worker supports-color@8.1.1 OK for: jest-worker@27.5.1 want: ^8.0.0
2278 silly placeDep ROOT @jridgewell/source-map@0.3.11 OK for: terser@5.51.2 want: ^0.3.3
2279 silly placeDep node_modules/terser commander@2.20.3 OK for: terser@5.51.2 want: ^2.20.0
2280 silly placeDep ROOT source-map-support@0.5.21 OK for: terser@5.51.2 want: ~0.5.20
2281 silly fetch manifest @jridgewell/gen-mapping@^0.3.5
2282 silly packumentCache full:https://registry.npmjs.org/@jridgewell%2fgen-mapping cache-miss
2283 silly fetch manifest source-map@^0.6.0
2284 silly packumentCache full:https://registry.npmjs.org/source-map cache-miss
2285 http cache https://registry.npmjs.org/source-map 10ms (cache hit)
2286 silly packumentCache full:https://registry.npmjs.org/source-map set size:231637 disposed:false
2287 http fetch GET 200 https://registry.npmjs.org/@jridgewell%2fgen-mapping 55ms (cache miss)
2288 silly packumentCache full:https://registry.npmjs.org/@jridgewell%2fgen-mapping set size:undefined disposed:false
2289 silly placeDep ROOT @jridgewell/gen-mapping@0.3.13 OK for: @jridgewell/source-map@0.3.11 want: ^0.3.5
2290 silly placeDep node_modules/@jridgewell/source-map @jridgewell/trace-mapping@0.3.31 OK for: @jridgewell/source-map@0.3.11 want: ^0.3.25
2291 silly fetch manifest @jridgewell/trace-mapping@^0.3.24
2292 silly packumentCache full:https://registry.npmjs.org/@jridgewell%2ftrace-mapping cache-hit
2293 silly placeDep node_modules/@jridgewell/gen-mapping @jridgewell/trace-mapping@0.3.31 OK for: @jridgewell/gen-mapping@0.3.13 want: ^0.3.24
2294 silly placeDep node_modules/source-map-support source-map@0.6.1 OK for: source-map-support@0.5.21 want: ^0.6.0
2295 silly placeDep ROOT escalade@3.2.0 OK for: update-browserslist-db@1.3.2 want: ^3.2.0
2296 silly placeDep ROOT available-typed-arrays@1.0.7 OK for: which-typed-array@1.1.22 want: ^1.0.7
2297 silly placeDep ROOT call-bind@1.0.9 OK for: which-typed-array@1.1.22 want: ^1.0.9
2298 silly placeDep ROOT for-each@0.3.5 OK for: which-typed-array@1.1.22 want: ^0.3.5
2299 silly placeDep ROOT has-tostringtag@1.0.2 OK for: which-typed-array@1.1.22 want: ^1.0.2
2300 silly fetch manifest possible-typed-array-names@^1.0.0
2301 silly packumentCache full:https://registry.npmjs.org/possible-typed-array-names cache-miss
2302 silly fetch manifest set-function-length@^1.2.2
2303 silly packumentCache full:https://registry.npmjs.org/set-function-length cache-miss
2304 silly fetch manifest is-callable@^1.2.7
2305 silly packumentCache full:https://registry.npmjs.org/is-callable cache-miss
2306 http fetch GET 200 https://registry.npmjs.org/possible-typed-array-names 59ms (cache miss)
2307 silly packumentCache full:https://registry.npmjs.org/possible-typed-array-names set size:undefined disposed:false
2308 http fetch GET 200 https://registry.npmjs.org/is-callable 60ms (cache miss)
2309 silly packumentCache full:https://registry.npmjs.org/is-callable set size:undefined disposed:false
2310 http fetch GET 200 https://registry.npmjs.org/set-function-length 61ms (cache miss)
2311 silly packumentCache full:https://registry.npmjs.org/set-function-length set size:undefined disposed:false
2312 silly placeDep ROOT possible-typed-array-names@1.1.0 OK for: available-typed-arrays@1.0.7 want: ^1.0.0
2313 silly placeDep ROOT set-function-length@1.2.2 OK for: call-bind@1.0.9 want: ^1.2.2
2314 silly fetch manifest define-data-property@^1.1.4
2315 silly packumentCache full:https://registry.npmjs.org/define-data-property cache-miss
2316 silly fetch manifest has-property-descriptors@^1.0.2
2317 silly packumentCache full:https://registry.npmjs.org/has-property-descriptors cache-miss
2318 http fetch GET 200 https://registry.npmjs.org/define-data-property 39ms (cache miss)
2319 silly packumentCache full:https://registry.npmjs.org/define-data-property set size:undefined disposed:false
2320 http fetch GET 200 https://registry.npmjs.org/has-property-descriptors 40ms (cache miss)
2321 silly packumentCache full:https://registry.npmjs.org/has-property-descriptors set size:undefined disposed:false
2322 silly placeDep ROOT is-callable@1.2.7 OK for: for-each@0.3.5 want: ^1.2.7
2323 silly placeDep ROOT define-data-property@1.1.4 OK for: set-function-length@1.2.2 want: ^1.1.4
2324 silly placeDep ROOT has-property-descriptors@1.0.2 OK for: set-function-length@1.2.2 want: ^1.0.2
2325 silly placeDep ROOT cliui@8.0.1 OK for: yargs@17.7.3 want: ^8.0.1
2326 silly placeDep ROOT get-caller-file@2.0.5 OK for: yargs@17.7.3 want: ^2.0.5
2327 silly placeDep ROOT require-directory@2.1.1 OK for: yargs@17.7.3 want: ^2.1.1
2328 silly placeDep ROOT y18n@5.0.8 OK for: yargs@17.7.3 want: ^5.0.5
2329 silly fetch manifest wrap-ansi@^7.0.0
2330 silly packumentCache full:https://registry.npmjs.org/wrap-ansi cache-miss
2331 http cache https://registry.npmjs.org/wrap-ansi 6ms (cache hit)
2332 silly packumentCache full:https://registry.npmjs.org/wrap-ansi set size:57461 disposed:false
2333 silly placeDep node_modules/cliui wrap-ansi@7.0.0 OK for: cliui@8.0.1 want: ^7.0.0
2334 silly placeDep node_modules/@nestjs/schematics rxjs@7.8.1 OK for: @angular-devkit/core@19.2.24 want: 7.8.1
2335 silly placeDep node_modules/glob brace-expansion@5.0.9 OK for: minimatch@10.2.6 want: ^5.0.8
2336 silly fetch manifest balanced-match@^4.0.2
2337 silly packumentCache full:https://registry.npmjs.org/balanced-match cache-miss
2338 http cache https://registry.npmjs.org/balanced-match 6ms (cache hit)
2339 silly packumentCache full:https://registry.npmjs.org/balanced-match set size:39082 disposed:false
2340 silly placeDep node_modules/glob balanced-match@4.0.4 OK for: brace-expansion@5.0.9 want: ^4.0.2
2341 silly placeDep node_modules/multer media-typer@0.3.0 OK for: type-is@1.6.18 want: 0.3.0
2342 silly placeDep node_modules/multer mime-types@2.1.35 OK for: type-is@1.6.18 want: ~2.1.24
2343 silly fetch manifest mime-db@1.52.0
2344 silly packumentCache full:https://registry.npmjs.org/mime-db cache-miss
2345 http cache https://registry.npmjs.org/mime-db 6ms (cache hit)
2346 silly packumentCache full:https://registry.npmjs.org/mime-db set size:164953 disposed:false
2347 silly placeDep node_modules/multer mime-db@1.52.0 OK for: mime-types@2.1.35 want: 1.52.0
2348 silly placeDep ROOT fast-json-stable-stringify@2.1.0 OK for: ajv@6.15.0 want: ^2.0.0
2349 silly placeDep node_modules/schema-utils json-schema-traverse@0.4.1 OK for: ajv@6.15.0 want: ^0.4.1
2350 silly placeDep ROOT uri-js@4.4.1 OK for: ajv@6.15.0 want: ^4.2.2
2351 silly fetch manifest punycode@^2.1.0
2352 silly packumentCache full:https://registry.npmjs.org/punycode cache-miss
2353 http fetch GET 200 https://registry.npmjs.org/punycode 53ms (cache miss)
2354 silly packumentCache full:https://registry.npmjs.org/punycode set size:undefined disposed:false
2355 silly placeDep ROOT punycode@2.3.1 OK for: uri-js@4.4.1 want: ^2.1.0
2356 silly fetch manifest ajv@^8.9.0
2357 silly packumentCache full:https://registry.npmjs.org/ajv cache-miss
2358 http cache https://registry.npmjs.org/ajv 9ms (cache hit)
2359 silly packumentCache full:https://registry.npmjs.org/ajv set size:1142658 disposed:false
2360 silly placeDep node_modules/terser-webpack-plugin ajv-formats@2.1.1 OK for: schema-utils@4.3.3 want: ^2.1.1
2361 silly placeDep ROOT ajv-keywords@5.1.0 OK for: schema-utils@4.3.3 want: ^5.1.0
2362 silly placeDep ROOT foreground-child@3.3.1 OK for: glob@10.5.0 want: ^3.1.0
2363 silly placeDep ROOT jackspeak@3.4.3 OK for: glob@10.5.0 want: ^3.1.2
2364 silly placeDep node_modules/typeorm minimatch@9.0.9 OK for: glob@10.5.0 want: ^9.0.4
2365 silly placeDep ROOT package-json-from-dist@1.0.1 OK for: glob@10.5.0 want: ^1.0.0
2366 silly placeDep node_modules/typeorm path-scurry@1.11.1 OK for: glob@10.5.0 want: ^1.11.1
2367 silly fetch manifest cross-spawn@^7.0.6
2368 silly packumentCache full:https://registry.npmjs.org/cross-spawn cache-miss
2369 silly fetch manifest @isaacs/cliui@^8.0.2
2370 silly packumentCache full:https://registry.npmjs.org/@isaacs%2fcliui cache-miss
2371 silly fetch manifest @pkgjs/parseargs@^0.11.0
2372 silly packumentCache full:https://registry.npmjs.org/@pkgjs%2fparseargs cache-miss
2373 silly fetch manifest brace-expansion@^2.0.2
2374 silly packumentCache full:https://registry.npmjs.org/brace-expansion cache-hit
2375 silly fetch manifest lru-cache@^10.2.0
2376 silly packumentCache full:https://registry.npmjs.org/lru-cache cache-miss
2377 http cache https://registry.npmjs.org/lru-cache 11ms (cache hit)
2378 silly packumentCache full:https://registry.npmjs.org/lru-cache set size:460407 disposed:false
2379 http fetch GET 200 https://registry.npmjs.org/@isaacs%2fcliui 56ms (cache miss)
2380 silly packumentCache full:https://registry.npmjs.org/@isaacs%2fcliui set size:undefined disposed:false
2381 http fetch GET 200 https://registry.npmjs.org/@pkgjs%2fparseargs 72ms (cache miss)
2382 silly packumentCache full:https://registry.npmjs.org/@pkgjs%2fparseargs set size:undefined disposed:false
2383 http fetch GET 200 https://registry.npmjs.org/cross-spawn 77ms (cache miss)
2384 silly packumentCache full:https://registry.npmjs.org/cross-spawn set size:undefined disposed:false
2385 silly placeDep ROOT cross-spawn@7.0.6 OK for: foreground-child@3.3.1 want: ^7.0.6
2386 silly fetch manifest which@^2.0.1
2387 silly packumentCache full:https://registry.npmjs.org/which cache-miss
2388 silly fetch manifest path-key@^3.1.0
2389 silly packumentCache full:https://registry.npmjs.org/path-key cache-miss
2390 silly fetch manifest shebang-command@^2.0.0
2391 silly packumentCache full:https://registry.npmjs.org/shebang-command cache-miss
2392 http fetch GET 200 https://registry.npmjs.org/path-key 50ms (cache miss)
2393 silly packumentCache full:https://registry.npmjs.org/path-key set size:undefined disposed:false
2394 http fetch GET 200 https://registry.npmjs.org/which 53ms (cache miss)
2395 silly packumentCache full:https://registry.npmjs.org/which set size:undefined disposed:false
2396 http fetch GET 200 https://registry.npmjs.org/shebang-command 59ms (cache miss)
2397 silly packumentCache full:https://registry.npmjs.org/shebang-command set size:undefined disposed:false
2398 silly placeDep ROOT path-key@3.1.1 OK for: cross-spawn@7.0.6 want: ^3.1.0
2399 silly placeDep ROOT shebang-command@2.0.0 OK for: cross-spawn@7.0.6 want: ^2.0.0
2400 silly placeDep ROOT which@2.0.2 OK for: cross-spawn@7.0.6 want: ^2.0.1
2401 silly fetch manifest shebang-regex@^3.0.0
2402 silly packumentCache full:https://registry.npmjs.org/shebang-regex cache-miss
2403 silly fetch manifest isexe@^2.0.0
2404 silly packumentCache full:https://registry.npmjs.org/isexe cache-miss
2405 http fetch GET 200 https://registry.npmjs.org/shebang-regex 40ms (cache miss)
2406 silly packumentCache full:https://registry.npmjs.org/shebang-regex set size:undefined disposed:false
2407 http fetch GET 200 https://registry.npmjs.org/isexe 63ms (cache miss)
2408 silly packumentCache full:https://registry.npmjs.org/isexe set size:undefined disposed:false
2409 silly placeDep ROOT @isaacs/cliui@8.0.2 OK for: jackspeak@3.4.3 want: ^8.0.2
2410 silly placeDep ROOT @pkgjs/parseargs@0.11.0 OK for: jackspeak@3.4.3 want: ^0.11.0
2411 silly fetch manifest wrap-ansi@^8.1.0
2412 silly packumentCache full:https://registry.npmjs.org/wrap-ansi cache-hit
2413 silly fetch manifest strip-ansi@^7.0.1
2414 silly packumentCache full:https://registry.npmjs.org/strip-ansi cache-hit
2415 silly fetch manifest string-width@^5.1.2
2416 silly packumentCache full:https://registry.npmjs.org/string-width cache-hit
2417 silly fetch manifest wrap-ansi-cjs@npm:wrap-ansi@^7.0.0
2418 silly packumentCache full:https://registry.npmjs.org/wrap-ansi cache-hit
2419 silly fetch manifest strip-ansi-cjs@npm:strip-ansi@^6.0.1
2420 silly packumentCache full:https://registry.npmjs.org/strip-ansi cache-hit
2421 silly fetch manifest string-width-cjs@npm:string-width@^4.2.0
2422 silly packumentCache full:https://registry.npmjs.org/string-width cache-hit
2423 silly placeDep node_modules/@isaacs/cliui string-width@5.1.2 OK for: @isaacs/cliui@8.0.2 want: ^5.1.2
2424 silly placeDep ROOT string-width-cjs@4.2.3 OK for: @isaacs/cliui@8.0.2 want: npm:string-width@^4.2.0
2425 silly placeDep node_modules/@isaacs/cliui strip-ansi@7.2.0 OK for: @isaacs/cliui@8.0.2 want: ^7.0.1
2426 silly placeDep ROOT strip-ansi-cjs@6.0.1 OK for: @isaacs/cliui@8.0.2 want: npm:strip-ansi@^6.0.1
2427 silly placeDep node_modules/@isaacs/cliui wrap-ansi@8.1.0 OK for: @isaacs/cliui@8.0.2 want: ^8.1.0
2428 silly placeDep ROOT wrap-ansi-cjs@7.0.0 OK for: @isaacs/cliui@8.0.2 want: npm:wrap-ansi@^7.0.0
2429 silly fetch manifest emoji-regex@^9.2.2
2430 silly packumentCache full:https://registry.npmjs.org/emoji-regex cache-miss
2431 silly fetch manifest eastasianwidth@^0.2.0
2432 silly packumentCache full:https://registry.npmjs.org/eastasianwidth cache-miss
2433 silly fetch manifest ansi-regex@^6.2.2
2434 silly packumentCache full:https://registry.npmjs.org/ansi-regex cache-miss
2435 silly fetch manifest ansi-styles@^6.1.0
2436 silly packumentCache full:https://registry.npmjs.org/ansi-styles cache-hit
2437 http cache https://registry.npmjs.org/ansi-regex 10ms (cache hit)
2438 silly packumentCache full:https://registry.npmjs.org/ansi-regex set size:48203 disposed:false
2439 http cache https://registry.npmjs.org/emoji-regex 12ms (cache hit)
2440 silly packumentCache full:https://registry.npmjs.org/emoji-regex set size:89064 disposed:false
2441 http fetch GET 200 https://registry.npmjs.org/eastasianwidth 52ms (cache miss)
2442 silly packumentCache full:https://registry.npmjs.org/eastasianwidth set size:undefined disposed:false
2443 silly placeDep ROOT shebang-regex@3.0.0 OK for: shebang-command@2.0.0 want: ^3.0.0
2444 silly placeDep ROOT isexe@2.0.0 OK for: which@2.0.2 want: ^2.0.0
2445 silly placeDep ROOT eastasianwidth@0.2.0 OK for: string-width@5.1.2 want: ^0.2.0
2446 silly placeDep node_modules/@isaacs/cliui emoji-regex@9.2.2 OK for: string-width@5.1.2 want: ^9.2.2
2447 silly placeDep node_modules/@isaacs/cliui ansi-regex@6.3.0 OK for: strip-ansi@7.2.0 want: ^6.2.2
2448 silly placeDep node_modules/@isaacs/cliui ansi-styles@6.2.3 OK for: wrap-ansi@8.1.0 want: ^6.1.0
2449 silly placeDep node_modules/typeorm brace-expansion@2.1.4 OK for: minimatch@9.0.9 want: ^2.0.2
2450 silly placeDep node_modules/typeorm lru-cache@10.4.3 OK for: path-scurry@1.11.1 want: ^10.2.0
2451 silly placeDep node_modules/webpack ajv-formats@2.1.1 OK for: schema-utils@4.3.3 want: ^2.1.1
2452 silly reify moves {}
2453 silly audit bulk request {
2453 silly audit   '@nestjs/cli': [ '11.0.24' ],
2453 silly audit   '@nestjs/common': [ '11.2.3' ],
2453 silly audit   rxjs: [ '7.8.2', '7.8.1' ],
2453 silly audit   'reflect-metadata': [ '0.2.2' ],
2453 silly audit   '@nestjs/core': [ '11.2.3' ],
2453 silly audit   '@nestjs/platform-express': [ '11.2.3' ],
2453 silly audit   '@nestjs/schematics': [ '11.1.0' ],
2453 silly audit   typescript: [ '5.9.3' ],
2453 silly audit   '@nestjs/testing': [ '11.2.3' ],
2453 silly audit   '@nestjs/typeorm': [ '11.0.3' ],
2453 silly audit   typeorm: [ '0.3.31' ],
2453 silly audit   '@types/express': [ '5.0.6' ],
2453 silly audit   '@types/node': [ '22.20.1' ],
2453 silly audit   '@types/nodemailer': [ '6.4.24' ],
2453 silly audit   bcryptjs: [ '2.4.3' ],
2453 silly audit   'class-transformer': [ '0.5.1' ],
2453 silly audit   'class-validator': [ '0.14.4' ],
2453 silly audit   dotenv: [ '16.6.1' ],
2453 silly audit   'env-var': [ '7.5.0' ],
2453 silly audit   nodemailer: [ '6.10.1' ],
2453 silly audit   pg: [ '8.23.0' ],
2453 silly audit   'ts-node': [ '10.9.2' ],
2453 silly audit   'tsconfig-paths': [ '4.2.0' ],
2453 silly audit   '@angular-devkit/core': [ '19.2.27', '19.2.24' ],
2453 silly audit   '@angular-devkit/schematics': [ '19.2.27', '19.2.24' ],
2453 silly audit   '@angular-devkit/schematics-cli': [ '19.2.27' ],
2453 silly audit   '@inquirer/prompts': [ '7.10.1', '7.3.2' ],
2453 silly audit   ansis: [ '4.2.0', '4.3.1' ],
2453 silly audit   chokidar: [ '4.0.3' ],
2453 silly audit   'cli-table3': [ '0.6.5' ],
2453 silly audit   commander: [ '4.1.1', '2.20.3' ],
2453 silly audit   'fork-ts-checker-webpack-plugin': [ '9.1.0' ],
2453 silly audit   webpack: [ '5.106.2' ],
2453 silly audit   glob: [ '13.0.6', '10.5.0' ],
2453 silly audit   'node-emoji': [ '1.11.0' ],
2453 silly audit   ora: [ '5.4.1' ],
2453 silly audit   'tsconfig-paths-webpack-plugin': [ '4.2.0' ],
2453 silly audit   'webpack-node-externals': [ '3.0.0' ],
2453 silly audit   ajv: [ '8.18.0', '6.15.0' ],
2453 silly audit   'ajv-formats': [ '3.0.1', '2.1.1' ],
2453 silly audit   'jsonc-parser': [ '3.3.1' ],
2453 silly audit   picomatch: [ '4.0.4' ],
2453 silly audit   'source-map': [ '0.7.4', '0.6.1' ],
2453 silly audit   'magic-string': [ '0.30.17' ],
2453 silly audit   'ansi-colors': [ '4.1.3' ],
2453 silly audit   'symbol-observable': [ '4.0.0' ],
2453 silly audit   'yargs-parser': [ '21.1.1' ],
2453 silly audit   '@inquirer/checkbox': [ '4.3.2' ],
2453 silly audit   '@inquirer/confirm': [ '5.1.21' ],
2453 silly audit   '@inquirer/editor': [ '4.2.23' ],
2453 silly audit   '@inquirer/expand': [ '4.0.23' ],
2453 silly audit   '@inquirer/input': [ '4.3.1' ],
2453 silly audit   '@inquirer/number': [ '3.0.23' ],
2453 silly audit   '@inquirer/password': [ '4.0.23' ],
2453 silly audit   '@inquirer/rawlist': [ '4.1.11' ],
2453 silly audit   '@inquirer/search': [ '3.2.2' ],
2453 silly audit   '@inquirer/select': [ '4.4.2' ],
2453 silly audit   '@inquirer/ansi': [ '1.0.2' ],
2453 silly audit   '@inquirer/core': [ '10.3.2' ],
2453 silly audit   '@inquirer/figures': [ '1.0.15' ],
2453 silly audit   '@inquirer/type': [ '3.0.10' ],
2453 silly audit   'yoctocolors-cjs': [ '2.1.3' ],
2453 silly audit   'cli-width': [ '4.1.0' ],
2453 silly audit   'mute-stream': [ '2.0.0' ],
2453 silly audit   'signal-exit': [ '4.1.0', '3.0.7' ],
2453 silly audit   'wrap-ansi': [ '6.2.0', '7.0.0', '8.1.0' ],
2453 silly audit   '@inquirer/external-editor': [ '1.0.3' ],
2453 silly audit   chardet: [ '2.2.0' ],
2453 silly audit   'iconv-lite': [ '0.7.3' ],
2453 silly audit   'file-type': [ '21.3.4' ],
2453 silly audit   iterare: [ '1.2.1' ],
2453 silly audit   'load-esm': [ '1.0.3' ],
2453 silly audit   tslib: [ '2.8.1' ],
2453 silly audit   uid: [ '2.0.2' ],
2453 silly audit   'fast-safe-stringify': [ '2.1.1' ],
2453 silly audit   'path-to-regexp': [ '8.4.2' ],
2453 silly audit   cors: [ '2.8.6' ],
2453 silly audit   express: [ '5.2.1' ],
2453 silly audit   multer: [ '2.2.0' ],
2453 silly audit   'comment-json': [ '5.0.0' ],
2453 silly audit   pluralize: [ '8.0.0' ],
2453 silly audit   '@types/body-parser': [ '1.19.6' ],
2453 silly audit   '@types/express-serve-static-core': [ '5.1.3' ],
2453 silly audit   '@types/serve-static': [ '2.2.0' ],
2453 silly audit   '@types/connect': [ '3.4.38' ],
2453 silly audit   '@types/qs': [ '6.15.1' ],
2453 silly audit   '@types/range-parser': [ '1.2.7' ],
2453 silly audit   '@types/send': [ '1.2.1' ],
2453 silly audit   'undici-types': [ '6.21.0' ],
2453 silly audit   '@types/http-errors': [ '2.0.5' ],
2453 silly audit   'fast-deep-equal': [ '3.1.3' ],
2453 silly audit   'fast-uri': [ '3.1.7' ],
2453 silly audit   'json-schema-traverse': [ '1.0.0', '0.4.1' ],
2453 silly audit   'require-from-string': [ '2.0.2' ],
2453 silly audit   readdirp: [ '4.1.2' ],
2453 silly audit   '@types/validator': [ '13.15.10' ],
2453 silly audit   'libphonenumber-js': [ '1.13.12' ],
2453 silly audit   validator: [ '13.15.35' ],
2453 silly audit   '@colors/colors': [ '1.5.0' ],
2453 silly audit   'string-width': [ '4.2.3', '5.1.2' ],
2453 silly audit   'array-timsort': [ '1.0.3' ],
2453 silly audit   esprima: [ '4.0.1' ],
2453 silly audit   'object-assign': [ '4.1.1' ],
2453 silly audit   vary: [ '1.1.2' ],
2453 silly audit   accepts: [ '2.0.0' ],
2453 silly audit   'body-parser': [ '2.3.0' ],
2453 silly audit   'content-disposition': [ '1.1.0' ],
2453 silly audit   'content-type': [ '1.0.5', '2.1.0' ],
2453 silly audit   cookie: [ '0.7.2' ],
2453 silly audit   'cookie-signature': [ '1.2.2' ],
2453 silly audit   debug: [ '4.4.3' ],
2453 silly audit   depd: [ '2.0.0' ],
2453 silly audit   encodeurl: [ '2.0.0' ],
2453 silly audit   'escape-html': [ '1.0.3' ],
2453 silly audit   etag: [ '1.8.1' ],
2453 silly audit   finalhandler: [ '2.1.1' ],
2453 silly audit   fresh: [ '2.0.0' ],
2453 silly audit   'http-errors': [ '2.0.1' ],
2453 silly audit   'merge-descriptors': [ '2.0.0' ],
2453 silly audit   'mime-types': [ '3.0.2', '2.1.35' ],
2453 silly audit   'on-finished': [ '2.4.1' ],
2453 silly audit   once: [ '1.4.0' ],
2453 silly audit   parseurl: [ '1.3.3' ],
2453 silly audit   'proxy-addr': [ '2.0.7' ],
2453 silly audit   qs: [ '6.16.0' ],
2453 silly audit   'range-parser': [ '1.3.0' ],
2453 silly audit   router: [ '2.2.0' ],
2453 silly audit   send: [ '1.2.1' ],
2453 silly audit   'serve-static': [ '2.2.1' ],
2453 silly audit   statuses: [ '2.0.2' ],
2453 silly audit   'type-is': [ '2.1.0', '1.6.18' ],
2453 silly audit   negotiator: [ '1.1.0' ],
2453 silly audit   bytes: [ '3.1.2' ],
2453 silly audit   'raw-body': [ '3.0.2' ],
2453 silly audit   ms: [ '2.1.3' ],
2453 silly audit   '@tokenizer/inflate': [ '0.4.1' ],
2453 silly audit   strtok3: [ '10.3.5' ],
2453 silly audit   'token-types': [ '6.1.2' ],
2453 silly audit   'uint8array-extras': [ '1.5.0' ],
2453 silly audit   '@babel/code-frame': [ '7.29.7' ],
2453 silly audit   chalk: [ '4.1.2' ],
2453 silly audit   cosmiconfig: [ '8.3.6' ],
2453 silly audit   deepmerge: [ '4.3.1' ],
2453 silly audit   'fs-extra': [ '10.1.0' ],
2453 silly audit   memfs: [ '3.5.3' ],
2453 silly audit   minimatch: [ '3.1.5', '10.2.6', '9.0.9' ],
2453 silly audit   'node-abort-controller': [ '3.1.1' ],
2453 silly audit   'schema-utils': [ '3.3.0', '4.3.3' ],
2453 silly audit   semver: [ '7.8.5' ],
2453 silly audit   tapable: [ '2.3.3' ],
2453 silly audit   '@babel/helper-validator-identifier': [ '7.29.7' ],
2453 silly audit   'js-tokens': [ '4.0.0' ],
2453 silly audit   picocolors: [ '1.1.1' ],
2453 silly audit   'ansi-styles': [ '4.3.0', '6.2.3' ],
2453 silly audit   'supports-color': [ '7.2.0', '8.1.1' ],
2453 silly audit   'color-convert': [ '2.0.1' ],
2453 silly audit   'color-name': [ '1.1.4' ],
2453 silly audit   'import-fresh': [ '3.3.1' ],
2453 silly audit   'js-yaml': [ '4.3.2' ],
2453 silly audit   'parse-json': [ '5.2.0' ],
2453 silly audit   'path-type': [ '4.0.0' ],
2453 silly audit   'graceful-fs': [ '4.2.11' ],
2453 silly audit   jsonfile: [ '6.2.1' ],
2453 silly audit   universalify: [ '2.0.1' ],
2453 silly audit   minipass: [ '7.1.3' ],
2453 silly audit   'path-scurry': [ '2.0.2', '1.11.1' ],
2453 silly audit   inherits: [ '2.0.4' ],
2453 silly audit   setprototypeof: [ '1.2.0' ],
2453 silly audit   toidentifier: [ '1.0.1' ],
2453 silly audit   'safer-buffer': [ '2.1.2' ],
2453 silly audit   'parent-module': [ '1.0.1' ],
2453 silly audit   'resolve-from': [ '4.0.0' ],
2453 silly audit   argparse: [ '2.0.1' ],
2453 silly audit   '@jridgewell/sourcemap-codec': [ '1.6.0' ],
2453 silly audit   'fs-monkey': [ '1.1.0' ],
2453 silly audit   'mime-db': [ '1.54.0', '1.52.0' ],
2453 silly audit   'brace-expansion': [ '1.1.18', '5.0.9', '2.1.4' ],
2453 silly audit   'balanced-match': [ '1.0.2', '4.0.4' ],
2453 silly audit   'concat-map': [ '0.0.1' ],
2453 silly audit   'append-field': [ '1.0.0' ],
2453 silly audit   busboy: [ '1.6.0' ],
2453 silly audit   'concat-stream': [ '2.0.0' ],
2453 silly audit   streamsearch: [ '1.1.0' ],
2453 silly audit   'buffer-from': [ '1.1.2' ],
2453 silly audit   'readable-stream': [ '3.6.2' ],
2453 silly audit   typedarray: [ '0.0.6' ],
2453 silly audit   lodash: [ '4.18.1' ],
2453 silly audit   'ee-first': [ '1.1.1' ],
2453 silly audit   wrappy: [ '1.0.2' ],
2453 silly audit   bl: [ '4.1.0' ],
2453 silly audit   'cli-cursor': [ '3.1.0' ],
2453 silly audit   'cli-spinners': [ '2.9.2' ],
2453 silly audit   'is-interactive': [ '1.0.0' ],
2453 silly audit   'is-unicode-supported': [ '0.1.0' ],
2453 silly audit   'log-symbols': [ '4.1.0' ],
2453 silly audit   'strip-ansi': [ '6.0.1', '7.2.0' ],
2453 silly audit   wcwidth: [ '1.0.1' ],
2453 silly audit   buffer: [ '5.7.1', '6.0.3' ],
2453 silly audit   'base64-js': [ '1.5.1' ],
2453 silly audit   ieee754: [ '1.2.1' ],
2453 silly audit   'restore-cursor': [ '3.1.0' ],
2453 silly audit   callsites: [ '3.1.0' ],
2453 silly audit   'error-ex': [ '1.3.4' ],
2453 silly audit   'json-parse-even-better-errors': [ '2.3.1' ],
2453 silly audit   'lines-and-columns': [ '1.2.4' ],
2453 silly audit   'is-arrayish': [ '0.2.1' ],
2453 silly audit   'lru-cache': [ '11.5.2', '10.4.3' ],
2453 silly audit   'pg-cloudflare': [ '1.4.0' ],
2453 silly audit   'pg-connection-string': [ '2.14.0' ],
2453 silly audit   'pg-pool': [ '3.14.0' ],
2453 silly audit   'pg-protocol': [ '1.16.0' ],
2453 silly audit   'pg-types': [ '2.2.0' ],
2453 silly audit   pgpass: [ '1.0.5' ],
2453 silly audit   'pg-int8': [ '1.0.1' ],
2453 silly audit   'postgres-array': [ '2.0.0' ],
2453 silly audit   'postgres-bytea': [ '1.0.1' ],
2453 silly audit   'postgres-date': [ '1.0.7' ],
2453 silly audit   'postgres-interval': [ '1.2.0' ],
2453 silly audit   split2: [ '4.2.0' ],
2453 silly audit   xtend: [ '4.0.2' ],
2453 silly audit   forwarded: [ '0.2.0' ],
2453 silly audit   'ipaddr.js': [ '1.9.1' ],
2453 silly audit   'es-define-property': [ '1.0.1' ],
2453 silly audit   'side-channel': [ '1.1.1' ],
2453 silly audit   unpipe: [ '1.0.0' ],
2453 silly audit   string_decoder: [ '1.3.0' ],
2453 silly audit   'util-deprecate': [ '1.0.2' ],
2453 silly audit   onetime: [ '5.1.2' ],
2453 silly audit   'mimic-fn': [ '2.1.0' ],
2453 silly audit   'is-promise': [ '4.0.0' ],
2453 silly audit   '@types/json-schema': [ '7.0.15' ],
2453 silly audit   'ajv-keywords': [ '3.5.2', '5.1.0' ],
2453 silly audit   'es-errors': [ '1.3.0' ],
2453 silly audit   'object-inspect': [ '1.13.4' ],
2453 silly audit   'side-channel-list': [ '1.0.1' ],
2453 silly audit   'side-channel-map': [ '1.0.1' ],
2453 silly audit   'side-channel-weakmap': [ '1.0.2' ],
2453 silly audit   'call-bound': [ '1.0.4' ],
2453 silly audit   'get-intrinsic': [ '1.3.0' ],
2453 silly audit   'call-bind-apply-helpers': [ '1.0.2' ],
2453 silly audit   'function-bind': [ '1.1.2' ],
2453 silly audit   'es-object-atoms': [ '1.1.2' ],
2453 silly audit   'get-proto': [ '1.0.1' ],
2453 silly audit   gopd: [ '1.2.0' ],
2453 silly audit   'has-symbols': [ '1.1.0' ],
2453 silly audit   hasown: [ '2.0.4' ],
2453 silly audit   'math-intrinsics': [ '1.1.0' ],
2453 silly audit   'dunder-proto': [ '1.0.1' ],
2453 silly audit   'safe-buffer': [ '5.2.1' ],
2453 silly audit   'emoji-regex': [ '8.0.0', '9.2.2' ],
2453 silly audit   'is-fullwidth-code-point': [ '3.0.0' ],
2453 silly audit   'ansi-regex': [ '5.0.1', '6.3.0' ],
2453 silly audit   '@tokenizer/token': [ '0.3.0' ],
2453 silly audit   'has-flag': [ '4.0.0' ],
2453 silly audit   '@borewit/text-codec': [ '0.2.2' ],
2453 silly audit   '@cspotcode/source-map-support': [ '0.8.1' ],
2453 silly audit   '@tsconfig/node10': [ '1.0.13' ],
2453 silly audit   '@tsconfig/node12': [ '1.0.11' ],
2453 silly audit   '@tsconfig/node14': [ '1.0.3' ],
2453 silly audit   '@tsconfig/node16': [ '1.0.4' ],
2453 silly audit   acorn: [ '8.18.0' ],
2453 silly audit   'acorn-walk': [ '8.3.5' ],
2453 silly audit   arg: [ '4.1.3' ],
2453 silly audit   'create-require': [ '1.1.1' ],
2453 silly audit   diff: [ '4.0.4' ],
2453 silly audit   'make-error': [ '1.3.6' ],
2453 silly audit   'v8-compile-cache-lib': [ '3.0.1' ],
2453 silly audit   yn: [ '3.1.1' ],
2453 silly audit   '@jridgewell/trace-mapping': [ '0.3.9', '0.3.31' ],
2453 silly audit   '@jridgewell/resolve-uri': [ '3.1.2' ],
2453 silly audit   json5: [ '2.2.3' ],
2453 silly audit   minimist: [ '1.2.8' ],
2453 silly audit   'strip-bom': [ '3.0.0' ],
2453 silly audit   'enhanced-resolve': [ '5.24.5' ],
2453 silly audit   'media-typer': [ '1.1.1', '0.3.0' ],
2453 silly audit   '@sqltools/formatter': [ '1.2.5' ],
2453 silly audit   'app-root-path': [ '3.1.0' ],
2453 silly audit   dayjs: [ '1.11.23' ],
2453 silly audit   dedent: [ '1.7.2' ],
2453 silly audit   'sha.js': [ '2.4.12' ],
2453 silly audit   'sql-highlight': [ '6.1.0' ],
2453 silly audit   uuid: [ '11.1.1' ],
2453 silly audit   yargs: [ '17.7.3' ],
2453 silly audit   'to-buffer': [ '1.2.2' ],
2453 silly audit   isarray: [ '2.0.5' ],
2453 silly audit   'typed-array-buffer': [ '1.0.3' ],
2453 silly audit   'is-typed-array': [ '1.1.15' ],
2453 silly audit   'which-typed-array': [ '1.1.22' ],
2453 silly audit   '@lukeed/csprng': [ '1.1.0' ],
2453 silly audit   defaults: [ '1.0.4' ],
2453 silly audit   clone: [ '1.0.4' ],
2453 silly audit   '@types/eslint-scope': [ '3.7.7' ],
2453 silly audit   '@types/estree': [ '1.0.9' ],
2453 silly audit   '@webassemblyjs/ast': [ '1.14.1' ],
2453 silly audit   '@webassemblyjs/wasm-edit': [ '1.14.1' ],
2453 silly audit   '@webassemblyjs/wasm-parser': [ '1.14.1' ],
2453 silly audit   'acorn-import-phases': [ '1.0.4' ],
2453 silly audit   browserslist: [ '4.28.8' ],
2453 silly audit   'chrome-trace-event': [ '1.0.4' ],
2453 silly audit   'es-module-lexer': [ '2.3.2' ],
2453 silly audit   'eslint-scope': [ '5.1.1' ],
2453 silly audit   events: [ '3.3.0' ],
2453 silly audit   'glob-to-regexp': [ '0.4.1' ],
2453 silly audit   'loader-runner': [ '4.3.2' ],
2453 silly audit   'neo-async': [ '2.6.2' ],
2453 silly audit   'terser-webpack-plugin': [ '5.6.1' ],
2453 silly audit   watchpack: [ '2.5.2' ],
2453 silly audit   'webpack-sources': [ '3.5.1' ],
2453 silly audit   '@types/eslint': [ '9.6.1' ],
2453 silly audit   '@webassemblyjs/helper-numbers': [ '1.13.2' ],
2453 silly audit   '@webassemblyjs/helper-wasm-bytecode': [ '1.13.2' ],
2453 silly audit   '@webassemblyjs/floating-point-hex-parser': [ '1.13.2' ],
2453 silly audit   '@webassemblyjs/helper-api-error': [ '1.13.2' ],
2453 silly audit   '@xtuc/long': [ '4.2.2' ],
2453 silly audit   '@webassemblyjs/helper-buffer': [ '1.14.1' ],
2453 silly audit   '@webassemblyjs/helper-wasm-section': [ '1.14.1' ],
2453 silly audit   '@webassemblyjs/wasm-gen': [ '1.14.1' ],
2453 silly audit   '@webassemblyjs/wasm-opt': [ '1.14.1' ],
2453 silly audit   '@webassemblyjs/wast-printer': [ '1.14.1' ],
2453 silly audit   '@webassemblyjs/ieee754': [ '1.13.2' ],
2453 silly audit   '@webassemblyjs/leb128': [ '1.13.2' ],
2453 silly audit   '@webassemblyjs/utf8': [ '1.13.2' ],
2453 silly audit   '@xtuc/ieee754': [ '1.2.0' ],
2453 silly audit   'baseline-browser-mapping': [ '2.11.21' ],
2453 silly audit   'caniuse-lite': [ '1.0.30001810' ],
2453 silly audit   'electron-to-chromium': [ '1.5.420' ],
2453 silly audit   'node-releases': [ '2.0.54' ],
2453 silly audit   'update-browserslist-db': [ '1.3.2' ],
2453 silly audit   esrecurse: [ '4.3.0' ],
2453 silly audit   estraverse: [ '4.3.0', '5.3.0' ],
2453 silly audit   'jest-worker': [ '27.5.1' ],
2453 silly audit   terser: [ '5.51.2' ],
2453 silly audit   'merge-stream': [ '2.0.0' ],
2453 silly audit   '@jridgewell/source-map': [ '0.3.11' ],
2453 silly audit   'source-map-support': [ '0.5.21' ],
2453 silly audit   '@jridgewell/gen-mapping': [ '0.3.13' ],
2453 silly audit   escalade: [ '3.2.0' ],
2453 silly audit   'available-typed-arrays': [ '1.0.7' ],
2453 silly audit   'call-bind': [ '1.0.9' ],
2453 silly audit   'for-each': [ '0.3.5' ],
2453 silly audit   'has-tostringtag': [ '1.0.2' ],
2453 silly audit   'possible-typed-array-names': [ '1.1.0' ],
2453 silly audit   'set-function-length': [ '1.2.2' ],
2453 silly audit   'is-callable': [ '1.2.7' ],
2453 silly audit   'define-data-property': [ '1.1.4' ],
2453 silly audit   'has-property-descriptors': [ '1.0.2' ],
2453 silly audit   cliui: [ '8.0.1' ],
2453 silly audit   'get-caller-file': [ '2.0.5' ],
2453 silly audit   'require-directory': [ '2.1.1' ],
2453 silly audit   y18n: [ '5.0.8' ],
2453 silly audit   'fast-json-stable-stringify': [ '2.1.0' ],
2453 silly audit   'uri-js': [ '4.4.1' ],
2453 silly audit   punycode: [ '2.3.1' ],
2453 silly audit   'foreground-child': [ '3.3.1' ],
2453 silly audit   jackspeak: [ '3.4.3' ],
2453 silly audit   'package-json-from-dist': [ '1.0.1' ],
2453 silly audit   'cross-spawn': [ '7.0.6' ],
2453 silly audit   'path-key': [ '3.1.1' ],
2453 silly audit   'shebang-command': [ '2.0.0' ],
2453 silly audit   which: [ '2.0.2' ],
2453 silly audit   '@isaacs/cliui': [ '8.0.2' ],
2453 silly audit   '@pkgjs/parseargs': [ '0.11.0' ],
2453 silly audit   'shebang-regex': [ '3.0.0' ],
2453 silly audit   isexe: [ '2.0.0' ],
2453 silly audit   eastasianwidth: [ '0.2.0' ]
2453 silly audit }
2454 http cache wrap-ansi-cjs@https://registry.npmjs.org/wrap-ansi/-/wrap-ansi-7.0.0.tgz 0ms (cache hit)
2455 http cache isexe@https://registry.npmjs.org/isexe/-/isexe-2.0.0.tgz 0ms (cache hit)
2456 http cache eastasianwidth@https://registry.npmjs.org/eastasianwidth/-/eastasianwidth-0.2.0.tgz 0ms (cache hit)
2457 http cache shebang-regex@https://registry.npmjs.org/shebang-regex/-/shebang-regex-3.0.0.tgz 0ms (cache hit)
2458 http cache @isaacs/cliui@https://registry.npmjs.org/@isaacs/cliui/-/cliui-8.0.2.tgz 0ms (cache hit)
2459 http cache string-width-cjs@https://registry.npmjs.org/string-width/-/string-width-4.2.3.tgz 0ms (cache hit)
2460 http cache @pkgjs/parseargs@https://registry.npmjs.org/@pkgjs/parseargs/-/parseargs-0.11.0.tgz 0ms (cache hit)
2461 http cache strip-ansi-cjs@https://registry.npmjs.org/strip-ansi/-/strip-ansi-6.0.1.tgz 0ms (cache hit)
2462 http cache shebang-command@https://registry.npmjs.org/shebang-command/-/shebang-command-2.0.0.tgz 0ms (cache hit)
2463 http cache cross-spawn@https://registry.npmjs.org/cross-spawn/-/cross-spawn-7.0.6.tgz 0ms (cache hit)
2464 http cache path-key@https://registry.npmjs.org/path-key/-/path-key-3.1.1.tgz 0ms (cache hit)
2465 http cache which@https://registry.npmjs.org/which/-/which-2.0.2.tgz 0ms (cache hit)
2466 http cache jackspeak@https://registry.npmjs.org/jackspeak/-/jackspeak-3.4.3.tgz 0ms (cache hit)
2467 http cache package-json-from-dist@https://registry.npmjs.org/package-json-from-dist/-/package-json-from-dist-1.0.1.tgz 0ms (cache hit)
2468 http cache foreground-child@https://registry.npmjs.org/foreground-child/-/foreground-child-3.3.1.tgz 0ms (cache hit)
2469 http cache ajv-keywords@https://registry.npmjs.org/ajv-keywords/-/ajv-keywords-5.1.0.tgz 0ms (cache hit)
2470 http cache punycode@https://registry.npmjs.org/punycode/-/punycode-2.3.1.tgz 0ms (cache hit)
2471 http cache y18n@https://registry.npmjs.org/y18n/-/y18n-5.0.8.tgz 0ms (cache hit)
2472 http cache uri-js@https://registry.npmjs.org/uri-js/-/uri-js-4.4.1.tgz 0ms (cache hit)
2473 http cache fast-json-stable-stringify@https://registry.npmjs.org/fast-json-stable-stringify/-/fast-json-stable-stringify-2.1.0.tgz 0ms (cache hit)
2474 http cache get-caller-file@https://registry.npmjs.org/get-caller-file/-/get-caller-file-2.0.5.tgz 0ms (cache hit)
2475 http cache cliui@https://registry.npmjs.org/cliui/-/cliui-8.0.1.tgz 0ms (cache hit)
2476 http cache is-callable@https://registry.npmjs.org/is-callable/-/is-callable-1.2.7.tgz 0ms (cache hit)
2477 http cache require-directory@https://registry.npmjs.org/require-directory/-/require-directory-2.1.1.tgz 0ms (cache hit)
2478 http cache has-property-descriptors@https://registry.npmjs.org/has-property-descriptors/-/has-property-descriptors-1.0.2.tgz 0ms (cache hit)
2479 http cache define-data-property@https://registry.npmjs.org/define-data-property/-/define-data-property-1.1.4.tgz 0ms (cache hit)
2480 http cache possible-typed-array-names@https://registry.npmjs.org/possible-typed-array-names/-/possible-typed-array-names-1.1.0.tgz 0ms (cache hit)
2481 http cache set-function-length@https://registry.npmjs.org/set-function-length/-/set-function-length-1.2.2.tgz 0ms (cache hit)
2482 http cache has-tostringtag@https://registry.npmjs.org/has-tostringtag/-/has-tostringtag-1.0.2.tgz 0ms (cache hit)
2483 http cache call-bind@https://registry.npmjs.org/call-bind/-/call-bind-1.0.9.tgz 0ms (cache hit)
2484 http cache available-typed-arrays@https://registry.npmjs.org/available-typed-arrays/-/available-typed-arrays-1.0.7.tgz 0ms (cache hit)
2485 http cache for-each@https://registry.npmjs.org/for-each/-/for-each-0.3.5.tgz 0ms (cache hit)
2486 http cache escalade@https://registry.npmjs.org/escalade/-/escalade-3.2.0.tgz 0ms (cache hit)
2487 http cache source-map-support@https://registry.npmjs.org/source-map-support/-/source-map-support-0.5.21.tgz 0ms (cache hit)
2488 http cache merge-stream@https://registry.npmjs.org/merge-stream/-/merge-stream-2.0.0.tgz 0ms (cache hit)
2489 http cache @jridgewell/gen-mapping@https://registry.npmjs.org/@jridgewell/gen-mapping/-/gen-mapping-0.3.13.tgz 0ms (cache hit)
2490 http cache estraverse@https://registry.npmjs.org/estraverse/-/estraverse-4.3.0.tgz 0ms (cache hit)
2491 http cache @jridgewell/source-map@https://registry.npmjs.org/@jridgewell/source-map/-/source-map-0.3.11.tgz 0ms (cache hit)
2492 http cache node-releases@https://registry.npmjs.org/node-releases/-/node-releases-2.0.54.tgz 0ms (cache hit)
2493 http cache jest-worker@https://registry.npmjs.org/jest-worker/-/jest-worker-27.5.1.tgz 0ms (cache hit)
2494 http cache update-browserslist-db@https://registry.npmjs.org/update-browserslist-db/-/update-browserslist-db-1.3.2.tgz 0ms (cache hit)
2495 http cache terser@https://registry.npmjs.org/terser/-/terser-5.51.2.tgz 0ms (cache hit)
2496 http cache esrecurse@https://registry.npmjs.org/esrecurse/-/esrecurse-4.3.0.tgz 0ms (cache hit)
2497 http cache baseline-browser-mapping@https://registry.npmjs.org/baseline-browser-mapping/-/baseline-browser-mapping-2.11.21.tgz 0ms (cache hit)
2498 http cache caniuse-lite@https://registry.npmjs.org/caniuse-lite/-/caniuse-lite-1.0.30001810.tgz 0ms (cache hit)
2499 http cache electron-to-chromium@https://registry.npmjs.org/electron-to-chromium/-/electron-to-chromium-1.5.420.tgz 0ms (cache hit)
2500 http cache @webassemblyjs/utf8@https://registry.npmjs.org/@webassemblyjs/utf8/-/utf8-1.13.2.tgz 0ms (cache hit)
2501 http cache @xtuc/ieee754@https://registry.npmjs.org/@xtuc/ieee754/-/ieee754-1.2.0.tgz 0ms (cache hit)
2502 http cache @webassemblyjs/ieee754@https://registry.npmjs.org/@webassemblyjs/ieee754/-/ieee754-1.13.2.tgz 0ms (cache hit)
2503 http cache @webassemblyjs/leb128@https://registry.npmjs.org/@webassemblyjs/leb128/-/leb128-1.13.2.tgz 0ms (cache hit)
2504 http cache @xtuc/long@https://registry.npmjs.org/@xtuc/long/-/long-4.2.2.tgz 0ms (cache hit)
2505 http cache @webassemblyjs/wast-printer@https://registry.npmjs.org/@webassemblyjs/wast-printer/-/wast-printer-1.14.1.tgz 0ms (cache hit)
2506 http cache @webassemblyjs/wasm-opt@https://registry.npmjs.org/@webassemblyjs/wasm-opt/-/wasm-opt-1.14.1.tgz 0ms (cache hit)
2507 http cache @webassemblyjs/wasm-gen@https://registry.npmjs.org/@webassemblyjs/wasm-gen/-/wasm-gen-1.14.1.tgz 0ms (cache hit)
2508 http cache @webassemblyjs/helper-wasm-section@https://registry.npmjs.org/@webassemblyjs/helper-wasm-section/-/helper-wasm-section-1.14.1.tgz 0ms (cache hit)
2509 http cache @webassemblyjs/floating-point-hex-parser@https://registry.npmjs.org/@webassemblyjs/floating-point-hex-parser/-/floating-point-hex-parser-1.13.2.tgz 0ms (cache hit)
2510 http cache @webassemblyjs/helper-buffer@https://registry.npmjs.org/@webassemblyjs/helper-buffer/-/helper-buffer-1.14.1.tgz 0ms (cache hit)
2511 http cache @webassemblyjs/helper-wasm-bytecode@https://registry.npmjs.org/@webassemblyjs/helper-wasm-bytecode/-/helper-wasm-bytecode-1.13.2.tgz 0ms (cache hit)
2512 http cache @types/eslint@https://registry.npmjs.org/@types/eslint/-/eslint-9.6.1.tgz 0ms (cache hit)
2513 http cache @webassemblyjs/helper-api-error@https://registry.npmjs.org/@webassemblyjs/helper-api-error/-/helper-api-error-1.13.2.tgz 0ms (cache hit)
2514 http cache @webassemblyjs/helper-numbers@https://registry.npmjs.org/@webassemblyjs/helper-numbers/-/helper-numbers-1.13.2.tgz 0ms (cache hit)
2515 http cache webpack-sources@https://registry.npmjs.org/webpack-sources/-/webpack-sources-3.5.1.tgz 0ms (cache hit)
2516 http cache watchpack@https://registry.npmjs.org/watchpack/-/watchpack-2.5.2.tgz 0ms (cache hit)
2517 http cache terser-webpack-plugin@https://registry.npmjs.org/terser-webpack-plugin/-/terser-webpack-plugin-5.6.1.tgz 0ms (cache hit)
2518 http cache neo-async@https://registry.npmjs.org/neo-async/-/neo-async-2.6.2.tgz 0ms (cache hit)
2519 http cache loader-runner@https://registry.npmjs.org/loader-runner/-/loader-runner-4.3.2.tgz 0ms (cache hit)
2520 http cache events@https://registry.npmjs.org/events/-/events-3.3.0.tgz 1ms (cache hit)
2521 http cache eslint-scope@https://registry.npmjs.org/eslint-scope/-/eslint-scope-5.1.1.tgz 0ms (cache hit)
2522 http cache glob-to-regexp@https://registry.npmjs.org/glob-to-regexp/-/glob-to-regexp-0.4.1.tgz 0ms (cache hit)
2523 http cache es-module-lexer@https://registry.npmjs.org/es-module-lexer/-/es-module-lexer-2.3.2.tgz 0ms (cache hit)
2524 http cache @webassemblyjs/wasm-parser@https://registry.npmjs.org/@webassemblyjs/wasm-parser/-/wasm-parser-1.14.1.tgz 0ms (cache hit)
2525 http cache @webassemblyjs/wasm-edit@https://registry.npmjs.org/@webassemblyjs/wasm-edit/-/wasm-edit-1.14.1.tgz 0ms (cache hit)
2526 http cache @webassemblyjs/ast@https://registry.npmjs.org/@webassemblyjs/ast/-/ast-1.14.1.tgz 0ms (cache hit)
2527 http cache acorn-import-phases@https://registry.npmjs.org/acorn-import-phases/-/acorn-import-phases-1.0.4.tgz 0ms (cache hit)
2528 http cache chrome-trace-event@https://registry.npmjs.org/chrome-trace-event/-/chrome-trace-event-1.0.4.tgz 0ms (cache hit)
2529 http cache browserslist@https://registry.npmjs.org/browserslist/-/browserslist-4.28.8.tgz 0ms (cache hit)
2530 http cache @types/estree@https://registry.npmjs.org/@types/estree/-/estree-1.0.9.tgz 0ms (cache hit)
2531 http cache @types/eslint-scope@https://registry.npmjs.org/@types/eslint-scope/-/eslint-scope-3.7.7.tgz 0ms (cache hit)
2532 http cache @lukeed/csprng@https://registry.npmjs.org/@lukeed/csprng/-/csprng-1.1.0.tgz 0ms (cache hit)
2533 http cache clone@https://registry.npmjs.org/clone/-/clone-1.0.4.tgz 0ms (cache hit)
2534 http cache defaults@https://registry.npmjs.org/defaults/-/defaults-1.0.4.tgz 0ms (cache hit)
2535 http cache which-typed-array@https://registry.npmjs.org/which-typed-array/-/which-typed-array-1.1.22.tgz 0ms (cache hit)
2536 http cache is-typed-array@https://registry.npmjs.org/is-typed-array/-/is-typed-array-1.1.15.tgz 0ms (cache hit)
2537 http cache isarray@https://registry.npmjs.org/isarray/-/isarray-2.0.5.tgz 0ms (cache hit)
2538 http cache to-buffer@https://registry.npmjs.org/to-buffer/-/to-buffer-1.2.2.tgz 0ms (cache hit)
2539 http cache typed-array-buffer@https://registry.npmjs.org/typed-array-buffer/-/typed-array-buffer-1.0.3.tgz 0ms (cache hit)
2540 http cache yargs@https://registry.npmjs.org/yargs/-/yargs-17.7.3.tgz 0ms (cache hit)
2541 http cache uuid@https://registry.npmjs.org/uuid/-/uuid-11.1.1.tgz 0ms (cache hit)
2542 http cache sha.js@https://registry.npmjs.org/sha.js/-/sha.js-2.4.12.tgz 0ms (cache hit)
2543 http cache dedent@https://registry.npmjs.org/dedent/-/dedent-1.7.2.tgz 0ms (cache hit)
2544 http cache @sqltools/formatter@https://registry.npmjs.org/@sqltools/formatter/-/formatter-1.2.5.tgz 0ms (cache hit)
2545 http cache dayjs@https://registry.npmjs.org/dayjs/-/dayjs-1.11.23.tgz 0ms (cache hit)
2546 http cache sql-highlight@https://registry.npmjs.org/sql-highlight/-/sql-highlight-6.1.0.tgz 0ms (cache hit)
2547 http cache app-root-path@https://registry.npmjs.org/app-root-path/-/app-root-path-3.1.0.tgz 0ms (cache hit)
2548 http cache media-typer@https://registry.npmjs.org/media-typer/-/media-typer-1.1.1.tgz 0ms (cache hit)
2549 http cache strip-bom@https://registry.npmjs.org/strip-bom/-/strip-bom-3.0.0.tgz 0ms (cache hit)
2550 http cache enhanced-resolve@https://registry.npmjs.org/enhanced-resolve/-/enhanced-resolve-5.24.5.tgz 0ms (cache hit)
2551 http cache @jridgewell/resolve-uri@https://registry.npmjs.org/@jridgewell/resolve-uri/-/resolve-uri-3.1.2.tgz 0ms (cache hit)
2552 http cache minimist@https://registry.npmjs.org/minimist/-/minimist-1.2.8.tgz 0ms (cache hit)
2553 http cache @jridgewell/trace-mapping@https://registry.npmjs.org/@jridgewell/trace-mapping/-/trace-mapping-0.3.9.tgz 0ms (cache hit)
2554 http cache json5@https://registry.npmjs.org/json5/-/json5-2.2.3.tgz 0ms (cache hit)
2555 http cache yn@https://registry.npmjs.org/yn/-/yn-3.1.1.tgz 0ms (cache hit)
2556 http cache make-error@https://registry.npmjs.org/make-error/-/make-error-1.3.6.tgz 0ms (cache hit)
2557 http cache create-require@https://registry.npmjs.org/create-require/-/create-require-1.1.1.tgz 0ms (cache hit)
2558 http cache diff@https://registry.npmjs.org/diff/-/diff-4.0.4.tgz 0ms (cache hit)
2559 http cache v8-compile-cache-lib@https://registry.npmjs.org/v8-compile-cache-lib/-/v8-compile-cache-lib-3.0.1.tgz 0ms (cache hit)
2560 http cache arg@https://registry.npmjs.org/arg/-/arg-4.1.3.tgz 0ms (cache hit)
2561 http cache acorn@https://registry.npmjs.org/acorn/-/acorn-8.18.0.tgz 0ms (cache hit)
2562 http cache @tsconfig/node14@https://registry.npmjs.org/@tsconfig/node14/-/node14-1.0.3.tgz 0ms (cache hit)
2563 http cache acorn-walk@https://registry.npmjs.org/acorn-walk/-/acorn-walk-8.3.5.tgz 0ms (cache hit)
2564 http cache @tsconfig/node16@https://registry.npmjs.org/@tsconfig/node16/-/node16-1.0.4.tgz 0ms (cache hit)
2565 http cache @tsconfig/node10@https://registry.npmjs.org/@tsconfig/node10/-/node10-1.0.13.tgz 0ms (cache hit)
2566 http cache @borewit/text-codec@https://registry.npmjs.org/@borewit/text-codec/-/text-codec-0.2.2.tgz 0ms (cache hit)
2567 http cache @cspotcode/source-map-support@https://registry.npmjs.org/@cspotcode/source-map-support/-/source-map-support-0.8.1.tgz 0ms (cache hit)
2568 http cache @tokenizer/token@https://registry.npmjs.org/@tokenizer/token/-/token-0.3.0.tgz 0ms (cache hit)
2569 http cache has-flag@https://registry.npmjs.org/has-flag/-/has-flag-4.0.0.tgz 0ms (cache hit)
2570 http cache ansi-regex@https://registry.npmjs.org/ansi-regex/-/ansi-regex-5.0.1.tgz 0ms (cache hit)
2571 http cache is-fullwidth-code-point@https://registry.npmjs.org/is-fullwidth-code-point/-/is-fullwidth-code-point-3.0.0.tgz 0ms (cache hit)
2572 http cache emoji-regex@https://registry.npmjs.org/emoji-regex/-/emoji-regex-8.0.0.tgz 0ms (cache hit)
2573 http cache @tsconfig/node12@https://registry.npmjs.org/@tsconfig/node12/-/node12-1.0.11.tgz 0ms (cache hit)
2574 http cache dunder-proto@https://registry.npmjs.org/dunder-proto/-/dunder-proto-1.0.1.tgz 0ms (cache hit)
2575 http cache safe-buffer@https://registry.npmjs.org/safe-buffer/-/safe-buffer-5.2.1.tgz 0ms (cache hit)
2576 http cache math-intrinsics@https://registry.npmjs.org/math-intrinsics/-/math-intrinsics-1.1.0.tgz 0ms (cache hit)
2577 http cache hasown@https://registry.npmjs.org/hasown/-/hasown-2.0.4.tgz 0ms (cache hit)
2578 http cache has-symbols@https://registry.npmjs.org/has-symbols/-/has-symbols-1.1.0.tgz 0ms (cache hit)
2579 http cache gopd@https://registry.npmjs.org/gopd/-/gopd-1.2.0.tgz 0ms (cache hit)
2580 http cache get-proto@https://registry.npmjs.org/get-proto/-/get-proto-1.0.1.tgz 0ms (cache hit)
2581 http cache es-object-atoms@https://registry.npmjs.org/es-object-atoms/-/es-object-atoms-1.1.2.tgz 0ms (cache hit)
2582 http cache function-bind@https://registry.npmjs.org/function-bind/-/function-bind-1.1.2.tgz 0ms (cache hit)
2583 http cache call-bind-apply-helpers@https://registry.npmjs.org/call-bind-apply-helpers/-/call-bind-apply-helpers-1.0.2.tgz 0ms (cache hit)
2584 http cache get-intrinsic@https://registry.npmjs.org/get-intrinsic/-/get-intrinsic-1.3.0.tgz 0ms (cache hit)
2585 http cache side-channel-weakmap@https://registry.npmjs.org/side-channel-weakmap/-/side-channel-weakmap-1.0.2.tgz 0ms (cache hit)
2586 http cache call-bound@https://registry.npmjs.org/call-bound/-/call-bound-1.0.4.tgz 0ms (cache hit)
2587 http cache side-channel-map@https://registry.npmjs.org/side-channel-map/-/side-channel-map-1.0.1.tgz 0ms (cache hit)
2588 http cache @types/json-schema@https://registry.npmjs.org/@types/json-schema/-/json-schema-7.0.15.tgz 0ms (cache hit)
2589 http cache side-channel-list@https://registry.npmjs.org/side-channel-list/-/side-channel-list-1.0.1.tgz 0ms (cache hit)
2590 http cache es-errors@https://registry.npmjs.org/es-errors/-/es-errors-1.3.0.tgz 0ms (cache hit)
2591 http cache object-inspect@https://registry.npmjs.org/object-inspect/-/object-inspect-1.13.4.tgz 0ms (cache hit)
2592 http cache is-promise@https://registry.npmjs.org/is-promise/-/is-promise-4.0.0.tgz 0ms (cache hit)
2593 http cache mimic-fn@https://registry.npmjs.org/mimic-fn/-/mimic-fn-2.1.0.tgz 0ms (cache hit)
2594 http cache util-deprecate@https://registry.npmjs.org/util-deprecate/-/util-deprecate-1.0.2.tgz 0ms (cache hit)
2595 http cache string_decoder@https://registry.npmjs.org/string_decoder/-/string_decoder-1.3.0.tgz 0ms (cache hit)
2596 http cache unpipe@https://registry.npmjs.org/unpipe/-/unpipe-1.0.0.tgz 0ms (cache hit)
2597 http cache side-channel@https://registry.npmjs.org/side-channel/-/side-channel-1.1.1.tgz 0ms (cache hit)
2598 http cache es-define-property@https://registry.npmjs.org/es-define-property/-/es-define-property-1.0.1.tgz 0ms (cache hit)
2599 http cache onetime@https://registry.npmjs.org/onetime/-/onetime-5.1.2.tgz 0ms (cache hit)
2600 http cache forwarded@https://registry.npmjs.org/forwarded/-/forwarded-0.2.0.tgz 0ms (cache hit)
2601 http cache ipaddr.js@https://registry.npmjs.org/ipaddr.js/-/ipaddr.js-1.9.1.tgz 0ms (cache hit)
2602 http cache xtend@https://registry.npmjs.org/xtend/-/xtend-4.0.2.tgz 0ms (cache hit)
2603 http cache split2@https://registry.npmjs.org/split2/-/split2-4.2.0.tgz 0ms (cache hit)
2604 http cache postgres-interval@https://registry.npmjs.org/postgres-interval/-/postgres-interval-1.2.0.tgz 0ms (cache hit)
2605 http cache postgres-bytea@https://registry.npmjs.org/postgres-bytea/-/postgres-bytea-1.0.1.tgz 0ms (cache hit)
2606 http cache postgres-date@https://registry.npmjs.org/postgres-date/-/postgres-date-1.0.7.tgz 0ms (cache hit)
2607 http cache pg-int8@https://registry.npmjs.org/pg-int8/-/pg-int8-1.0.1.tgz 0ms (cache hit)
2608 http cache pgpass@https://registry.npmjs.org/pgpass/-/pgpass-1.0.5.tgz 0ms (cache hit)
2609 http cache pg-types@https://registry.npmjs.org/pg-types/-/pg-types-2.2.0.tgz 0ms (cache hit)
2610 http cache pg-protocol@https://registry.npmjs.org/pg-protocol/-/pg-protocol-1.16.0.tgz 0ms (cache hit)
2611 http cache pg-pool@https://registry.npmjs.org/pg-pool/-/pg-pool-3.14.0.tgz 0ms (cache hit)
2612 http cache pg-connection-string@https://registry.npmjs.org/pg-connection-string/-/pg-connection-string-2.14.0.tgz 0ms (cache hit)
2613 http cache pg-cloudflare@https://registry.npmjs.org/pg-cloudflare/-/pg-cloudflare-1.4.0.tgz 0ms (cache hit)
2614 http cache lru-cache@https://registry.npmjs.org/lru-cache/-/lru-cache-11.5.2.tgz 0ms (cache hit)
2615 http cache postgres-array@https://registry.npmjs.org/postgres-array/-/postgres-array-2.0.0.tgz 0ms (cache hit)
2616 http cache is-arrayish@https://registry.npmjs.org/is-arrayish/-/is-arrayish-0.2.1.tgz 0ms (cache hit)
2617 http cache json-parse-even-better-errors@https://registry.npmjs.org/json-parse-even-better-errors/-/json-parse-even-better-errors-2.3.1.tgz 0ms (cache hit)
2618 http cache lines-and-columns@https://registry.npmjs.org/lines-and-columns/-/lines-and-columns-1.2.4.tgz 1ms (cache hit)
2619 http cache callsites@https://registry.npmjs.org/callsites/-/callsites-3.1.0.tgz 0ms (cache hit)
2620 http cache ieee754@https://registry.npmjs.org/ieee754/-/ieee754-1.2.1.tgz 0ms (cache hit)
2621 http cache restore-cursor@https://registry.npmjs.org/restore-cursor/-/restore-cursor-3.1.0.tgz 0ms (cache hit)
2622 http cache base64-js@https://registry.npmjs.org/base64-js/-/base64-js-1.5.1.tgz 0ms (cache hit)
2623 http cache wcwidth@https://registry.npmjs.org/wcwidth/-/wcwidth-1.0.1.tgz 0ms (cache hit)
2624 http cache buffer@https://registry.npmjs.org/buffer/-/buffer-5.7.1.tgz 0ms (cache hit)
2625 http cache strip-ansi@https://registry.npmjs.org/strip-ansi/-/strip-ansi-6.0.1.tgz 0ms (cache hit)
2626 http cache log-symbols@https://registry.npmjs.org/log-symbols/-/log-symbols-4.1.0.tgz 0ms (cache hit)
2627 http cache is-interactive@https://registry.npmjs.org/is-interactive/-/is-interactive-1.0.0.tgz 0ms (cache hit)
2628 http cache is-unicode-supported@https://registry.npmjs.org/is-unicode-supported/-/is-unicode-supported-0.1.0.tgz 0ms (cache hit)
2629 http cache cli-spinners@https://registry.npmjs.org/cli-spinners/-/cli-spinners-2.9.2.tgz 0ms (cache hit)
2630 http cache cli-cursor@https://registry.npmjs.org/cli-cursor/-/cli-cursor-3.1.0.tgz 0ms (cache hit)
2631 http cache bl@https://registry.npmjs.org/bl/-/bl-4.1.0.tgz 0ms (cache hit)
2632 http cache wrappy@https://registry.npmjs.org/wrappy/-/wrappy-1.0.2.tgz 0ms (cache hit)
2633 http cache ee-first@https://registry.npmjs.org/ee-first/-/ee-first-1.1.1.tgz 0ms (cache hit)
2634 http cache typedarray@https://registry.npmjs.org/typedarray/-/typedarray-0.0.6.tgz 0ms (cache hit)
2635 http cache lodash@https://registry.npmjs.org/lodash/-/lodash-4.18.1.tgz 0ms (cache hit)
2636 http cache readable-stream@https://registry.npmjs.org/readable-stream/-/readable-stream-3.6.2.tgz 0ms (cache hit)
2637 http cache streamsearch@https://registry.npmjs.org/streamsearch/-/streamsearch-1.1.0.tgz 0ms (cache hit)
2638 http cache buffer-from@https://registry.npmjs.org/buffer-from/-/buffer-from-1.1.2.tgz 0ms (cache hit)
2639 http cache busboy@https://registry.npmjs.org/busboy/-/busboy-1.6.0.tgz 0ms (cache hit)
2640 http cache concat-stream@https://registry.npmjs.org/concat-stream/-/concat-stream-2.0.0.tgz 0ms (cache hit)
2641 http cache concat-map@https://registry.npmjs.org/concat-map/-/concat-map-0.0.1.tgz 0ms (cache hit)
2642 http cache append-field@https://registry.npmjs.org/append-field/-/append-field-1.0.0.tgz 0ms (cache hit)
2643 http cache balanced-match@https://registry.npmjs.org/balanced-match/-/balanced-match-1.0.2.tgz 0ms (cache hit)
2644 http cache brace-expansion@https://registry.npmjs.org/brace-expansion/-/brace-expansion-1.1.18.tgz 0ms (cache hit)
2645 http cache mime-db@https://registry.npmjs.org/mime-db/-/mime-db-1.54.0.tgz 0ms (cache hit)
2646 http cache fs-monkey@https://registry.npmjs.org/fs-monkey/-/fs-monkey-1.1.0.tgz 0ms (cache hit)
2647 http cache @jridgewell/sourcemap-codec@https://registry.npmjs.org/@jridgewell/sourcemap-codec/-/sourcemap-codec-1.6.0.tgz 0ms (cache hit)
2648 http cache argparse@https://registry.npmjs.org/argparse/-/argparse-2.0.1.tgz 0ms (cache hit)
2649 http cache resolve-from@https://registry.npmjs.org/resolve-from/-/resolve-from-4.0.0.tgz 0ms (cache hit)
2650 http cache safer-buffer@https://registry.npmjs.org/safer-buffer/-/safer-buffer-2.1.2.tgz 0ms (cache hit)
2651 http cache parent-module@https://registry.npmjs.org/parent-module/-/parent-module-1.0.1.tgz 0ms (cache hit)
2652 http cache toidentifier@https://registry.npmjs.org/toidentifier/-/toidentifier-1.0.1.tgz 0ms (cache hit)
2653 http cache inherits@https://registry.npmjs.org/inherits/-/inherits-2.0.4.tgz 0ms (cache hit)
2654 http cache setprototypeof@https://registry.npmjs.org/setprototypeof/-/setprototypeof-1.2.0.tgz 0ms (cache hit)
2655 http cache path-scurry@https://registry.npmjs.org/path-scurry/-/path-scurry-2.0.2.tgz 0ms (cache hit)
2656 http cache universalify@https://registry.npmjs.org/universalify/-/universalify-2.0.1.tgz 0ms (cache hit)
2657 http cache minipass@https://registry.npmjs.org/minipass/-/minipass-7.1.3.tgz 0ms (cache hit)
2658 http cache jsonfile@https://registry.npmjs.org/jsonfile/-/jsonfile-6.2.1.tgz 0ms (cache hit)
2659 http cache graceful-fs@https://registry.npmjs.org/graceful-fs/-/graceful-fs-4.2.11.tgz 0ms (cache hit)
2660 http cache path-type@https://registry.npmjs.org/path-type/-/path-type-4.0.0.tgz 0ms (cache hit)
2661 http cache color-name@https://registry.npmjs.org/color-name/-/color-name-1.1.4.tgz 0ms (cache hit)
2662 http cache import-fresh@https://registry.npmjs.org/import-fresh/-/import-fresh-3.3.1.tgz 0ms (cache hit)
2663 http cache parse-json@https://registry.npmjs.org/parse-json/-/parse-json-5.2.0.tgz 0ms (cache hit)
2664 http cache js-yaml@https://registry.npmjs.org/js-yaml/-/js-yaml-4.3.2.tgz 0ms (cache hit)
2665 http cache error-ex@https://registry.npmjs.org/error-ex/-/error-ex-1.3.4.tgz 1ms (cache hit)
2666 http cache supports-color@https://registry.npmjs.org/supports-color/-/supports-color-7.2.0.tgz 0ms (cache hit)
2667 http cache color-convert@https://registry.npmjs.org/color-convert/-/color-convert-2.0.1.tgz 0ms (cache hit)
2668 http cache picocolors@https://registry.npmjs.org/picocolors/-/picocolors-1.1.1.tgz 0ms (cache hit)
2669 http cache js-tokens@https://registry.npmjs.org/js-tokens/-/js-tokens-4.0.0.tgz 0ms (cache hit)
2670 http cache ansi-styles@https://registry.npmjs.org/ansi-styles/-/ansi-styles-4.3.0.tgz 0ms (cache hit)
2671 http cache tapable@https://registry.npmjs.org/tapable/-/tapable-2.3.3.tgz 0ms (cache hit)
2672 http cache @babel/helper-validator-identifier@https://registry.npmjs.org/@babel/helper-validator-identifier/-/helper-validator-identifier-7.29.7.tgz 0ms (cache hit)
2673 http cache semver@https://registry.npmjs.org/semver/-/semver-7.8.5.tgz 0ms (cache hit)
2674 http cache minimatch@https://registry.npmjs.org/minimatch/-/minimatch-3.1.5.tgz 0ms (cache hit)
2675 http cache schema-utils@https://registry.npmjs.org/schema-utils/-/schema-utils-3.3.0.tgz 0ms (cache hit)
2676 http cache memfs@https://registry.npmjs.org/memfs/-/memfs-3.5.3.tgz 0ms (cache hit)
2677 http cache node-abort-controller@https://registry.npmjs.org/node-abort-controller/-/node-abort-controller-3.1.1.tgz 0ms (cache hit)
2678 http cache fs-extra@https://registry.npmjs.org/fs-extra/-/fs-extra-10.1.0.tgz 0ms (cache hit)
2679 http cache deepmerge@https://registry.npmjs.org/deepmerge/-/deepmerge-4.3.1.tgz 0ms (cache hit)
2680 http cache chalk@https://registry.npmjs.org/chalk/-/chalk-4.1.2.tgz 0ms (cache hit)
2681 http cache cosmiconfig@https://registry.npmjs.org/cosmiconfig/-/cosmiconfig-8.3.6.tgz 0ms (cache hit)
2682 http cache @babel/code-frame@https://registry.npmjs.org/@babel/code-frame/-/code-frame-7.29.7.tgz 0ms (cache hit)
2683 http cache token-types@https://registry.npmjs.org/token-types/-/token-types-6.1.2.tgz 0ms (cache hit)
2684 http cache strtok3@https://registry.npmjs.org/strtok3/-/strtok3-10.3.5.tgz 0ms (cache hit)
2685 http cache @tokenizer/inflate@https://registry.npmjs.org/@tokenizer/inflate/-/inflate-0.4.1.tgz 0ms (cache hit)
2686 http cache uint8array-extras@https://registry.npmjs.org/uint8array-extras/-/uint8array-extras-1.5.0.tgz 0ms (cache hit)
2687 http cache raw-body@https://registry.npmjs.org/raw-body/-/raw-body-3.0.2.tgz 0ms (cache hit)
2688 http cache negotiator@https://registry.npmjs.org/negotiator/-/negotiator-1.1.0.tgz 0ms (cache hit)
2689 http cache ms@https://registry.npmjs.org/ms/-/ms-2.1.3.tgz 0ms (cache hit)
2690 http cache bytes@https://registry.npmjs.org/bytes/-/bytes-3.1.2.tgz 0ms (cache hit)
2691 http cache statuses@https://registry.npmjs.org/statuses/-/statuses-2.0.2.tgz 0ms (cache hit)
2692 http cache type-is@https://registry.npmjs.org/type-is/-/type-is-2.1.0.tgz 0ms (cache hit)
2693 http cache send@https://registry.npmjs.org/send/-/send-1.2.1.tgz 0ms (cache hit)
2694 http cache range-parser@https://registry.npmjs.org/range-parser/-/range-parser-1.3.0.tgz 0ms (cache hit)
2695 http cache qs@https://registry.npmjs.org/qs/-/qs-6.16.0.tgz 0ms (cache hit)
2696 http cache router@https://registry.npmjs.org/router/-/router-2.2.0.tgz 0ms (cache hit)
2697 http cache proxy-addr@https://registry.npmjs.org/proxy-addr/-/proxy-addr-2.0.7.tgz 0ms (cache hit)
2698 http cache once@https://registry.npmjs.org/once/-/once-1.4.0.tgz 0ms (cache hit)
2699 http cache on-finished@https://registry.npmjs.org/on-finished/-/on-finished-2.4.1.tgz 0ms (cache hit)
2700 http cache mime-types@https://registry.npmjs.org/mime-types/-/mime-types-3.0.2.tgz 0ms (cache hit)
2701 http cache http-errors@https://registry.npmjs.org/http-errors/-/http-errors-2.0.1.tgz 0ms (cache hit)
2702 http cache serve-static@https://registry.npmjs.org/serve-static/-/serve-static-2.2.1.tgz 0ms (cache hit)
2703 http cache parseurl@https://registry.npmjs.org/parseurl/-/parseurl-1.3.3.tgz 0ms (cache hit)
2704 http cache merge-descriptors@https://registry.npmjs.org/merge-descriptors/-/merge-descriptors-2.0.0.tgz 0ms (cache hit)
2705 http cache fresh@https://registry.npmjs.org/fresh/-/fresh-2.0.0.tgz 0ms (cache hit)
2706 http cache etag@https://registry.npmjs.org/etag/-/etag-1.8.1.tgz 0ms (cache hit)
2707 http cache escape-html@https://registry.npmjs.org/escape-html/-/escape-html-1.0.3.tgz 0ms (cache hit)
2708 http cache encodeurl@https://registry.npmjs.org/encodeurl/-/encodeurl-2.0.0.tgz 1ms (cache hit)
2709 http cache depd@https://registry.npmjs.org/depd/-/depd-2.0.0.tgz 0ms (cache hit)
2710 http cache cookie-signature@https://registry.npmjs.org/cookie-signature/-/cookie-signature-1.2.2.tgz 0ms (cache hit)
2711 http cache cookie@https://registry.npmjs.org/cookie/-/cookie-0.7.2.tgz 0ms (cache hit)
2712 http cache debug@https://registry.npmjs.org/debug/-/debug-4.4.3.tgz 0ms (cache hit)
2713 http cache content-type@https://registry.npmjs.org/content-type/-/content-type-1.0.5.tgz 0ms (cache hit)
2714 http cache content-disposition@https://registry.npmjs.org/content-disposition/-/content-disposition-1.1.0.tgz 0ms (cache hit)
2715 http cache vary@https://registry.npmjs.org/vary/-/vary-1.1.2.tgz 0ms (cache hit)
2716 http cache body-parser@https://registry.npmjs.org/body-parser/-/body-parser-2.3.0.tgz 0ms (cache hit)
2717 http cache object-assign@https://registry.npmjs.org/object-assign/-/object-assign-4.1.1.tgz 0ms (cache hit)
2718 http cache accepts@https://registry.npmjs.org/accepts/-/accepts-2.0.0.tgz 0ms (cache hit)
2719 http cache @colors/colors@https://registry.npmjs.org/@colors/colors/-/colors-1.5.0.tgz 0ms (cache hit)
2720 http cache string-width@https://registry.npmjs.org/string-width/-/string-width-4.2.3.tgz 0ms (cache hit)
2721 http cache @types/validator@https://registry.npmjs.org/@types/validator/-/validator-13.15.10.tgz 0ms (cache hit)
2722 http cache esprima@https://registry.npmjs.org/esprima/-/esprima-4.0.1.tgz 0ms (cache hit)
2723 http cache finalhandler@https://registry.npmjs.org/finalhandler/-/finalhandler-2.1.1.tgz 0ms (cache hit)
2724 http cache validator@https://registry.npmjs.org/validator/-/validator-13.15.35.tgz 0ms (cache hit)
2725 http cache array-timsort@https://registry.npmjs.org/array-timsort/-/array-timsort-1.0.3.tgz 0ms (cache hit)
2726 http cache readdirp@https://registry.npmjs.org/readdirp/-/readdirp-4.1.2.tgz 0ms (cache hit)
2727 http cache @types/http-errors@https://registry.npmjs.org/@types/http-errors/-/http-errors-2.0.5.tgz 0ms (cache hit)
2728 http cache fast-uri@https://registry.npmjs.org/fast-uri/-/fast-uri-3.1.7.tgz 0ms (cache hit)
2729 http cache json-schema-traverse@https://registry.npmjs.org/json-schema-traverse/-/json-schema-traverse-1.0.0.tgz 0ms (cache hit)
2730 http cache fast-deep-equal@https://registry.npmjs.org/fast-deep-equal/-/fast-deep-equal-3.1.3.tgz 0ms (cache hit)
2731 http cache @types/range-parser@https://registry.npmjs.org/@types/range-parser/-/range-parser-1.2.7.tgz 0ms (cache hit)
2732 http cache require-from-string@https://registry.npmjs.org/require-from-string/-/require-from-string-2.0.2.tgz 0ms (cache hit)
2733 http cache libphonenumber-js@https://registry.npmjs.org/libphonenumber-js/-/libphonenumber-js-1.13.12.tgz 0ms (cache hit)
2734 http cache @types/connect@https://registry.npmjs.org/@types/connect/-/connect-3.4.38.tgz 0ms (cache hit)
2735 http cache @types/send@https://registry.npmjs.org/@types/send/-/send-1.2.1.tgz 0ms (cache hit)
2736 http cache pluralize@https://registry.npmjs.org/pluralize/-/pluralize-8.0.0.tgz 0ms (cache hit)
2737 http cache comment-json@https://registry.npmjs.org/comment-json/-/comment-json-5.0.0.tgz 0ms (cache hit)
2738 http cache undici-types@https://registry.npmjs.org/undici-types/-/undici-types-6.21.0.tgz 0ms (cache hit)
2739 http cache @types/serve-static@https://registry.npmjs.org/@types/serve-static/-/serve-static-2.2.0.tgz 0ms (cache hit)
2740 http cache @types/express-serve-static-core@https://registry.npmjs.org/@types/express-serve-static-core/-/express-serve-static-core-5.1.3.tgz 0ms (cache hit)
2741 http cache express@https://registry.npmjs.org/express/-/express-5.2.1.tgz 0ms (cache hit)
2742 http cache @types/body-parser@https://registry.npmjs.org/@types/body-parser/-/body-parser-1.19.6.tgz 0ms (cache hit)
2743 http cache multer@https://registry.npmjs.org/multer/-/multer-2.2.0.tgz 0ms (cache hit)
2744 http cache path-to-regexp@https://registry.npmjs.org/path-to-regexp/-/path-to-regexp-8.4.2.tgz 0ms (cache hit)
2745 http cache cors@https://registry.npmjs.org/cors/-/cors-2.8.6.tgz 0ms (cache hit)
2746 http cache fast-safe-stringify@https://registry.npmjs.org/fast-safe-stringify/-/fast-safe-stringify-2.1.1.tgz 0ms (cache hit)
2747 http cache uid@https://registry.npmjs.org/uid/-/uid-2.0.2.tgz 0ms (cache hit)
2748 http cache tslib@https://registry.npmjs.org/tslib/-/tslib-2.8.1.tgz 0ms (cache hit)
2749 http cache load-esm@https://registry.npmjs.org/load-esm/-/load-esm-1.0.3.tgz 0ms (cache hit)
2750 http cache iterare@https://registry.npmjs.org/iterare/-/iterare-1.2.1.tgz 0ms (cache hit)
2751 http cache iconv-lite@https://registry.npmjs.org/iconv-lite/-/iconv-lite-0.7.3.tgz 0ms (cache hit)
2752 http cache @inquirer/external-editor@https://registry.npmjs.org/@inquirer/external-editor/-/external-editor-1.0.3.tgz 0ms (cache hit)
2753 http cache file-type@https://registry.npmjs.org/file-type/-/file-type-21.3.4.tgz 0ms (cache hit)
2754 http cache chardet@https://registry.npmjs.org/chardet/-/chardet-2.2.0.tgz 0ms (cache hit)
2755 http cache wrap-ansi@https://registry.npmjs.org/wrap-ansi/-/wrap-ansi-6.2.0.tgz 0ms (cache hit)
2756 http cache signal-exit@https://registry.npmjs.org/signal-exit/-/signal-exit-4.1.0.tgz 0ms (cache hit)
2757 http cache @inquirer/type@https://registry.npmjs.org/@inquirer/type/-/type-3.0.10.tgz 0ms (cache hit)
2758 http cache mute-stream@https://registry.npmjs.org/mute-stream/-/mute-stream-2.0.0.tgz 0ms (cache hit)
2759 http cache @inquirer/figures@https://registry.npmjs.org/@inquirer/figures/-/figures-1.0.15.tgz 0ms (cache hit)
2760 http cache yoctocolors-cjs@https://registry.npmjs.org/yoctocolors-cjs/-/yoctocolors-cjs-2.1.3.tgz 0ms (cache hit)
2761 http cache @inquirer/core@https://registry.npmjs.org/@inquirer/core/-/core-10.3.2.tgz 0ms (cache hit)
2762 http cache cli-width@https://registry.npmjs.org/cli-width/-/cli-width-4.1.0.tgz 0ms (cache hit)
2763 http cache @inquirer/select@https://registry.npmjs.org/@inquirer/select/-/select-4.4.2.tgz 0ms (cache hit)
2764 http cache @inquirer/password@https://registry.npmjs.org/@inquirer/password/-/password-4.0.23.tgz 0ms (cache hit)
2765 http cache @inquirer/ansi@https://registry.npmjs.org/@inquirer/ansi/-/ansi-1.0.2.tgz 0ms (cache hit)
2766 http cache @types/qs@https://registry.npmjs.org/@types/qs/-/qs-6.15.1.tgz 0ms (cache hit)
2767 http cache @inquirer/number@https://registry.npmjs.org/@inquirer/number/-/number-3.0.23.tgz 0ms (cache hit)
2768 http cache @inquirer/expand@https://registry.npmjs.org/@inquirer/expand/-/expand-4.0.23.tgz 0ms (cache hit)
2769 http cache @inquirer/search@https://registry.npmjs.org/@inquirer/search/-/search-3.2.2.tgz 0ms (cache hit)
2770 http cache @inquirer/input@https://registry.npmjs.org/@inquirer/input/-/input-4.3.1.tgz 0ms (cache hit)
2771 http cache @inquirer/checkbox@https://registry.npmjs.org/@inquirer/checkbox/-/checkbox-4.3.2.tgz 0ms (cache hit)
2772 http cache @inquirer/confirm@https://registry.npmjs.org/@inquirer/confirm/-/confirm-5.1.21.tgz 0ms (cache hit)
2773 http cache @inquirer/editor@https://registry.npmjs.org/@inquirer/editor/-/editor-4.2.23.tgz 0ms (cache hit)
2774 http cache ansi-colors@https://registry.npmjs.org/ansi-colors/-/ansi-colors-4.1.3.tgz 0ms (cache hit)
2775 http cache yargs-parser@https://registry.npmjs.org/yargs-parser/-/yargs-parser-21.1.1.tgz 0ms (cache hit)
2776 http cache symbol-observable@https://registry.npmjs.org/symbol-observable/-/symbol-observable-4.0.0.tgz 0ms (cache hit)
2777 http cache magic-string@https://registry.npmjs.org/magic-string/-/magic-string-0.30.17.tgz 0ms (cache hit)
2778 http cache source-map@https://registry.npmjs.org/source-map/-/source-map-0.7.4.tgz 0ms (cache hit)
2779 http cache picomatch@https://registry.npmjs.org/picomatch/-/picomatch-4.0.4.tgz 0ms (cache hit)
2780 http cache @inquirer/rawlist@https://registry.npmjs.org/@inquirer/rawlist/-/rawlist-4.1.11.tgz 0ms (cache hit)
2781 http cache jsonc-parser@https://registry.npmjs.org/jsonc-parser/-/jsonc-parser-3.3.1.tgz 0ms (cache hit)
2782 http cache ajv-formats@https://registry.npmjs.org/ajv-formats/-/ajv-formats-3.0.1.tgz 0ms (cache hit)
2783 http cache webpack-node-externals@https://registry.npmjs.org/webpack-node-externals/-/webpack-node-externals-3.0.0.tgz 0ms (cache hit)
2784 http cache tsconfig-paths-webpack-plugin@https://registry.npmjs.org/tsconfig-paths-webpack-plugin/-/tsconfig-paths-webpack-plugin-4.2.0.tgz 0ms (cache hit)
2785 http cache glob@https://registry.npmjs.org/glob/-/glob-13.0.6.tgz 0ms (cache hit)
2786 http cache node-emoji@https://registry.npmjs.org/node-emoji/-/node-emoji-1.11.0.tgz 0ms (cache hit)
2787 http cache webpack@https://registry.npmjs.org/webpack/-/webpack-5.106.2.tgz 0ms (cache hit)
2788 http cache ajv@https://registry.npmjs.org/ajv/-/ajv-8.18.0.tgz 0ms (cache hit)
2789 http cache fork-ts-checker-webpack-plugin@https://registry.npmjs.org/fork-ts-checker-webpack-plugin/-/fork-ts-checker-webpack-plugin-9.1.0.tgz 0ms (cache hit)
2790 http cache commander@https://registry.npmjs.org/commander/-/commander-4.1.1.tgz 0ms (cache hit)
2791 http cache ora@https://registry.npmjs.org/ora/-/ora-5.4.1.tgz 0ms (cache hit)
2792 http cache chokidar@https://registry.npmjs.org/chokidar/-/chokidar-4.0.3.tgz 0ms (cache hit)
2793 http cache cli-table3@https://registry.npmjs.org/cli-table3/-/cli-table3-0.6.5.tgz 0ms (cache hit)
2794 http cache ansis@https://registry.npmjs.org/ansis/-/ansis-4.2.0.tgz 0ms (cache hit)
2795 http cache @inquirer/prompts@https://registry.npmjs.org/@inquirer/prompts/-/prompts-7.10.1.tgz 0ms (cache hit)
2796 http cache tsconfig-paths@https://registry.npmjs.org/tsconfig-paths/-/tsconfig-paths-4.2.0.tgz 0ms (cache hit)
2797 http cache ts-node@https://registry.npmjs.org/ts-node/-/ts-node-10.9.2.tgz 0ms (cache hit)
2798 http cache @angular-devkit/core@https://registry.npmjs.org/@angular-devkit/core/-/core-19.2.27.tgz 0ms (cache hit)
2799 http cache @angular-devkit/schematics-cli@https://registry.npmjs.org/@angular-devkit/schematics-cli/-/schematics-cli-19.2.27.tgz 0ms (cache hit)
2800 http cache pg@https://registry.npmjs.org/pg/-/pg-8.23.0.tgz 0ms (cache hit)
2801 http cache @angular-devkit/schematics@https://registry.npmjs.org/@angular-devkit/schematics/-/schematics-19.2.27.tgz 0ms (cache hit)
2802 http cache nodemailer@https://registry.npmjs.org/nodemailer/-/nodemailer-6.10.1.tgz 0ms (cache hit)
2803 http cache class-validator@https://registry.npmjs.org/class-validator/-/class-validator-0.14.4.tgz 0ms (cache hit)
2804 http cache dotenv@https://registry.npmjs.org/dotenv/-/dotenv-16.6.1.tgz 0ms (cache hit)
2805 http cache env-var@https://registry.npmjs.org/env-var/-/env-var-7.5.0.tgz 0ms (cache hit)
2806 http cache class-transformer@https://registry.npmjs.org/class-transformer/-/class-transformer-0.5.1.tgz 0ms (cache hit)
2807 http cache bcryptjs@https://registry.npmjs.org/bcryptjs/-/bcryptjs-2.4.3.tgz 0ms (cache hit)
2808 http cache @types/node@https://registry.npmjs.org/@types/node/-/node-22.20.1.tgz 0ms (cache hit)
2809 http cache typeorm@https://registry.npmjs.org/typeorm/-/typeorm-0.3.31.tgz 0ms (cache hit)
2810 http cache @types/nodemailer@https://registry.npmjs.org/@types/nodemailer/-/nodemailer-6.4.24.tgz 0ms (cache hit)
2811 http cache @types/express@https://registry.npmjs.org/@types/express/-/express-5.0.6.tgz 0ms (cache hit)
2812 http cache @nestjs/typeorm@https://registry.npmjs.org/@nestjs/typeorm/-/typeorm-11.0.3.tgz 0ms (cache hit)
2813 http cache @nestjs/schematics@https://registry.npmjs.org/@nestjs/schematics/-/schematics-11.1.0.tgz 0ms (cache hit)
2814 http cache @nestjs/testing@https://registry.npmjs.org/@nestjs/testing/-/testing-11.2.3.tgz 0ms (cache hit)
2815 http cache @nestjs/platform-express@https://registry.npmjs.org/@nestjs/platform-express/-/platform-express-11.2.3.tgz 0ms (cache hit)
2816 http cache @nestjs/core@https://registry.npmjs.org/@nestjs/core/-/core-11.2.3.tgz 0ms (cache hit)
2817 http cache @nestjs/common@https://registry.npmjs.org/@nestjs/common/-/common-11.2.3.tgz 0ms (cache hit)
2818 http cache @nestjs/cli@https://registry.npmjs.org/@nestjs/cli/-/cli-11.0.24.tgz 0ms (cache hit)
2819 http cache ansi-styles@https://registry.npmjs.org/ansi-styles/-/ansi-styles-6.2.3.tgz 0ms (cache hit)
2820 http cache reflect-metadata@https://registry.npmjs.org/reflect-metadata/-/reflect-metadata-0.2.2.tgz 0ms (cache hit)
2821 http cache rxjs@https://registry.npmjs.org/rxjs/-/rxjs-7.8.2.tgz 0ms (cache hit)
2822 http cache typescript@https://registry.npmjs.org/typescript/-/typescript-5.9.3.tgz 0ms (cache hit)
2823 http cache wrap-ansi@https://registry.npmjs.org/wrap-ansi/-/wrap-ansi-7.0.0.tgz 0ms (cache hit)
2824 http cache emoji-regex@https://registry.npmjs.org/emoji-regex/-/emoji-regex-9.2.2.tgz 0ms (cache hit)
2825 http cache strip-ansi@https://registry.npmjs.org/strip-ansi/-/strip-ansi-7.2.0.tgz 0ms (cache hit)
2826 http cache string-width@https://registry.npmjs.org/string-width/-/string-width-5.1.2.tgz 0ms (cache hit)
2827 http cache @jridgewell/trace-mapping@https://registry.npmjs.org/@jridgewell/trace-mapping/-/trace-mapping-0.3.31.tgz 0ms (cache hit)
2828 http cache wrap-ansi@https://registry.npmjs.org/wrap-ansi/-/wrap-ansi-8.1.0.tgz 0ms (cache hit)
2829 http cache supports-color@https://registry.npmjs.org/supports-color/-/supports-color-8.1.1.tgz 0ms (cache hit)
2830 http cache @jridgewell/trace-mapping@https://registry.npmjs.org/@jridgewell/trace-mapping/-/trace-mapping-0.3.31.tgz 0ms (cache hit)
2831 http cache ansi-regex@https://registry.npmjs.org/ansi-regex/-/ansi-regex-6.3.0.tgz 1ms (cache hit)
2832 http cache commander@https://registry.npmjs.org/commander/-/commander-2.20.3.tgz 0ms (cache hit)
2833 http cache schema-utils@https://registry.npmjs.org/schema-utils/-/schema-utils-4.3.3.tgz 0ms (cache hit)
2834 http cache estraverse@https://registry.npmjs.org/estraverse/-/estraverse-5.3.0.tgz 0ms (cache hit)
2835 http cache ajv-formats@https://registry.npmjs.org/ajv-formats/-/ajv-formats-2.1.1.tgz 0ms (cache hit)
2836 http cache @jridgewell/trace-mapping@https://registry.npmjs.org/@jridgewell/trace-mapping/-/trace-mapping-0.3.31.tgz 0ms (cache hit)
2837 http cache signal-exit@https://registry.npmjs.org/signal-exit/-/signal-exit-3.0.7.tgz 0ms (cache hit)
2838 http cache ajv-keywords@https://registry.npmjs.org/ajv-keywords/-/ajv-keywords-3.5.2.tgz 0ms (cache hit)
2839 http cache json-schema-traverse@https://registry.npmjs.org/json-schema-traverse/-/json-schema-traverse-0.4.1.tgz 0ms (cache hit)
2840 http cache source-map@https://registry.npmjs.org/source-map/-/source-map-0.6.1.tgz 0ms (cache hit)
2841 http cache content-type@https://registry.npmjs.org/content-type/-/content-type-2.1.0.tgz 0ms (cache hit)
2842 http cache ajv@https://registry.npmjs.org/ajv/-/ajv-6.15.0.tgz 0ms (cache hit)
2843 http cache content-type@https://registry.npmjs.org/content-type/-/content-type-2.1.0.tgz 0ms (cache hit)
2844 http cache mime-db@https://registry.npmjs.org/mime-db/-/mime-db-1.52.0.tgz 0ms (cache hit)
2845 http cache content-type@https://registry.npmjs.org/content-type/-/content-type-2.1.0.tgz 0ms (cache hit)
2846 http cache media-typer@https://registry.npmjs.org/media-typer/-/media-typer-0.3.0.tgz 0ms (cache hit)
2847 http cache balanced-match@https://registry.npmjs.org/balanced-match/-/balanced-match-4.0.4.tgz 0ms (cache hit)
2848 http cache type-is@https://registry.npmjs.org/type-is/-/type-is-1.6.18.tgz 0ms (cache hit)
2849 http cache mime-types@https://registry.npmjs.org/mime-types/-/mime-types-2.1.35.tgz 0ms (cache hit)
2850 http cache brace-expansion@https://registry.npmjs.org/brace-expansion/-/brace-expansion-5.0.9.tgz 0ms (cache hit)
2851 http cache @inquirer/prompts@https://registry.npmjs.org/@inquirer/prompts/-/prompts-7.3.2.tgz 0ms (cache hit)
2852 http cache schema-utils@https://registry.npmjs.org/schema-utils/-/schema-utils-4.3.3.tgz 0ms (cache hit)
2853 http cache minimatch@https://registry.npmjs.org/minimatch/-/minimatch-10.2.6.tgz 0ms (cache hit)
2854 http cache rxjs@https://registry.npmjs.org/rxjs/-/rxjs-7.8.1.tgz 0ms (cache hit)
2855 http cache ajv-formats@https://registry.npmjs.org/ajv-formats/-/ajv-formats-2.1.1.tgz 0ms (cache hit)
2856 http cache rxjs@https://registry.npmjs.org/rxjs/-/rxjs-7.8.1.tgz 0ms (cache hit)
2857 http cache lru-cache@https://registry.npmjs.org/lru-cache/-/lru-cache-10.4.3.tgz 0ms (cache hit)
2858 http cache minimatch@https://registry.npmjs.org/minimatch/-/minimatch-9.0.9.tgz 0ms (cache hit)
2859 http cache brace-expansion@https://registry.npmjs.org/brace-expansion/-/brace-expansion-2.1.4.tgz 0ms (cache hit)
2860 http cache path-scurry@https://registry.npmjs.org/path-scurry/-/path-scurry-1.11.1.tgz 0ms (cache hit)
2861 http cache rxjs@https://registry.npmjs.org/rxjs/-/rxjs-7.8.1.tgz 0ms (cache hit)
2862 http cache @angular-devkit/schematics@https://registry.npmjs.org/@angular-devkit/schematics/-/schematics-19.2.24.tgz 0ms (cache hit)
2863 http cache @angular-devkit/core@https://registry.npmjs.org/@angular-devkit/core/-/core-19.2.24.tgz 0ms (cache hit)
2864 silly tarball no local data for wrap-ansi-cjs@https://registry.npmjs.org/wrap-ansi/-/wrap-ansi-7.0.0.tgz. Extracting by manifest.
2865 silly tarball no local data for isexe@https://registry.npmjs.org/isexe/-/isexe-2.0.0.tgz. Extracting by manifest.
2866 silly tarball no local data for eastasianwidth@https://registry.npmjs.org/eastasianwidth/-/eastasianwidth-0.2.0.tgz. Extracting by manifest.
2867 silly tarball no local data for shebang-regex@https://registry.npmjs.org/shebang-regex/-/shebang-regex-3.0.0.tgz. Extracting by manifest.
2868 http cache buffer@https://registry.npmjs.org/buffer/-/buffer-6.0.3.tgz 0ms (cache hit)
2869 silly tarball no local data for @isaacs/cliui@https://registry.npmjs.org/@isaacs/cliui/-/cliui-8.0.2.tgz. Extracting by manifest.
2870 http cache glob@https://registry.npmjs.org/glob/-/glob-10.5.0.tgz 0ms (cache hit)
2871 http cache ansis@https://registry.npmjs.org/ansis/-/ansis-4.3.1.tgz 0ms (cache hit)
2872 silly tarball no local data for string-width-cjs@https://registry.npmjs.org/string-width/-/string-width-4.2.3.tgz. Extracting by manifest.
2873 silly tarball no local data for @pkgjs/parseargs@https://registry.npmjs.org/@pkgjs/parseargs/-/parseargs-0.11.0.tgz. Extracting by manifest.
2874 silly tarball no local data for strip-ansi-cjs@https://registry.npmjs.org/strip-ansi/-/strip-ansi-6.0.1.tgz. Extracting by manifest.
2875 silly tarball no local data for shebang-command@https://registry.npmjs.org/shebang-command/-/shebang-command-2.0.0.tgz. Extracting by manifest.
2876 silly tarball no local data for cross-spawn@https://registry.npmjs.org/cross-spawn/-/cross-spawn-7.0.6.tgz. Extracting by manifest.
2877 silly tarball no local data for path-key@https://registry.npmjs.org/path-key/-/path-key-3.1.1.tgz. Extracting by manifest.
2878 silly tarball no local data for which@https://registry.npmjs.org/which/-/which-2.0.2.tgz. Extracting by manifest.
2879 silly tarball no local data for jackspeak@https://registry.npmjs.org/jackspeak/-/jackspeak-3.4.3.tgz. Extracting by manifest.
2880 silly tarball no local data for package-json-from-dist@https://registry.npmjs.org/package-json-from-dist/-/package-json-from-dist-1.0.1.tgz. Extracting by manifest.
2881 silly tarball no local data for foreground-child@https://registry.npmjs.org/foreground-child/-/foreground-child-3.3.1.tgz. Extracting by manifest.
2882 silly tarball no local data for ajv-keywords@https://registry.npmjs.org/ajv-keywords/-/ajv-keywords-5.1.0.tgz. Extracting by manifest.
2883 silly tarball no local data for punycode@https://registry.npmjs.org/punycode/-/punycode-2.3.1.tgz. Extracting by manifest.
2884 silly tarball no local data for y18n@https://registry.npmjs.org/y18n/-/y18n-5.0.8.tgz. Extracting by manifest.
2885 silly tarball no local data for uri-js@https://registry.npmjs.org/uri-js/-/uri-js-4.4.1.tgz. Extracting by manifest.
2886 silly tarball no local data for fast-json-stable-stringify@https://registry.npmjs.org/fast-json-stable-stringify/-/fast-json-stable-stringify-2.1.0.tgz. Extracting by manifest.
2887 silly tarball no local data for get-caller-file@https://registry.npmjs.org/get-caller-file/-/get-caller-file-2.0.5.tgz. Extracting by manifest.
2888 silly tarball no local data for cliui@https://registry.npmjs.org/cliui/-/cliui-8.0.1.tgz. Extracting by manifest.
2889 silly tarball no local data for is-callable@https://registry.npmjs.org/is-callable/-/is-callable-1.2.7.tgz. Extracting by manifest.
2890 silly tarball no local data for require-directory@https://registry.npmjs.org/require-directory/-/require-directory-2.1.1.tgz. Extracting by manifest.
2891 silly tarball no local data for has-property-descriptors@https://registry.npmjs.org/has-property-descriptors/-/has-property-descriptors-1.0.2.tgz. Extracting by manifest.
2892 silly tarball no local data for define-data-property@https://registry.npmjs.org/define-data-property/-/define-data-property-1.1.4.tgz. Extracting by manifest.
2893 silly tarball no local data for possible-typed-array-names@https://registry.npmjs.org/possible-typed-array-names/-/possible-typed-array-names-1.1.0.tgz. Extracting by manifest.
2894 silly tarball no local data for set-function-length@https://registry.npmjs.org/set-function-length/-/set-function-length-1.2.2.tgz. Extracting by manifest.
2895 silly tarball no local data for has-tostringtag@https://registry.npmjs.org/has-tostringtag/-/has-tostringtag-1.0.2.tgz. Extracting by manifest.
2896 silly tarball no local data for call-bind@https://registry.npmjs.org/call-bind/-/call-bind-1.0.9.tgz. Extracting by manifest.
2897 silly tarball no local data for available-typed-arrays@https://registry.npmjs.org/available-typed-arrays/-/available-typed-arrays-1.0.7.tgz. Extracting by manifest.
2898 silly tarball no local data for for-each@https://registry.npmjs.org/for-each/-/for-each-0.3.5.tgz. Extracting by manifest.
2899 silly tarball no local data for escalade@https://registry.npmjs.org/escalade/-/escalade-3.2.0.tgz. Extracting by manifest.
2900 silly tarball no local data for source-map-support@https://registry.npmjs.org/source-map-support/-/source-map-support-0.5.21.tgz. Extracting by manifest.
2901 silly tarball no local data for merge-stream@https://registry.npmjs.org/merge-stream/-/merge-stream-2.0.0.tgz. Extracting by manifest.
2902 silly tarball no local data for @jridgewell/gen-mapping@https://registry.npmjs.org/@jridgewell/gen-mapping/-/gen-mapping-0.3.13.tgz. Extracting by manifest.
2903 silly tarball no local data for estraverse@https://registry.npmjs.org/estraverse/-/estraverse-4.3.0.tgz. Extracting by manifest.
2904 silly tarball no local data for @jridgewell/source-map@https://registry.npmjs.org/@jridgewell/source-map/-/source-map-0.3.11.tgz. Extracting by manifest.
2905 silly tarball no local data for node-releases@https://registry.npmjs.org/node-releases/-/node-releases-2.0.54.tgz. Extracting by manifest.
2906 silly tarball no local data for jest-worker@https://registry.npmjs.org/jest-worker/-/jest-worker-27.5.1.tgz. Extracting by manifest.
2907 silly tarball no local data for update-browserslist-db@https://registry.npmjs.org/update-browserslist-db/-/update-browserslist-db-1.3.2.tgz. Extracting by manifest.
2908 silly tarball no local data for terser@https://registry.npmjs.org/terser/-/terser-5.51.2.tgz. Extracting by manifest.
2909 silly tarball no local data for esrecurse@https://registry.npmjs.org/esrecurse/-/esrecurse-4.3.0.tgz. Extracting by manifest.
2910 silly tarball no local data for baseline-browser-mapping@https://registry.npmjs.org/baseline-browser-mapping/-/baseline-browser-mapping-2.11.21.tgz. Extracting by manifest.
2911 silly tarball no local data for caniuse-lite@https://registry.npmjs.org/caniuse-lite/-/caniuse-lite-1.0.30001810.tgz. Extracting by manifest.
2912 silly tarball no local data for electron-to-chromium@https://registry.npmjs.org/electron-to-chromium/-/electron-to-chromium-1.5.420.tgz. Extracting by manifest.
2913 silly tarball no local data for @webassemblyjs/utf8@https://registry.npmjs.org/@webassemblyjs/utf8/-/utf8-1.13.2.tgz. Extracting by manifest.
2914 silly tarball no local data for @xtuc/ieee754@https://registry.npmjs.org/@xtuc/ieee754/-/ieee754-1.2.0.tgz. Extracting by manifest.
2915 silly tarball no local data for @webassemblyjs/ieee754@https://registry.npmjs.org/@webassemblyjs/ieee754/-/ieee754-1.13.2.tgz. Extracting by manifest.
2916 silly tarball no local data for @webassemblyjs/leb128@https://registry.npmjs.org/@webassemblyjs/leb128/-/leb128-1.13.2.tgz. Extracting by manifest.
2917 silly tarball no local data for @xtuc/long@https://registry.npmjs.org/@xtuc/long/-/long-4.2.2.tgz. Extracting by manifest.
2918 silly tarball no local data for @webassemblyjs/wast-printer@https://registry.npmjs.org/@webassemblyjs/wast-printer/-/wast-printer-1.14.1.tgz. Extracting by manifest.
2919 silly tarball no local data for @webassemblyjs/wasm-opt@https://registry.npmjs.org/@webassemblyjs/wasm-opt/-/wasm-opt-1.14.1.tgz. Extracting by manifest.
2920 silly tarball no local data for @webassemblyjs/wasm-gen@https://registry.npmjs.org/@webassemblyjs/wasm-gen/-/wasm-gen-1.14.1.tgz. Extracting by manifest.
2921 silly tarball no local data for @webassemblyjs/helper-wasm-section@https://registry.npmjs.org/@webassemblyjs/helper-wasm-section/-/helper-wasm-section-1.14.1.tgz. Extracting by manifest.
2922 silly tarball no local data for @webassemblyjs/floating-point-hex-parser@https://registry.npmjs.org/@webassemblyjs/floating-point-hex-parser/-/floating-point-hex-parser-1.13.2.tgz. Extracting by manifest.
2923 silly tarball no local data for @webassemblyjs/helper-buffer@https://registry.npmjs.org/@webassemblyjs/helper-buffer/-/helper-buffer-1.14.1.tgz. Extracting by manifest.
2924 silly tarball no local data for @webassemblyjs/helper-wasm-bytecode@https://registry.npmjs.org/@webassemblyjs/helper-wasm-bytecode/-/helper-wasm-bytecode-1.13.2.tgz. Extracting by manifest.
2925 silly tarball no local data for @types/eslint@https://registry.npmjs.org/@types/eslint/-/eslint-9.6.1.tgz. Extracting by manifest.
2926 silly tarball no local data for @webassemblyjs/helper-api-error@https://registry.npmjs.org/@webassemblyjs/helper-api-error/-/helper-api-error-1.13.2.tgz. Extracting by manifest.
2927 silly tarball no local data for @webassemblyjs/helper-numbers@https://registry.npmjs.org/@webassemblyjs/helper-numbers/-/helper-numbers-1.13.2.tgz. Extracting by manifest.
2928 silly tarball no local data for webpack-sources@https://registry.npmjs.org/webpack-sources/-/webpack-sources-3.5.1.tgz. Extracting by manifest.
2929 silly tarball no local data for watchpack@https://registry.npmjs.org/watchpack/-/watchpack-2.5.2.tgz. Extracting by manifest.
2930 silly tarball no local data for terser-webpack-plugin@https://registry.npmjs.org/terser-webpack-plugin/-/terser-webpack-plugin-5.6.1.tgz. Extracting by manifest.
2931 silly tarball no local data for neo-async@https://registry.npmjs.org/neo-async/-/neo-async-2.6.2.tgz. Extracting by manifest.
2932 silly tarball no local data for loader-runner@https://registry.npmjs.org/loader-runner/-/loader-runner-4.3.2.tgz. Extracting by manifest.
2933 silly tarball no local data for events@https://registry.npmjs.org/events/-/events-3.3.0.tgz. Extracting by manifest.
2934 silly tarball no local data for eslint-scope@https://registry.npmjs.org/eslint-scope/-/eslint-scope-5.1.1.tgz. Extracting by manifest.
2935 silly tarball no local data for glob-to-regexp@https://registry.npmjs.org/glob-to-regexp/-/glob-to-regexp-0.4.1.tgz. Extracting by manifest.
2936 silly tarball no local data for es-module-lexer@https://registry.npmjs.org/es-module-lexer/-/es-module-lexer-2.3.2.tgz. Extracting by manifest.
2937 silly tarball no local data for @webassemblyjs/wasm-parser@https://registry.npmjs.org/@webassemblyjs/wasm-parser/-/wasm-parser-1.14.1.tgz. Extracting by manifest.
2938 silly tarball no local data for @webassemblyjs/wasm-edit@https://registry.npmjs.org/@webassemblyjs/wasm-edit/-/wasm-edit-1.14.1.tgz. Extracting by manifest.
2939 silly tarball no local data for @webassemblyjs/ast@https://registry.npmjs.org/@webassemblyjs/ast/-/ast-1.14.1.tgz. Extracting by manifest.
2940 silly tarball no local data for acorn-import-phases@https://registry.npmjs.org/acorn-import-phases/-/acorn-import-phases-1.0.4.tgz. Extracting by manifest.
2941 silly tarball no local data for chrome-trace-event@https://registry.npmjs.org/chrome-trace-event/-/chrome-trace-event-1.0.4.tgz. Extracting by manifest.
2942 silly tarball no local data for browserslist@https://registry.npmjs.org/browserslist/-/browserslist-4.28.8.tgz. Extracting by manifest.
2943 silly tarball no local data for @types/estree@https://registry.npmjs.org/@types/estree/-/estree-1.0.9.tgz. Extracting by manifest.
2944 silly tarball no local data for @types/eslint-scope@https://registry.npmjs.org/@types/eslint-scope/-/eslint-scope-3.7.7.tgz. Extracting by manifest.
2945 silly tarball no local data for @lukeed/csprng@https://registry.npmjs.org/@lukeed/csprng/-/csprng-1.1.0.tgz. Extracting by manifest.
2946 silly tarball no local data for clone@https://registry.npmjs.org/clone/-/clone-1.0.4.tgz. Extracting by manifest.
2947 silly tarball no local data for defaults@https://registry.npmjs.org/defaults/-/defaults-1.0.4.tgz. Extracting by manifest.
2948 silly tarball no local data for which-typed-array@https://registry.npmjs.org/which-typed-array/-/which-typed-array-1.1.22.tgz. Extracting by manifest.
2949 silly tarball no local data for is-typed-array@https://registry.npmjs.org/is-typed-array/-/is-typed-array-1.1.15.tgz. Extracting by manifest.
2950 silly tarball no local data for isarray@https://registry.npmjs.org/isarray/-/isarray-2.0.5.tgz. Extracting by manifest.
2951 silly tarball no local data for to-buffer@https://registry.npmjs.org/to-buffer/-/to-buffer-1.2.2.tgz. Extracting by manifest.
2952 silly tarball no local data for typed-array-buffer@https://registry.npmjs.org/typed-array-buffer/-/typed-array-buffer-1.0.3.tgz. Extracting by manifest.
2953 silly tarball no local data for yargs@https://registry.npmjs.org/yargs/-/yargs-17.7.3.tgz. Extracting by manifest.
2954 silly tarball no local data for uuid@https://registry.npmjs.org/uuid/-/uuid-11.1.1.tgz. Extracting by manifest.
2955 silly tarball no local data for sha.js@https://registry.npmjs.org/sha.js/-/sha.js-2.4.12.tgz. Extracting by manifest.
2956 silly tarball no local data for dedent@https://registry.npmjs.org/dedent/-/dedent-1.7.2.tgz. Extracting by manifest.
2957 silly tarball no local data for @sqltools/formatter@https://registry.npmjs.org/@sqltools/formatter/-/formatter-1.2.5.tgz. Extracting by manifest.
2958 silly tarball no local data for dayjs@https://registry.npmjs.org/dayjs/-/dayjs-1.11.23.tgz. Extracting by manifest.
2959 silly tarball no local data for sql-highlight@https://registry.npmjs.org/sql-highlight/-/sql-highlight-6.1.0.tgz. Extracting by manifest.
2960 silly tarball no local data for app-root-path@https://registry.npmjs.org/app-root-path/-/app-root-path-3.1.0.tgz. Extracting by manifest.
2961 silly tarball no local data for media-typer@https://registry.npmjs.org/media-typer/-/media-typer-1.1.1.tgz. Extracting by manifest.
2962 silly tarball no local data for strip-bom@https://registry.npmjs.org/strip-bom/-/strip-bom-3.0.0.tgz. Extracting by manifest.
2963 silly tarball no local data for enhanced-resolve@https://registry.npmjs.org/enhanced-resolve/-/enhanced-resolve-5.24.5.tgz. Extracting by manifest.
2964 silly tarball no local data for @jridgewell/resolve-uri@https://registry.npmjs.org/@jridgewell/resolve-uri/-/resolve-uri-3.1.2.tgz. Extracting by manifest.
2965 silly tarball no local data for minimist@https://registry.npmjs.org/minimist/-/minimist-1.2.8.tgz. Extracting by manifest.
2966 silly tarball no local data for @jridgewell/trace-mapping@https://registry.npmjs.org/@jridgewell/trace-mapping/-/trace-mapping-0.3.9.tgz. Extracting by manifest.
2967 silly tarball no local data for json5@https://registry.npmjs.org/json5/-/json5-2.2.3.tgz. Extracting by manifest.
2968 silly tarball no local data for yn@https://registry.npmjs.org/yn/-/yn-3.1.1.tgz. Extracting by manifest.
2969 silly tarball no local data for make-error@https://registry.npmjs.org/make-error/-/make-error-1.3.6.tgz. Extracting by manifest.
2970 silly tarball no local data for create-require@https://registry.npmjs.org/create-require/-/create-require-1.1.1.tgz. Extracting by manifest.
2971 silly tarball no local data for diff@https://registry.npmjs.org/diff/-/diff-4.0.4.tgz. Extracting by manifest.
2972 silly tarball no local data for v8-compile-cache-lib@https://registry.npmjs.org/v8-compile-cache-lib/-/v8-compile-cache-lib-3.0.1.tgz. Extracting by manifest.
2973 silly tarball no local data for arg@https://registry.npmjs.org/arg/-/arg-4.1.3.tgz. Extracting by manifest.
2974 silly tarball no local data for acorn@https://registry.npmjs.org/acorn/-/acorn-8.18.0.tgz. Extracting by manifest.
2975 silly tarball no local data for @tsconfig/node14@https://registry.npmjs.org/@tsconfig/node14/-/node14-1.0.3.tgz. Extracting by manifest.
2976 silly tarball no local data for acorn-walk@https://registry.npmjs.org/acorn-walk/-/acorn-walk-8.3.5.tgz. Extracting by manifest.
2977 silly tarball no local data for @tsconfig/node16@https://registry.npmjs.org/@tsconfig/node16/-/node16-1.0.4.tgz. Extracting by manifest.
2978 silly tarball no local data for @tsconfig/node10@https://registry.npmjs.org/@tsconfig/node10/-/node10-1.0.13.tgz. Extracting by manifest.
2979 silly tarball no local data for @borewit/text-codec@https://registry.npmjs.org/@borewit/text-codec/-/text-codec-0.2.2.tgz. Extracting by manifest.
2980 silly tarball no local data for @cspotcode/source-map-support@https://registry.npmjs.org/@cspotcode/source-map-support/-/source-map-support-0.8.1.tgz. Extracting by manifest.
2981 silly tarball no local data for @tokenizer/token@https://registry.npmjs.org/@tokenizer/token/-/token-0.3.0.tgz. Extracting by manifest.
2982 silly tarball no local data for has-flag@https://registry.npmjs.org/has-flag/-/has-flag-4.0.0.tgz. Extracting by manifest.
2983 silly tarball no local data for ansi-regex@https://registry.npmjs.org/ansi-regex/-/ansi-regex-5.0.1.tgz. Extracting by manifest.
2984 silly tarball no local data for is-fullwidth-code-point@https://registry.npmjs.org/is-fullwidth-code-point/-/is-fullwidth-code-point-3.0.0.tgz. Extracting by manifest.
2985 silly tarball no local data for emoji-regex@https://registry.npmjs.org/emoji-regex/-/emoji-regex-8.0.0.tgz. Extracting by manifest.
2986 silly tarball no local data for @tsconfig/node12@https://registry.npmjs.org/@tsconfig/node12/-/node12-1.0.11.tgz. Extracting by manifest.
2987 silly tarball no local data for dunder-proto@https://registry.npmjs.org/dunder-proto/-/dunder-proto-1.0.1.tgz. Extracting by manifest.
2988 silly tarball no local data for safe-buffer@https://registry.npmjs.org/safe-buffer/-/safe-buffer-5.2.1.tgz. Extracting by manifest.
2989 silly tarball no local data for math-intrinsics@https://registry.npmjs.org/math-intrinsics/-/math-intrinsics-1.1.0.tgz. Extracting by manifest.
2990 silly tarball no local data for hasown@https://registry.npmjs.org/hasown/-/hasown-2.0.4.tgz. Extracting by manifest.
2991 silly tarball no local data for has-symbols@https://registry.npmjs.org/has-symbols/-/has-symbols-1.1.0.tgz. Extracting by manifest.
2992 silly tarball no local data for gopd@https://registry.npmjs.org/gopd/-/gopd-1.2.0.tgz. Extracting by manifest.
2993 silly tarball no local data for get-proto@https://registry.npmjs.org/get-proto/-/get-proto-1.0.1.tgz. Extracting by manifest.
2994 silly tarball no local data for es-object-atoms@https://registry.npmjs.org/es-object-atoms/-/es-object-atoms-1.1.2.tgz. Extracting by manifest.
2995 silly tarball no local data for function-bind@https://registry.npmjs.org/function-bind/-/function-bind-1.1.2.tgz. Extracting by manifest.
2996 silly tarball no local data for call-bind-apply-helpers@https://registry.npmjs.org/call-bind-apply-helpers/-/call-bind-apply-helpers-1.0.2.tgz. Extracting by manifest.
2997 silly tarball no local data for get-intrinsic@https://registry.npmjs.org/get-intrinsic/-/get-intrinsic-1.3.0.tgz. Extracting by manifest.
2998 silly tarball no local data for side-channel-weakmap@https://registry.npmjs.org/side-channel-weakmap/-/side-channel-weakmap-1.0.2.tgz. Extracting by manifest.
2999 silly tarball no local data for call-bound@https://registry.npmjs.org/call-bound/-/call-bound-1.0.4.tgz. Extracting by manifest.
3000 silly tarball no local data for side-channel-map@https://registry.npmjs.org/side-channel-map/-/side-channel-map-1.0.1.tgz. Extracting by manifest.
3001 silly tarball no local data for @types/json-schema@https://registry.npmjs.org/@types/json-schema/-/json-schema-7.0.15.tgz. Extracting by manifest.
3002 silly tarball no local data for side-channel-list@https://registry.npmjs.org/side-channel-list/-/side-channel-list-1.0.1.tgz. Extracting by manifest.
3003 silly tarball no local data for es-errors@https://registry.npmjs.org/es-errors/-/es-errors-1.3.0.tgz. Extracting by manifest.
3004 silly tarball no local data for object-inspect@https://registry.npmjs.org/object-inspect/-/object-inspect-1.13.4.tgz. Extracting by manifest.
3005 silly tarball no local data for is-promise@https://registry.npmjs.org/is-promise/-/is-promise-4.0.0.tgz. Extracting by manifest.
3006 silly tarball no local data for mimic-fn@https://registry.npmjs.org/mimic-fn/-/mimic-fn-2.1.0.tgz. Extracting by manifest.
3007 silly tarball no local data for util-deprecate@https://registry.npmjs.org/util-deprecate/-/util-deprecate-1.0.2.tgz. Extracting by manifest.
3008 silly tarball no local data for string_decoder@https://registry.npmjs.org/string_decoder/-/string_decoder-1.3.0.tgz. Extracting by manifest.
3009 silly tarball no local data for unpipe@https://registry.npmjs.org/unpipe/-/unpipe-1.0.0.tgz. Extracting by manifest.
3010 silly tarball no local data for side-channel@https://registry.npmjs.org/side-channel/-/side-channel-1.1.1.tgz. Extracting by manifest.
3011 silly tarball no local data for es-define-property@https://registry.npmjs.org/es-define-property/-/es-define-property-1.0.1.tgz. Extracting by manifest.
3012 silly tarball no local data for onetime@https://registry.npmjs.org/onetime/-/onetime-5.1.2.tgz. Extracting by manifest.
3013 silly tarball no local data for forwarded@https://registry.npmjs.org/forwarded/-/forwarded-0.2.0.tgz. Extracting by manifest.
3014 silly tarball no local data for ipaddr.js@https://registry.npmjs.org/ipaddr.js/-/ipaddr.js-1.9.1.tgz. Extracting by manifest.
3015 silly tarball no local data for xtend@https://registry.npmjs.org/xtend/-/xtend-4.0.2.tgz. Extracting by manifest.
3016 silly tarball no local data for split2@https://registry.npmjs.org/split2/-/split2-4.2.0.tgz. Extracting by manifest.
3017 silly tarball no local data for postgres-interval@https://registry.npmjs.org/postgres-interval/-/postgres-interval-1.2.0.tgz. Extracting by manifest.
3018 silly tarball no local data for postgres-bytea@https://registry.npmjs.org/postgres-bytea/-/postgres-bytea-1.0.1.tgz. Extracting by manifest.
3019 silly tarball no local data for postgres-date@https://registry.npmjs.org/postgres-date/-/postgres-date-1.0.7.tgz. Extracting by manifest.
3020 silly tarball no local data for pg-int8@https://registry.npmjs.org/pg-int8/-/pg-int8-1.0.1.tgz. Extracting by manifest.
3021 silly tarball no local data for pgpass@https://registry.npmjs.org/pgpass/-/pgpass-1.0.5.tgz. Extracting by manifest.
3022 silly tarball no local data for pg-types@https://registry.npmjs.org/pg-types/-/pg-types-2.2.0.tgz. Extracting by manifest.
3023 silly tarball no local data for pg-protocol@https://registry.npmjs.org/pg-protocol/-/pg-protocol-1.16.0.tgz. Extracting by manifest.
3024 silly tarball no local data for pg-pool@https://registry.npmjs.org/pg-pool/-/pg-pool-3.14.0.tgz. Extracting by manifest.
3025 silly tarball no local data for pg-connection-string@https://registry.npmjs.org/pg-connection-string/-/pg-connection-string-2.14.0.tgz. Extracting by manifest.
3026 silly tarball no local data for pg-cloudflare@https://registry.npmjs.org/pg-cloudflare/-/pg-cloudflare-1.4.0.tgz. Extracting by manifest.
3027 silly tarball no local data for lru-cache@https://registry.npmjs.org/lru-cache/-/lru-cache-11.5.2.tgz. Extracting by manifest.
3028 silly tarball no local data for postgres-array@https://registry.npmjs.org/postgres-array/-/postgres-array-2.0.0.tgz. Extracting by manifest.
3029 silly tarball no local data for is-arrayish@https://registry.npmjs.org/is-arrayish/-/is-arrayish-0.2.1.tgz. Extracting by manifest.
3030 silly tarball no local data for json-parse-even-better-errors@https://registry.npmjs.org/json-parse-even-better-errors/-/json-parse-even-better-errors-2.3.1.tgz. Extracting by manifest.
3031 silly tarball no local data for lines-and-columns@https://registry.npmjs.org/lines-and-columns/-/lines-and-columns-1.2.4.tgz. Extracting by manifest.
3032 silly tarball no local data for callsites@https://registry.npmjs.org/callsites/-/callsites-3.1.0.tgz. Extracting by manifest.
3033 silly tarball no local data for ieee754@https://registry.npmjs.org/ieee754/-/ieee754-1.2.1.tgz. Extracting by manifest.
3034 silly tarball no local data for restore-cursor@https://registry.npmjs.org/restore-cursor/-/restore-cursor-3.1.0.tgz. Extracting by manifest.
3035 silly tarball no local data for base64-js@https://registry.npmjs.org/base64-js/-/base64-js-1.5.1.tgz. Extracting by manifest.
3036 silly tarball no local data for wcwidth@https://registry.npmjs.org/wcwidth/-/wcwidth-1.0.1.tgz. Extracting by manifest.
3037 silly tarball no local data for buffer@https://registry.npmjs.org/buffer/-/buffer-5.7.1.tgz. Extracting by manifest.
3038 silly tarball no local data for strip-ansi@https://registry.npmjs.org/strip-ansi/-/strip-ansi-6.0.1.tgz. Extracting by manifest.
3039 silly tarball no local data for log-symbols@https://registry.npmjs.org/log-symbols/-/log-symbols-4.1.0.tgz. Extracting by manifest.
3040 silly tarball no local data for is-interactive@https://registry.npmjs.org/is-interactive/-/is-interactive-1.0.0.tgz. Extracting by manifest.
3041 silly tarball no local data for is-unicode-supported@https://registry.npmjs.org/is-unicode-supported/-/is-unicode-supported-0.1.0.tgz. Extracting by manifest.
3042 silly tarball no local data for cli-spinners@https://registry.npmjs.org/cli-spinners/-/cli-spinners-2.9.2.tgz. Extracting by manifest.
3043 silly tarball no local data for cli-cursor@https://registry.npmjs.org/cli-cursor/-/cli-cursor-3.1.0.tgz. Extracting by manifest.
3044 silly tarball no local data for bl@https://registry.npmjs.org/bl/-/bl-4.1.0.tgz. Extracting by manifest.
3045 silly tarball no local data for wrappy@https://registry.npmjs.org/wrappy/-/wrappy-1.0.2.tgz. Extracting by manifest.
3046 silly tarball no local data for ee-first@https://registry.npmjs.org/ee-first/-/ee-first-1.1.1.tgz. Extracting by manifest.
3047 silly tarball no local data for typedarray@https://registry.npmjs.org/typedarray/-/typedarray-0.0.6.tgz. Extracting by manifest.
3048 silly tarball no local data for lodash@https://registry.npmjs.org/lodash/-/lodash-4.18.1.tgz. Extracting by manifest.
3049 silly tarball no local data for readable-stream@https://registry.npmjs.org/readable-stream/-/readable-stream-3.6.2.tgz. Extracting by manifest.
3050 silly tarball no local data for streamsearch@https://registry.npmjs.org/streamsearch/-/streamsearch-1.1.0.tgz. Extracting by manifest.
3051 silly tarball no local data for buffer-from@https://registry.npmjs.org/buffer-from/-/buffer-from-1.1.2.tgz. Extracting by manifest.
3052 silly tarball no local data for busboy@https://registry.npmjs.org/busboy/-/busboy-1.6.0.tgz. Extracting by manifest.
3053 silly tarball no local data for concat-stream@https://registry.npmjs.org/concat-stream/-/concat-stream-2.0.0.tgz. Extracting by manifest.
3054 silly tarball no local data for concat-map@https://registry.npmjs.org/concat-map/-/concat-map-0.0.1.tgz. Extracting by manifest.
3055 silly tarball no local data for append-field@https://registry.npmjs.org/append-field/-/append-field-1.0.0.tgz. Extracting by manifest.
3056 silly tarball no local data for balanced-match@https://registry.npmjs.org/balanced-match/-/balanced-match-1.0.2.tgz. Extracting by manifest.
3057 silly tarball no local data for brace-expansion@https://registry.npmjs.org/brace-expansion/-/brace-expansion-1.1.18.tgz. Extracting by manifest.
3058 silly tarball no local data for mime-db@https://registry.npmjs.org/mime-db/-/mime-db-1.54.0.tgz. Extracting by manifest.
3059 silly tarball no local data for fs-monkey@https://registry.npmjs.org/fs-monkey/-/fs-monkey-1.1.0.tgz. Extracting by manifest.
3060 silly tarball no local data for @jridgewell/sourcemap-codec@https://registry.npmjs.org/@jridgewell/sourcemap-codec/-/sourcemap-codec-1.6.0.tgz. Extracting by manifest.
3061 silly tarball no local data for argparse@https://registry.npmjs.org/argparse/-/argparse-2.0.1.tgz. Extracting by manifest.
3062 silly tarball no local data for resolve-from@https://registry.npmjs.org/resolve-from/-/resolve-from-4.0.0.tgz. Extracting by manifest.
3063 silly tarball no local data for safer-buffer@https://registry.npmjs.org/safer-buffer/-/safer-buffer-2.1.2.tgz. Extracting by manifest.
3064 silly tarball no local data for parent-module@https://registry.npmjs.org/parent-module/-/parent-module-1.0.1.tgz. Extracting by manifest.
3065 silly tarball no local data for toidentifier@https://registry.npmjs.org/toidentifier/-/toidentifier-1.0.1.tgz. Extracting by manifest.
3066 silly tarball no local data for inherits@https://registry.npmjs.org/inherits/-/inherits-2.0.4.tgz. Extracting by manifest.
3067 silly tarball no local data for setprototypeof@https://registry.npmjs.org/setprototypeof/-/setprototypeof-1.2.0.tgz. Extracting by manifest.
3068 silly tarball no local data for path-scurry@https://registry.npmjs.org/path-scurry/-/path-scurry-2.0.2.tgz. Extracting by manifest.
3069 silly tarball no local data for universalify@https://registry.npmjs.org/universalify/-/universalify-2.0.1.tgz. Extracting by manifest.
3070 silly tarball no local data for minipass@https://registry.npmjs.org/minipass/-/minipass-7.1.3.tgz. Extracting by manifest.
3071 silly tarball no local data for jsonfile@https://registry.npmjs.org/jsonfile/-/jsonfile-6.2.1.tgz. Extracting by manifest.
3072 silly tarball no local data for graceful-fs@https://registry.npmjs.org/graceful-fs/-/graceful-fs-4.2.11.tgz. Extracting by manifest.
3073 silly tarball no local data for path-type@https://registry.npmjs.org/path-type/-/path-type-4.0.0.tgz. Extracting by manifest.
3074 silly tarball no local data for color-name@https://registry.npmjs.org/color-name/-/color-name-1.1.4.tgz. Extracting by manifest.
3075 silly tarball no local data for import-fresh@https://registry.npmjs.org/import-fresh/-/import-fresh-3.3.1.tgz. Extracting by manifest.
3076 silly tarball no local data for parse-json@https://registry.npmjs.org/parse-json/-/parse-json-5.2.0.tgz. Extracting by manifest.
3077 silly tarball no local data for js-yaml@https://registry.npmjs.org/js-yaml/-/js-yaml-4.3.2.tgz. Extracting by manifest.
3078 silly tarball no local data for error-ex@https://registry.npmjs.org/error-ex/-/error-ex-1.3.4.tgz. Extracting by manifest.
3079 silly tarball no local data for supports-color@https://registry.npmjs.org/supports-color/-/supports-color-7.2.0.tgz. Extracting by manifest.
3080 silly tarball no local data for color-convert@https://registry.npmjs.org/color-convert/-/color-convert-2.0.1.tgz. Extracting by manifest.
3081 silly tarball no local data for picocolors@https://registry.npmjs.org/picocolors/-/picocolors-1.1.1.tgz. Extracting by manifest.
3082 silly tarball no local data for js-tokens@https://registry.npmjs.org/js-tokens/-/js-tokens-4.0.0.tgz. Extracting by manifest.
3083 silly tarball no local data for ansi-styles@https://registry.npmjs.org/ansi-styles/-/ansi-styles-4.3.0.tgz. Extracting by manifest.
3084 silly tarball no local data for tapable@https://registry.npmjs.org/tapable/-/tapable-2.3.3.tgz. Extracting by manifest.
3085 silly tarball no local data for @babel/helper-validator-identifier@https://registry.npmjs.org/@babel/helper-validator-identifier/-/helper-validator-identifier-7.29.7.tgz. Extracting by manifest.
3086 silly tarball no local data for semver@https://registry.npmjs.org/semver/-/semver-7.8.5.tgz. Extracting by manifest.
3087 silly tarball no local data for minimatch@https://registry.npmjs.org/minimatch/-/minimatch-3.1.5.tgz. Extracting by manifest.
3088 silly tarball no local data for schema-utils@https://registry.npmjs.org/schema-utils/-/schema-utils-3.3.0.tgz. Extracting by manifest.
3089 silly tarball no local data for memfs@https://registry.npmjs.org/memfs/-/memfs-3.5.3.tgz. Extracting by manifest.
3090 silly tarball no local data for node-abort-controller@https://registry.npmjs.org/node-abort-controller/-/node-abort-controller-3.1.1.tgz. Extracting by manifest.
3091 silly tarball no local data for fs-extra@https://registry.npmjs.org/fs-extra/-/fs-extra-10.1.0.tgz. Extracting by manifest.
3092 silly tarball no local data for deepmerge@https://registry.npmjs.org/deepmerge/-/deepmerge-4.3.1.tgz. Extracting by manifest.
3093 silly tarball no local data for chalk@https://registry.npmjs.org/chalk/-/chalk-4.1.2.tgz. Extracting by manifest.
3094 silly tarball no local data for cosmiconfig@https://registry.npmjs.org/cosmiconfig/-/cosmiconfig-8.3.6.tgz. Extracting by manifest.
3095 silly tarball no local data for @babel/code-frame@https://registry.npmjs.org/@babel/code-frame/-/code-frame-7.29.7.tgz. Extracting by manifest.
3096 silly tarball no local data for token-types@https://registry.npmjs.org/token-types/-/token-types-6.1.2.tgz. Extracting by manifest.
3097 silly tarball no local data for strtok3@https://registry.npmjs.org/strtok3/-/strtok3-10.3.5.tgz. Extracting by manifest.
3098 silly tarball no local data for @tokenizer/inflate@https://registry.npmjs.org/@tokenizer/inflate/-/inflate-0.4.1.tgz. Extracting by manifest.
3099 silly tarball no local data for uint8array-extras@https://registry.npmjs.org/uint8array-extras/-/uint8array-extras-1.5.0.tgz. Extracting by manifest.
3100 silly tarball no local data for raw-body@https://registry.npmjs.org/raw-body/-/raw-body-3.0.2.tgz. Extracting by manifest.
3101 silly tarball no local data for negotiator@https://registry.npmjs.org/negotiator/-/negotiator-1.1.0.tgz. Extracting by manifest.
3102 silly tarball no local data for ms@https://registry.npmjs.org/ms/-/ms-2.1.3.tgz. Extracting by manifest.
3103 silly tarball no local data for bytes@https://registry.npmjs.org/bytes/-/bytes-3.1.2.tgz. Extracting by manifest.
3104 silly tarball no local data for statuses@https://registry.npmjs.org/statuses/-/statuses-2.0.2.tgz. Extracting by manifest.
3105 silly tarball no local data for type-is@https://registry.npmjs.org/type-is/-/type-is-2.1.0.tgz. Extracting by manifest.
3106 silly tarball no local data for send@https://registry.npmjs.org/send/-/send-1.2.1.tgz. Extracting by manifest.
3107 silly tarball no local data for range-parser@https://registry.npmjs.org/range-parser/-/range-parser-1.3.0.tgz. Extracting by manifest.
3108 silly tarball no local data for qs@https://registry.npmjs.org/qs/-/qs-6.16.0.tgz. Extracting by manifest.
3109 silly tarball no local data for router@https://registry.npmjs.org/router/-/router-2.2.0.tgz. Extracting by manifest.
3110 silly tarball no local data for proxy-addr@https://registry.npmjs.org/proxy-addr/-/proxy-addr-2.0.7.tgz. Extracting by manifest.
3111 silly tarball no local data for once@https://registry.npmjs.org/once/-/once-1.4.0.tgz. Extracting by manifest.
3112 silly tarball no local data for on-finished@https://registry.npmjs.org/on-finished/-/on-finished-2.4.1.tgz. Extracting by manifest.
3113 silly tarball no local data for mime-types@https://registry.npmjs.org/mime-types/-/mime-types-3.0.2.tgz. Extracting by manifest.
3114 silly tarball no local data for http-errors@https://registry.npmjs.org/http-errors/-/http-errors-2.0.1.tgz. Extracting by manifest.
3115 silly tarball no local data for serve-static@https://registry.npmjs.org/serve-static/-/serve-static-2.2.1.tgz. Extracting by manifest.
3116 silly tarball no local data for parseurl@https://registry.npmjs.org/parseurl/-/parseurl-1.3.3.tgz. Extracting by manifest.
3117 silly tarball no local data for merge-descriptors@https://registry.npmjs.org/merge-descriptors/-/merge-descriptors-2.0.0.tgz. Extracting by manifest.
3118 silly tarball no local data for fresh@https://registry.npmjs.org/fresh/-/fresh-2.0.0.tgz. Extracting by manifest.
3119 silly tarball no local data for etag@https://registry.npmjs.org/etag/-/etag-1.8.1.tgz. Extracting by manifest.
3120 silly tarball no local data for escape-html@https://registry.npmjs.org/escape-html/-/escape-html-1.0.3.tgz. Extracting by manifest.
3121 silly tarball no local data for encodeurl@https://registry.npmjs.org/encodeurl/-/encodeurl-2.0.0.tgz. Extracting by manifest.
3122 silly tarball no local data for depd@https://registry.npmjs.org/depd/-/depd-2.0.0.tgz. Extracting by manifest.
3123 silly tarball no local data for cookie-signature@https://registry.npmjs.org/cookie-signature/-/cookie-signature-1.2.2.tgz. Extracting by manifest.
3124 silly tarball no local data for cookie@https://registry.npmjs.org/cookie/-/cookie-0.7.2.tgz. Extracting by manifest.
3125 silly tarball no local data for debug@https://registry.npmjs.org/debug/-/debug-4.4.3.tgz. Extracting by manifest.
3126 silly tarball no local data for content-type@https://registry.npmjs.org/content-type/-/content-type-1.0.5.tgz. Extracting by manifest.
3127 silly tarball no local data for content-disposition@https://registry.npmjs.org/content-disposition/-/content-disposition-1.1.0.tgz. Extracting by manifest.
3128 silly tarball no local data for vary@https://registry.npmjs.org/vary/-/vary-1.1.2.tgz. Extracting by manifest.
3129 silly tarball no local data for body-parser@https://registry.npmjs.org/body-parser/-/body-parser-2.3.0.tgz. Extracting by manifest.
3130 silly tarball no local data for object-assign@https://registry.npmjs.org/object-assign/-/object-assign-4.1.1.tgz. Extracting by manifest.
3131 silly tarball no local data for accepts@https://registry.npmjs.org/accepts/-/accepts-2.0.0.tgz. Extracting by manifest.
3132 silly tarball no local data for @colors/colors@https://registry.npmjs.org/@colors/colors/-/colors-1.5.0.tgz. Extracting by manifest.
3133 silly tarball no local data for string-width@https://registry.npmjs.org/string-width/-/string-width-4.2.3.tgz. Extracting by manifest.
3134 silly tarball no local data for @types/validator@https://registry.npmjs.org/@types/validator/-/validator-13.15.10.tgz. Extracting by manifest.
3135 silly tarball no local data for esprima@https://registry.npmjs.org/esprima/-/esprima-4.0.1.tgz. Extracting by manifest.
3136 silly tarball no local data for finalhandler@https://registry.npmjs.org/finalhandler/-/finalhandler-2.1.1.tgz. Extracting by manifest.
3137 silly tarball no local data for validator@https://registry.npmjs.org/validator/-/validator-13.15.35.tgz. Extracting by manifest.
3138 silly tarball no local data for array-timsort@https://registry.npmjs.org/array-timsort/-/array-timsort-1.0.3.tgz. Extracting by manifest.
3139 silly tarball no local data for readdirp@https://registry.npmjs.org/readdirp/-/readdirp-4.1.2.tgz. Extracting by manifest.
3140 silly tarball no local data for @types/http-errors@https://registry.npmjs.org/@types/http-errors/-/http-errors-2.0.5.tgz. Extracting by manifest.
3141 silly tarball no local data for fast-uri@https://registry.npmjs.org/fast-uri/-/fast-uri-3.1.7.tgz. Extracting by manifest.
3142 silly tarball no local data for json-schema-traverse@https://registry.npmjs.org/json-schema-traverse/-/json-schema-traverse-1.0.0.tgz. Extracting by manifest.
3143 silly tarball no local data for fast-deep-equal@https://registry.npmjs.org/fast-deep-equal/-/fast-deep-equal-3.1.3.tgz. Extracting by manifest.
3144 silly tarball no local data for @types/range-parser@https://registry.npmjs.org/@types/range-parser/-/range-parser-1.2.7.tgz. Extracting by manifest.
3145 silly tarball no local data for require-from-string@https://registry.npmjs.org/require-from-string/-/require-from-string-2.0.2.tgz. Extracting by manifest.
3146 silly tarball no local data for libphonenumber-js@https://registry.npmjs.org/libphonenumber-js/-/libphonenumber-js-1.13.12.tgz. Extracting by manifest.
3147 silly tarball no local data for @types/connect@https://registry.npmjs.org/@types/connect/-/connect-3.4.38.tgz. Extracting by manifest.
3148 silly tarball no local data for @types/send@https://registry.npmjs.org/@types/send/-/send-1.2.1.tgz. Extracting by manifest.
3149 silly tarball no local data for pluralize@https://registry.npmjs.org/pluralize/-/pluralize-8.0.0.tgz. Extracting by manifest.
3150 silly tarball no local data for comment-json@https://registry.npmjs.org/comment-json/-/comment-json-5.0.0.tgz. Extracting by manifest.
3151 silly tarball no local data for undici-types@https://registry.npmjs.org/undici-types/-/undici-types-6.21.0.tgz. Extracting by manifest.
3152 silly tarball no local data for @types/serve-static@https://registry.npmjs.org/@types/serve-static/-/serve-static-2.2.0.tgz. Extracting by manifest.
3153 silly tarball no local data for @types/express-serve-static-core@https://registry.npmjs.org/@types/express-serve-static-core/-/express-serve-static-core-5.1.3.tgz. Extracting by manifest.
3154 silly tarball no local data for express@https://registry.npmjs.org/express/-/express-5.2.1.tgz. Extracting by manifest.
3155 silly tarball no local data for @types/body-parser@https://registry.npmjs.org/@types/body-parser/-/body-parser-1.19.6.tgz. Extracting by manifest.
3156 silly tarball no local data for multer@https://registry.npmjs.org/multer/-/multer-2.2.0.tgz. Extracting by manifest.
3157 silly tarball no local data for path-to-regexp@https://registry.npmjs.org/path-to-regexp/-/path-to-regexp-8.4.2.tgz. Extracting by manifest.
3158 silly tarball no local data for cors@https://registry.npmjs.org/cors/-/cors-2.8.6.tgz. Extracting by manifest.
3159 silly tarball no local data for fast-safe-stringify@https://registry.npmjs.org/fast-safe-stringify/-/fast-safe-stringify-2.1.1.tgz. Extracting by manifest.
3160 silly tarball no local data for uid@https://registry.npmjs.org/uid/-/uid-2.0.2.tgz. Extracting by manifest.
3161 silly tarball no local data for tslib@https://registry.npmjs.org/tslib/-/tslib-2.8.1.tgz. Extracting by manifest.
3162 silly tarball no local data for load-esm@https://registry.npmjs.org/load-esm/-/load-esm-1.0.3.tgz. Extracting by manifest.
3163 silly tarball no local data for iterare@https://registry.npmjs.org/iterare/-/iterare-1.2.1.tgz. Extracting by manifest.
3164 silly tarball no local data for iconv-lite@https://registry.npmjs.org/iconv-lite/-/iconv-lite-0.7.3.tgz. Extracting by manifest.
3165 silly tarball no local data for @inquirer/external-editor@https://registry.npmjs.org/@inquirer/external-editor/-/external-editor-1.0.3.tgz. Extracting by manifest.
3166 silly tarball no local data for file-type@https://registry.npmjs.org/file-type/-/file-type-21.3.4.tgz. Extracting by manifest.
3167 silly tarball no local data for chardet@https://registry.npmjs.org/chardet/-/chardet-2.2.0.tgz. Extracting by manifest.
3168 silly tarball no local data for wrap-ansi@https://registry.npmjs.org/wrap-ansi/-/wrap-ansi-6.2.0.tgz. Extracting by manifest.
3169 silly tarball no local data for signal-exit@https://registry.npmjs.org/signal-exit/-/signal-exit-4.1.0.tgz. Extracting by manifest.
3170 silly tarball no local data for @inquirer/type@https://registry.npmjs.org/@inquirer/type/-/type-3.0.10.tgz. Extracting by manifest.
3171 silly tarball no local data for mute-stream@https://registry.npmjs.org/mute-stream/-/mute-stream-2.0.0.tgz. Extracting by manifest.
3172 silly tarball no local data for @inquirer/figures@https://registry.npmjs.org/@inquirer/figures/-/figures-1.0.15.tgz. Extracting by manifest.
3173 silly tarball no local data for yoctocolors-cjs@https://registry.npmjs.org/yoctocolors-cjs/-/yoctocolors-cjs-2.1.3.tgz. Extracting by manifest.
3174 silly tarball no local data for @inquirer/core@https://registry.npmjs.org/@inquirer/core/-/core-10.3.2.tgz. Extracting by manifest.
3175 silly tarball no local data for cli-width@https://registry.npmjs.org/cli-width/-/cli-width-4.1.0.tgz. Extracting by manifest.
3176 silly tarball no local data for @inquirer/select@https://registry.npmjs.org/@inquirer/select/-/select-4.4.2.tgz. Extracting by manifest.
3177 silly tarball no local data for @inquirer/password@https://registry.npmjs.org/@inquirer/password/-/password-4.0.23.tgz. Extracting by manifest.
3178 silly tarball no local data for @inquirer/ansi@https://registry.npmjs.org/@inquirer/ansi/-/ansi-1.0.2.tgz. Extracting by manifest.
3179 silly tarball no local data for @types/qs@https://registry.npmjs.org/@types/qs/-/qs-6.15.1.tgz. Extracting by manifest.
3180 silly tarball no local data for @inquirer/number@https://registry.npmjs.org/@inquirer/number/-/number-3.0.23.tgz. Extracting by manifest.
3181 silly tarball no local data for @inquirer/expand@https://registry.npmjs.org/@inquirer/expand/-/expand-4.0.23.tgz. Extracting by manifest.
3182 silly tarball no local data for @inquirer/search@https://registry.npmjs.org/@inquirer/search/-/search-3.2.2.tgz. Extracting by manifest.
3183 silly tarball no local data for @inquirer/input@https://registry.npmjs.org/@inquirer/input/-/input-4.3.1.tgz. Extracting by manifest.
3184 silly tarball no local data for @inquirer/checkbox@https://registry.npmjs.org/@inquirer/checkbox/-/checkbox-4.3.2.tgz. Extracting by manifest.
3185 silly tarball no local data for @inquirer/confirm@https://registry.npmjs.org/@inquirer/confirm/-/confirm-5.1.21.tgz. Extracting by manifest.
3186 silly tarball no local data for @inquirer/editor@https://registry.npmjs.org/@inquirer/editor/-/editor-4.2.23.tgz. Extracting by manifest.
3187 silly tarball no local data for ansi-colors@https://registry.npmjs.org/ansi-colors/-/ansi-colors-4.1.3.tgz. Extracting by manifest.
3188 silly tarball no local data for symbol-observable@https://registry.npmjs.org/symbol-observable/-/symbol-observable-4.0.0.tgz. Extracting by manifest.
3189 silly tarball no local data for magic-string@https://registry.npmjs.org/magic-string/-/magic-string-0.30.17.tgz. Extracting by manifest.
3190 silly tarball no local data for source-map@https://registry.npmjs.org/source-map/-/source-map-0.7.4.tgz. Extracting by manifest.
3191 silly tarball no local data for yargs-parser@https://registry.npmjs.org/yargs-parser/-/yargs-parser-21.1.1.tgz. Extracting by manifest.
3192 silly tarball no local data for picomatch@https://registry.npmjs.org/picomatch/-/picomatch-4.0.4.tgz. Extracting by manifest.
3193 silly tarball no local data for @inquirer/rawlist@https://registry.npmjs.org/@inquirer/rawlist/-/rawlist-4.1.11.tgz. Extracting by manifest.
3194 silly tarball no local data for jsonc-parser@https://registry.npmjs.org/jsonc-parser/-/jsonc-parser-3.3.1.tgz. Extracting by manifest.
3195 silly tarball no local data for ajv-formats@https://registry.npmjs.org/ajv-formats/-/ajv-formats-3.0.1.tgz. Extracting by manifest.
3196 silly tarball no local data for webpack-node-externals@https://registry.npmjs.org/webpack-node-externals/-/webpack-node-externals-3.0.0.tgz. Extracting by manifest.
3197 silly tarball no local data for tsconfig-paths-webpack-plugin@https://registry.npmjs.org/tsconfig-paths-webpack-plugin/-/tsconfig-paths-webpack-plugin-4.2.0.tgz. Extracting by manifest.
3198 silly tarball no local data for glob@https://registry.npmjs.org/glob/-/glob-13.0.6.tgz. Extracting by manifest.
3199 silly tarball no local data for node-emoji@https://registry.npmjs.org/node-emoji/-/node-emoji-1.11.0.tgz. Extracting by manifest.
3200 silly tarball no local data for ajv@https://registry.npmjs.org/ajv/-/ajv-8.18.0.tgz. Extracting by manifest.
3201 silly tarball no local data for fork-ts-checker-webpack-plugin@https://registry.npmjs.org/fork-ts-checker-webpack-plugin/-/fork-ts-checker-webpack-plugin-9.1.0.tgz. Extracting by manifest.
3202 silly tarball no local data for webpack@https://registry.npmjs.org/webpack/-/webpack-5.106.2.tgz. Extracting by manifest.
3203 silly tarball no local data for commander@https://registry.npmjs.org/commander/-/commander-4.1.1.tgz. Extracting by manifest.
3204 silly tarball no local data for ora@https://registry.npmjs.org/ora/-/ora-5.4.1.tgz. Extracting by manifest.
3205 silly tarball no local data for chokidar@https://registry.npmjs.org/chokidar/-/chokidar-4.0.3.tgz. Extracting by manifest.
3206 silly tarball no local data for cli-table3@https://registry.npmjs.org/cli-table3/-/cli-table3-0.6.5.tgz. Extracting by manifest.
3207 silly tarball no local data for ansis@https://registry.npmjs.org/ansis/-/ansis-4.2.0.tgz. Extracting by manifest.
3208 silly tarball no local data for @inquirer/prompts@https://registry.npmjs.org/@inquirer/prompts/-/prompts-7.10.1.tgz. Extracting by manifest.
3209 silly tarball no local data for tsconfig-paths@https://registry.npmjs.org/tsconfig-paths/-/tsconfig-paths-4.2.0.tgz. Extracting by manifest.
3210 silly tarball no local data for ts-node@https://registry.npmjs.org/ts-node/-/ts-node-10.9.2.tgz. Extracting by manifest.
3211 silly tarball no local data for @angular-devkit/core@https://registry.npmjs.org/@angular-devkit/core/-/core-19.2.27.tgz. Extracting by manifest.
3212 silly tarball no local data for @angular-devkit/schematics-cli@https://registry.npmjs.org/@angular-devkit/schematics-cli/-/schematics-cli-19.2.27.tgz. Extracting by manifest.
3213 silly tarball no local data for pg@https://registry.npmjs.org/pg/-/pg-8.23.0.tgz. Extracting by manifest.
3214 silly tarball no local data for @angular-devkit/schematics@https://registry.npmjs.org/@angular-devkit/schematics/-/schematics-19.2.27.tgz. Extracting by manifest.
3215 silly tarball no local data for nodemailer@https://registry.npmjs.org/nodemailer/-/nodemailer-6.10.1.tgz. Extracting by manifest.
3216 silly tarball no local data for class-validator@https://registry.npmjs.org/class-validator/-/class-validator-0.14.4.tgz. Extracting by manifest.
3217 silly tarball no local data for dotenv@https://registry.npmjs.org/dotenv/-/dotenv-16.6.1.tgz. Extracting by manifest.
3218 silly tarball no local data for env-var@https://registry.npmjs.org/env-var/-/env-var-7.5.0.tgz. Extracting by manifest.
3219 silly tarball no local data for class-transformer@https://registry.npmjs.org/class-transformer/-/class-transformer-0.5.1.tgz. Extracting by manifest.
3220 silly tarball no local data for bcryptjs@https://registry.npmjs.org/bcryptjs/-/bcryptjs-2.4.3.tgz. Extracting by manifest.
3221 silly tarball no local data for @types/node@https://registry.npmjs.org/@types/node/-/node-22.20.1.tgz. Extracting by manifest.
3222 silly tarball no local data for typeorm@https://registry.npmjs.org/typeorm/-/typeorm-0.3.31.tgz. Extracting by manifest.
3223 silly tarball no local data for @types/nodemailer@https://registry.npmjs.org/@types/nodemailer/-/nodemailer-6.4.24.tgz. Extracting by manifest.
3224 silly tarball no local data for @types/express@https://registry.npmjs.org/@types/express/-/express-5.0.6.tgz. Extracting by manifest.
3225 silly tarball no local data for @nestjs/typeorm@https://registry.npmjs.org/@nestjs/typeorm/-/typeorm-11.0.3.tgz. Extracting by manifest.
3226 silly tarball no local data for @nestjs/schematics@https://registry.npmjs.org/@nestjs/schematics/-/schematics-11.1.0.tgz. Extracting by manifest.
3227 silly tarball no local data for @nestjs/testing@https://registry.npmjs.org/@nestjs/testing/-/testing-11.2.3.tgz. Extracting by manifest.
3228 silly tarball no local data for @nestjs/platform-express@https://registry.npmjs.org/@nestjs/platform-express/-/platform-express-11.2.3.tgz. Extracting by manifest.
3229 silly tarball no local data for @nestjs/core@https://registry.npmjs.org/@nestjs/core/-/core-11.2.3.tgz. Extracting by manifest.
3230 silly tarball no local data for @nestjs/common@https://registry.npmjs.org/@nestjs/common/-/common-11.2.3.tgz. Extracting by manifest.
3231 silly tarball no local data for @nestjs/cli@https://registry.npmjs.org/@nestjs/cli/-/cli-11.0.24.tgz. Extracting by manifest.
3232 silly tarball no local data for ansi-styles@https://registry.npmjs.org/ansi-styles/-/ansi-styles-6.2.3.tgz. Extracting by manifest.
3233 silly tarball no local data for reflect-metadata@https://registry.npmjs.org/reflect-metadata/-/reflect-metadata-0.2.2.tgz. Extracting by manifest.
3234 silly tarball no local data for rxjs@https://registry.npmjs.org/rxjs/-/rxjs-7.8.2.tgz. Extracting by manifest.
3235 silly tarball no local data for typescript@https://registry.npmjs.org/typescript/-/typescript-5.9.3.tgz. Extracting by manifest.
3236 silly tarball no local data for wrap-ansi@https://registry.npmjs.org/wrap-ansi/-/wrap-ansi-7.0.0.tgz. Extracting by manifest.
3237 silly tarball no local data for emoji-regex@https://registry.npmjs.org/emoji-regex/-/emoji-regex-9.2.2.tgz. Extracting by manifest.
3238 silly tarball no local data for strip-ansi@https://registry.npmjs.org/strip-ansi/-/strip-ansi-7.2.0.tgz. Extracting by manifest.
3239 silly tarball no local data for string-width@https://registry.npmjs.org/string-width/-/string-width-5.1.2.tgz. Extracting by manifest.
3240 silly tarball no local data for @jridgewell/trace-mapping@https://registry.npmjs.org/@jridgewell/trace-mapping/-/trace-mapping-0.3.31.tgz. Extracting by manifest.
3241 silly tarball no local data for wrap-ansi@https://registry.npmjs.org/wrap-ansi/-/wrap-ansi-8.1.0.tgz. Extracting by manifest.
3242 silly tarball no local data for supports-color@https://registry.npmjs.org/supports-color/-/supports-color-8.1.1.tgz. Extracting by manifest.
3243 silly tarball no local data for @jridgewell/trace-mapping@https://registry.npmjs.org/@jridgewell/trace-mapping/-/trace-mapping-0.3.31.tgz. Extracting by manifest.
3244 silly tarball no local data for ansi-regex@https://registry.npmjs.org/ansi-regex/-/ansi-regex-6.3.0.tgz. Extracting by manifest.
3245 silly tarball no local data for commander@https://registry.npmjs.org/commander/-/commander-2.20.3.tgz. Extracting by manifest.
3246 silly tarball no local data for schema-utils@https://registry.npmjs.org/schema-utils/-/schema-utils-4.3.3.tgz. Extracting by manifest.
3247 silly tarball no local data for estraverse@https://registry.npmjs.org/estraverse/-/estraverse-5.3.0.tgz. Extracting by manifest.
3248 silly tarball no local data for ajv-formats@https://registry.npmjs.org/ajv-formats/-/ajv-formats-2.1.1.tgz. Extracting by manifest.
3249 silly tarball no local data for @jridgewell/trace-mapping@https://registry.npmjs.org/@jridgewell/trace-mapping/-/trace-mapping-0.3.31.tgz. Extracting by manifest.
3250 silly tarball no local data for signal-exit@https://registry.npmjs.org/signal-exit/-/signal-exit-3.0.7.tgz. Extracting by manifest.
3251 silly tarball no local data for ajv-keywords@https://registry.npmjs.org/ajv-keywords/-/ajv-keywords-3.5.2.tgz. Extracting by manifest.
3252 silly tarball no local data for json-schema-traverse@https://registry.npmjs.org/json-schema-traverse/-/json-schema-traverse-0.4.1.tgz. Extracting by manifest.
3253 silly tarball no local data for source-map@https://registry.npmjs.org/source-map/-/source-map-0.6.1.tgz. Extracting by manifest.
3254 silly tarball no local data for content-type@https://registry.npmjs.org/content-type/-/content-type-2.1.0.tgz. Extracting by manifest.
3255 silly tarball no local data for ajv@https://registry.npmjs.org/ajv/-/ajv-6.15.0.tgz. Extracting by manifest.
3256 silly tarball no local data for content-type@https://registry.npmjs.org/content-type/-/content-type-2.1.0.tgz. Extracting by manifest.
3257 silly tarball no local data for mime-db@https://registry.npmjs.org/mime-db/-/mime-db-1.52.0.tgz. Extracting by manifest.
3258 silly tarball no local data for content-type@https://registry.npmjs.org/content-type/-/content-type-2.1.0.tgz. Extracting by manifest.
3259 silly tarball no local data for media-typer@https://registry.npmjs.org/media-typer/-/media-typer-0.3.0.tgz. Extracting by manifest.
3260 silly tarball no local data for balanced-match@https://registry.npmjs.org/balanced-match/-/balanced-match-4.0.4.tgz. Extracting by manifest.
3261 silly tarball no local data for type-is@https://registry.npmjs.org/type-is/-/type-is-1.6.18.tgz. Extracting by manifest.
3262 silly tarball no local data for mime-types@https://registry.npmjs.org/mime-types/-/mime-types-2.1.35.tgz. Extracting by manifest.
3263 silly tarball no local data for brace-expansion@https://registry.npmjs.org/brace-expansion/-/brace-expansion-5.0.9.tgz. Extracting by manifest.
3264 silly tarball no local data for @inquirer/prompts@https://registry.npmjs.org/@inquirer/prompts/-/prompts-7.3.2.tgz. Extracting by manifest.
3265 silly tarball no local data for schema-utils@https://registry.npmjs.org/schema-utils/-/schema-utils-4.3.3.tgz. Extracting by manifest.
3266 silly tarball no local data for minimatch@https://registry.npmjs.org/minimatch/-/minimatch-10.2.6.tgz. Extracting by manifest.
3267 silly tarball no local data for rxjs@https://registry.npmjs.org/rxjs/-/rxjs-7.8.1.tgz. Extracting by manifest.
3268 silly tarball no local data for ajv-formats@https://registry.npmjs.org/ajv-formats/-/ajv-formats-2.1.1.tgz. Extracting by manifest.
3269 silly tarball no local data for rxjs@https://registry.npmjs.org/rxjs/-/rxjs-7.8.1.tgz. Extracting by manifest.
3270 silly tarball no local data for lru-cache@https://registry.npmjs.org/lru-cache/-/lru-cache-10.4.3.tgz. Extracting by manifest.
3271 silly tarball no local data for minimatch@https://registry.npmjs.org/minimatch/-/minimatch-9.0.9.tgz. Extracting by manifest.
3272 silly tarball no local data for brace-expansion@https://registry.npmjs.org/brace-expansion/-/brace-expansion-2.1.4.tgz. Extracting by manifest.
3273 silly tarball no local data for path-scurry@https://registry.npmjs.org/path-scurry/-/path-scurry-1.11.1.tgz. Extracting by manifest.
3274 silly tarball no local data for rxjs@https://registry.npmjs.org/rxjs/-/rxjs-7.8.1.tgz. Extracting by manifest.
3275 silly tarball no local data for @angular-devkit/schematics@https://registry.npmjs.org/@angular-devkit/schematics/-/schematics-19.2.24.tgz. Extracting by manifest.
3276 silly tarball no local data for @angular-devkit/core@https://registry.npmjs.org/@angular-devkit/core/-/core-19.2.24.tgz. Extracting by manifest.
3277 silly tarball no local data for buffer@https://registry.npmjs.org/buffer/-/buffer-6.0.3.tgz. Extracting by manifest.
3278 silly tarball no local data for glob@https://registry.npmjs.org/glob/-/glob-10.5.0.tgz. Extracting by manifest.
3279 silly tarball no local data for ansis@https://registry.npmjs.org/ansis/-/ansis-4.3.1.tgz. Extracting by manifest.
3280 http fetch GET 200 https://registry.npmjs.org/shebang-regex/-/shebang-regex-3.0.0.tgz 660ms (cache miss)
3281 http fetch GET 200 https://registry.npmjs.org/strip-ansi/-/strip-ansi-6.0.1.tgz 670ms (cache miss)
3282 http fetch GET 200 https://registry.npmjs.org/isexe/-/isexe-2.0.0.tgz 677ms (cache miss)
3283 http fetch GET 200 https://registry.npmjs.org/string-width/-/string-width-4.2.3.tgz 672ms (cache miss)
3284 http fetch GET 200 https://registry.npmjs.org/@isaacs/cliui/-/cliui-8.0.2.tgz 676ms (cache miss)
3285 http fetch GET 200 https://registry.npmjs.org/wrap-ansi/-/wrap-ansi-7.0.0.tgz 702ms (cache miss)
3286 http fetch GET 200 https://registry.npmjs.org/shebang-command/-/shebang-command-2.0.0.tgz 696ms (cache miss)
3287 http fetch GET 200 https://registry.npmjs.org/eastasianwidth/-/eastasianwidth-0.2.0.tgz 726ms (cache miss)
3288 http fetch GET 200 https://registry.npmjs.org/cross-spawn/-/cross-spawn-7.0.6.tgz 721ms (cache miss)
3289 http fetch GET 200 https://registry.npmjs.org/punycode/-/punycode-2.3.1.tgz 738ms (cache miss)
3290 http fetch GET 200 https://registry.npmjs.org/foreground-child/-/foreground-child-3.3.1.tgz 765ms (cache miss)
3291 http fetch GET 200 https://registry.npmjs.org/y18n/-/y18n-5.0.8.tgz 795ms (cache miss)
3292 http fetch GET 200 https://registry.npmjs.org/fast-json-stable-stringify/-/fast-json-stable-stringify-2.1.0.tgz 827ms (cache miss)
3293 http fetch GET 200 https://registry.npmjs.org/get-caller-file/-/get-caller-file-2.0.5.tgz 829ms (cache miss)
3294 http fetch GET 200 https://registry.npmjs.org/require-directory/-/require-directory-2.1.1.tgz 830ms (cache miss)
3295 http fetch GET 200 https://registry.npmjs.org/esrecurse/-/esrecurse-4.3.0.tgz 822ms (cache miss)
3296 http fetch GET 200 https://registry.npmjs.org/@jridgewell/source-map/-/source-map-0.3.11.tgz 826ms (cache miss)
3297 http fetch GET 200 https://registry.npmjs.org/set-function-length/-/set-function-length-1.2.2.tgz 880ms (cache miss)
3298 http fetch GET 200 https://registry.npmjs.org/possible-typed-array-names/-/possible-typed-array-names-1.1.0.tgz 883ms (cache miss)
3299 http fetch GET 200 https://registry.npmjs.org/@webassemblyjs/leb128/-/leb128-1.13.2.tgz 872ms (cache miss)
3300 http fetch GET 200 https://registry.npmjs.org/merge-stream/-/merge-stream-2.0.0.tgz 880ms (cache miss)
3301 http fetch GET 200 https://registry.npmjs.org/call-bind/-/call-bind-1.0.9.tgz 883ms (cache miss)
3302 http fetch GET 200 https://registry.npmjs.org/escalade/-/escalade-3.2.0.tgz 881ms (cache miss)
3303 http fetch GET 200 https://registry.npmjs.org/has-tostringtag/-/has-tostringtag-1.0.2.tgz 885ms (cache miss)
3304 http fetch GET 200 https://registry.npmjs.org/node-releases/-/node-releases-2.0.54.tgz 879ms (cache miss)
3305 http fetch GET 200 https://registry.npmjs.org/@webassemblyjs/wasm-opt/-/wasm-opt-1.14.1.tgz 913ms (cache miss)
3306 http fetch GET 200 https://registry.npmjs.org/@webassemblyjs/wast-printer/-/wast-printer-1.14.1.tgz 915ms (cache miss)
3307 http fetch GET 200 https://registry.npmjs.org/@webassemblyjs/wasm-gen/-/wasm-gen-1.14.1.tgz 914ms (cache miss)
3308 http fetch GET 200 https://registry.npmjs.org/available-typed-arrays/-/available-typed-arrays-1.0.7.tgz 930ms (cache miss)
3309 http fetch GET 200 https://registry.npmjs.org/update-browserslist-db/-/update-browserslist-db-1.3.2.tgz 925ms (cache miss)
3310 http fetch GET 200 https://registry.npmjs.org/@webassemblyjs/helper-wasm-bytecode/-/helper-wasm-bytecode-1.13.2.tgz 936ms (cache miss)
3311 http fetch GET 200 https://registry.npmjs.org/@webassemblyjs/floating-point-hex-parser/-/floating-point-hex-parser-1.13.2.tgz 938ms (cache miss)
3312 http fetch GET 200 https://registry.npmjs.org/path-key/-/path-key-3.1.1.tgz 967ms (cache miss)
3313 http fetch GET 200 https://registry.npmjs.org/@webassemblyjs/utf8/-/utf8-1.13.2.tgz 952ms (cache miss)
3314 http fetch GET 200 https://registry.npmjs.org/@webassemblyjs/helper-numbers/-/helper-numbers-1.13.2.tgz 963ms (cache miss)
3315 http fetch GET 200 https://registry.npmjs.org/@webassemblyjs/helper-buffer/-/helper-buffer-1.14.1.tgz 1000ms (cache miss)
3316 http fetch GET 200 https://registry.npmjs.org/@webassemblyjs/helper-api-error/-/helper-api-error-1.13.2.tgz 1030ms (cache miss)
3317 http fetch GET 200 https://registry.npmjs.org/glob-to-regexp/-/glob-to-regexp-0.4.1.tgz 1026ms (cache miss)
3318 http fetch GET 200 https://registry.npmjs.org/@webassemblyjs/wasm-edit/-/wasm-edit-1.14.1.tgz 1054ms (cache miss)
3319 http fetch GET 200 https://registry.npmjs.org/acorn-import-phases/-/acorn-import-phases-1.0.4.tgz 1054ms (cache miss)
3320 http fetch GET 200 https://registry.npmjs.org/which/-/which-2.0.2.tgz 1107ms (cache miss)
3321 http fetch GET 200 https://registry.npmjs.org/@webassemblyjs/ieee754/-/ieee754-1.13.2.tgz 1090ms (cache miss)
3322 http fetch GET 200 https://registry.npmjs.org/@types/estree/-/estree-1.0.9.tgz 1079ms (cache miss)
3323 http fetch GET 200 https://registry.npmjs.org/which-typed-array/-/which-typed-array-1.1.22.tgz 1076ms (cache miss)
3324 http fetch GET 200 https://registry.npmjs.org/@types/eslint-scope/-/eslint-scope-3.7.7.tgz 1081ms (cache miss)
3325 http fetch GET 200 https://registry.npmjs.org/defaults/-/defaults-1.0.4.tgz 1078ms (cache miss)
3326 http fetch GET 200 https://registry.npmjs.org/estraverse/-/estraverse-4.3.0.tgz 1126ms (cache miss)
3327 http fetch GET 200 https://registry.npmjs.org/is-typed-array/-/is-typed-array-1.1.15.tgz 1103ms (cache miss)
3328 http fetch GET 200 https://registry.npmjs.org/isarray/-/isarray-2.0.5.tgz 1102ms (cache miss)
3329 http fetch GET 200 https://registry.npmjs.org/@lukeed/csprng/-/csprng-1.1.0.tgz 1107ms (cache miss)
3330 http fetch GET 200 https://registry.npmjs.org/typed-array-buffer/-/typed-array-buffer-1.0.3.tgz 1131ms (cache miss)
3331 http fetch GET 200 https://registry.npmjs.org/clone/-/clone-1.0.4.tgz 1136ms (cache miss)
3332 http fetch GET 200 https://registry.npmjs.org/dedent/-/dedent-1.7.2.tgz 1131ms (cache miss)
3333 http fetch GET 200 https://registry.npmjs.org/@xtuc/ieee754/-/ieee754-1.2.0.tgz 1234ms (cache miss)
3334 http fetch GET 200 https://registry.npmjs.org/media-typer/-/media-typer-1.1.1.tgz 1212ms (cache miss)
3335 http fetch GET 200 https://registry.npmjs.org/app-root-path/-/app-root-path-3.1.0.tgz 1213ms (cache miss)
3336 http fetch GET 200 https://registry.npmjs.org/v8-compile-cache-lib/-/v8-compile-cache-lib-3.0.1.tgz 1206ms (cache miss)
3337 http fetch GET 200 https://registry.npmjs.org/yn/-/yn-3.1.1.tgz 1209ms (cache miss)
3338 http fetch GET 200 https://registry.npmjs.org/create-require/-/create-require-1.1.1.tgz 1209ms (cache miss)
3339 http fetch GET 200 https://registry.npmjs.org/source-map-support/-/source-map-support-0.5.21.tgz 1267ms (cache miss)
3340 http fetch GET 200 https://registry.npmjs.org/strip-bom/-/strip-bom-3.0.0.tgz 1235ms (cache miss)
3341 http fetch GET 200 https://registry.npmjs.org/@tsconfig/node14/-/node14-1.0.3.tgz 1230ms (cache miss)
3342 http fetch GET 200 https://registry.npmjs.org/acorn-walk/-/acorn-walk-8.3.5.tgz 1272ms (cache miss)
3343 http fetch GET 200 https://registry.npmjs.org/ansi-regex/-/ansi-regex-5.0.1.tgz 1292ms (cache miss)
3344 http fetch GET 200 https://registry.npmjs.org/@tsconfig/node10/-/node10-1.0.13.tgz 1297ms (cache miss)
3345 http fetch GET 200 https://registry.npmjs.org/has-flag/-/has-flag-4.0.0.tgz 1294ms (cache miss)
3346 http fetch GET 200 https://registry.npmjs.org/@borewit/text-codec/-/text-codec-0.2.2.tgz 1297ms (cache miss)
3347 http fetch GET 200 https://registry.npmjs.org/arg/-/arg-4.1.3.tgz 1300ms (cache miss)
3348 http fetch GET 200 https://registry.npmjs.org/chrome-trace-event/-/chrome-trace-event-1.0.4.tgz 1341ms (cache miss)
3349 http fetch GET 200 https://registry.npmjs.org/emoji-regex/-/emoji-regex-8.0.0.tgz 1315ms (cache miss)
3350 http fetch GET 200 https://registry.npmjs.org/@tokenizer/token/-/token-0.3.0.tgz 1319ms (cache miss)
3351 http fetch GET 200 https://registry.npmjs.org/@tsconfig/node12/-/node12-1.0.11.tgz 1317ms (cache miss)
3352 http fetch GET 200 https://registry.npmjs.org/loader-runner/-/loader-runner-4.3.2.tgz 1361ms (cache miss)
3353 http fetch GET 200 https://registry.npmjs.org/to-buffer/-/to-buffer-1.2.2.tgz 1351ms (cache miss)
3354 http fetch GET 200 https://registry.npmjs.org/safe-buffer/-/safe-buffer-5.2.1.tgz 1328ms (cache miss)
3355 http fetch GET 200 https://registry.npmjs.org/math-intrinsics/-/math-intrinsics-1.1.0.tgz 1329ms (cache miss)
3356 http fetch GET 200 https://registry.npmjs.org/hasown/-/hasown-2.0.4.tgz 1330ms (cache miss)
3357 http fetch GET 200 https://registry.npmjs.org/is-fullwidth-code-point/-/is-fullwidth-code-point-3.0.0.tgz 1365ms (cache miss)
3358 http fetch GET 200 https://registry.npmjs.org/gopd/-/gopd-1.2.0.tgz 1362ms (cache miss)
3359 http fetch GET 200 https://registry.npmjs.org/es-object-atoms/-/es-object-atoms-1.1.2.tgz 1362ms (cache miss)
3360 http fetch GET 200 https://registry.npmjs.org/has-property-descriptors/-/has-property-descriptors-1.0.2.tgz 1438ms (cache miss)
3361 http fetch GET 200 https://registry.npmjs.org/@tsconfig/node16/-/node16-1.0.4.tgz 1393ms (cache miss)
3362 http fetch GET 200 https://registry.npmjs.org/side-channel-weakmap/-/side-channel-weakmap-1.0.2.tgz 1383ms (cache miss)
3363 http fetch GET 200 https://registry.npmjs.org/get-intrinsic/-/get-intrinsic-1.3.0.tgz 1384ms (cache miss)
3364 http fetch GET 200 https://registry.npmjs.org/call-bound/-/call-bound-1.0.4.tgz 1385ms (cache miss)
3365 http fetch GET 200 https://registry.npmjs.org/es-errors/-/es-errors-1.3.0.tgz 1385ms (cache miss)
3366 http fetch GET 200 https://registry.npmjs.org/make-error/-/make-error-1.3.6.tgz 1421ms (cache miss)
3367 http fetch GET 200 https://registry.npmjs.org/is-promise/-/is-promise-4.0.0.tgz 1403ms (cache miss)
3368 http fetch GET 200 https://registry.npmjs.org/get-proto/-/get-proto-1.0.1.tgz 1410ms (cache miss)
3369 http fetch GET 200 https://registry.npmjs.org/@types/json-schema/-/json-schema-7.0.15.tgz 1406ms (cache miss)
3370 http fetch GET 200 https://registry.npmjs.org/side-channel-map/-/side-channel-map-1.0.1.tgz 1437ms (cache miss)
3371 http fetch GET 200 https://registry.npmjs.org/string_decoder/-/string_decoder-1.3.0.tgz 1432ms (cache miss)
3372 http fetch GET 200 https://registry.npmjs.org/call-bind-apply-helpers/-/call-bind-apply-helpers-1.0.2.tgz 1439ms (cache miss)
3373 http fetch GET 200 https://registry.npmjs.org/mimic-fn/-/mimic-fn-2.1.0.tgz 1435ms (cache miss)
3374 http fetch GET 200 https://registry.npmjs.org/unpipe/-/unpipe-1.0.0.tgz 1454ms (cache miss)
3375 http fetch GET 200 https://registry.npmjs.org/onetime/-/onetime-5.1.2.tgz 1454ms (cache miss)
3376 http fetch GET 200 https://registry.npmjs.org/xtend/-/xtend-4.0.2.tgz 1461ms (cache miss)
3377 http fetch GET 200 https://registry.npmjs.org/util-deprecate/-/util-deprecate-1.0.2.tgz 1466ms (cache miss)
3378 http fetch GET 200 https://registry.npmjs.org/postgres-bytea/-/postgres-bytea-1.0.1.tgz 1474ms (cache miss)
3379 http fetch GET 200 https://registry.npmjs.org/split2/-/split2-4.2.0.tgz 1475ms (cache miss)
3380 http fetch GET 200 https://registry.npmjs.org/forwarded/-/forwarded-0.2.0.tgz 1478ms (cache miss)
3381 http fetch GET 200 https://registry.npmjs.org/is-callable/-/is-callable-1.2.7.tgz 1551ms (cache miss)
3382 http fetch GET 200 https://registry.npmjs.org/es-define-property/-/es-define-property-1.0.1.tgz 1496ms (cache miss)
3383 http fetch GET 200 https://registry.npmjs.org/pg-pool/-/pg-pool-3.14.0.tgz 1490ms (cache miss)
3384 http fetch GET 200 https://registry.npmjs.org/pg-int8/-/pg-int8-1.0.1.tgz 1493ms (cache miss)
3385 http fetch GET 200 https://registry.npmjs.org/postgres-date/-/postgres-date-1.0.7.tgz 1493ms (cache miss)
3386 http fetch GET 200 https://registry.npmjs.org/pgpass/-/pgpass-1.0.5.tgz 1494ms (cache miss)
3387 http fetch GET 200 https://registry.npmjs.org/pg-types/-/pg-types-2.2.0.tgz 1494ms (cache miss)
3388 http fetch GET 200 https://registry.npmjs.org/postgres-interval/-/postgres-interval-1.2.0.tgz 1517ms (cache miss)
3389 http fetch GET 200 https://registry.npmjs.org/is-arrayish/-/is-arrayish-0.2.1.tgz 1513ms (cache miss)
3390 http fetch GET 200 https://registry.npmjs.org/callsites/-/callsites-3.1.0.tgz 1513ms (cache miss)
3391 http fetch GET 200 https://registry.npmjs.org/lines-and-columns/-/lines-and-columns-1.2.4.tgz 1516ms (cache miss)
3392 http fetch GET 200 https://registry.npmjs.org/postgres-array/-/postgres-array-2.0.0.tgz 1519ms (cache miss)
3393 http fetch GET 200 https://registry.npmjs.org/pg-cloudflare/-/pg-cloudflare-1.4.0.tgz 1539ms (cache miss)
3394 http fetch GET 200 https://registry.npmjs.org/json-parse-even-better-errors/-/json-parse-even-better-errors-2.3.1.tgz 1538ms (cache miss)
3395 http fetch GET 200 https://registry.npmjs.org/wcwidth/-/wcwidth-1.0.1.tgz 1535ms (cache miss)
3396 http fetch GET 200 https://registry.npmjs.org/base64-js/-/base64-js-1.5.1.tgz 1552ms (cache miss)
3397 http fetch GET 200 https://registry.npmjs.org/cliui/-/cliui-8.0.1.tgz 1634ms (cache miss)
3398 http fetch GET 200 https://registry.npmjs.org/strip-ansi/-/strip-ansi-6.0.1.tgz 1557ms (cache miss)
3399 http fetch GET 200 https://registry.npmjs.org/is-interactive/-/is-interactive-1.0.0.tgz 1557ms (cache miss)
3400 http fetch GET 200 https://registry.npmjs.org/restore-cursor/-/restore-cursor-3.1.0.tgz 1560ms (cache miss)
3401 http fetch GET 200 https://registry.npmjs.org/is-unicode-supported/-/is-unicode-supported-0.1.0.tgz 1569ms (cache miss)
3402 http fetch GET 200 https://registry.npmjs.org/log-symbols/-/log-symbols-4.1.0.tgz 1573ms (cache miss)
3403 http fetch GET 200 https://registry.npmjs.org/cli-cursor/-/cli-cursor-3.1.0.tgz 1571ms (cache miss)
3404 http fetch GET 200 https://registry.npmjs.org/ieee754/-/ieee754-1.2.1.tgz 1594ms (cache miss)
3405 http fetch GET 200 https://registry.npmjs.org/wrappy/-/wrappy-1.0.2.tgz 1589ms (cache miss)
3406 http fetch GET 200 https://registry.npmjs.org/bl/-/bl-4.1.0.tgz 1592ms (cache miss)
3407 http fetch GET 200 https://registry.npmjs.org/define-data-property/-/define-data-property-1.1.4.tgz 1678ms (cache miss)
3408 http fetch GET 200 https://registry.npmjs.org/sql-highlight/-/sql-highlight-6.1.0.tgz 1641ms (cache miss)
3409 http fetch GET 200 https://registry.npmjs.org/ee-first/-/ee-first-1.1.1.tgz 1599ms (cache miss)
3410 http fetch GET 200 https://registry.npmjs.org/streamsearch/-/streamsearch-1.1.0.tgz 1598ms (cache miss)
3411 http fetch GET 200 https://registry.npmjs.org/buffer-from/-/buffer-from-1.1.2.tgz 1597ms (cache miss)
3412 http fetch GET 200 https://registry.npmjs.org/concat-map/-/concat-map-0.0.1.tgz 1614ms (cache miss)
3413 http fetch GET 200 https://registry.npmjs.org/concat-stream/-/concat-stream-2.0.0.tgz 1614ms (cache miss)
3414 http fetch GET 200 https://registry.npmjs.org/balanced-match/-/balanced-match-1.0.2.tgz 1614ms (cache miss)
3415 http fetch GET 200 https://registry.npmjs.org/typedarray/-/typedarray-0.0.6.tgz 1649ms (cache miss)
3416 http fetch GET 200 https://registry.npmjs.org/resolve-from/-/resolve-from-4.0.0.tgz 1642ms (cache miss)
3417 http fetch GET 200 https://registry.npmjs.org/parent-module/-/parent-module-1.0.1.tgz 1642ms (cache miss)
3418 http fetch GET 200 https://registry.npmjs.org/safer-buffer/-/safer-buffer-2.1.2.tgz 1645ms (cache miss)
3419 http fetch GET 200 https://registry.npmjs.org/append-field/-/append-field-1.0.0.tgz 1664ms (cache miss)
3420 http fetch GET 200 https://registry.npmjs.org/toidentifier/-/toidentifier-1.0.1.tgz 1661ms (cache miss)
3421 http fetch GET 200 https://registry.npmjs.org/brace-expansion/-/brace-expansion-1.1.18.tgz 1667ms (cache miss)
3422 http fetch GET 200 https://registry.npmjs.org/setprototypeof/-/setprototypeof-1.2.0.tgz 1663ms (cache miss)
3423 http fetch GET 200 https://registry.npmjs.org/fs-monkey/-/fs-monkey-1.1.0.tgz 1674ms (cache miss)
3424 http fetch GET 200 https://registry.npmjs.org/jsonfile/-/jsonfile-6.2.1.tgz 1677ms (cache miss)
3425 http fetch GET 200 https://registry.npmjs.org/pg-connection-string/-/pg-connection-string-2.14.0.tgz 1701ms (cache miss)
3426 http fetch GET 200 https://registry.npmjs.org/path-type/-/path-type-4.0.0.tgz 1676ms (cache miss)
3427 http fetch GET 200 https://registry.npmjs.org/inherits/-/inherits-2.0.4.tgz 1710ms (cache miss)
3428 http fetch GET 200 https://registry.npmjs.org/supports-color/-/supports-color-7.2.0.tgz 1710ms (cache miss)
3429 http fetch GET 200 https://registry.npmjs.org/graceful-fs/-/graceful-fs-4.2.11.tgz 1715ms (cache miss)
3430 http fetch GET 200 https://registry.npmjs.org/color-name/-/color-name-1.1.4.tgz 1715ms (cache miss)
3431 http fetch GET 200 https://registry.npmjs.org/@xtuc/long/-/long-4.2.2.tgz 1807ms (cache miss)
3432 http fetch GET 200 https://registry.npmjs.org/parse-json/-/parse-json-5.2.0.tgz 1767ms (cache miss)
3433 http fetch GET 200 https://registry.npmjs.org/error-ex/-/error-ex-1.3.4.tgz 1768ms (cache miss)
3434 http fetch GET 200 https://registry.npmjs.org/picocolors/-/picocolors-1.1.1.tgz 1769ms (cache miss)
3435 http fetch GET 200 https://registry.npmjs.org/color-convert/-/color-convert-2.0.1.tgz 1769ms (cache miss)
3436 http fetch GET 200 https://registry.npmjs.org/ansi-styles/-/ansi-styles-4.3.0.tgz 1780ms (cache miss)
3437 http fetch GET 200 https://registry.npmjs.org/universalify/-/universalify-2.0.1.tgz 1789ms (cache miss)
3438 http fetch GET 200 https://registry.npmjs.org/import-fresh/-/import-fresh-3.3.1.tgz 1804ms (cache miss)
3439 http fetch GET 200 https://registry.npmjs.org/@babel/helper-validator-identifier/-/helper-validator-identifier-7.29.7.tgz 1805ms (cache miss)
3440 http fetch GET 200 https://registry.npmjs.org/node-abort-controller/-/node-abort-controller-3.1.1.tgz 1803ms (cache miss)
3441 http fetch GET 200 https://registry.npmjs.org/ipaddr.js/-/ipaddr.js-1.9.1.tgz 1846ms (cache miss)
3442 http fetch GET 200 https://registry.npmjs.org/cli-spinners/-/cli-spinners-2.9.2.tgz 1853ms (cache miss)
3443 http fetch GET 200 https://registry.npmjs.org/deepmerge/-/deepmerge-4.3.1.tgz 1832ms (cache miss)
3444 http fetch GET 200 https://registry.npmjs.org/token-types/-/token-types-6.1.2.tgz 1833ms (cache miss)
3445 http fetch GET 200 https://registry.npmjs.org/minimatch/-/minimatch-3.1.5.tgz 1838ms (cache miss)
3446 http fetch GET 200 https://registry.npmjs.org/strtok3/-/strtok3-10.3.5.tgz 1833ms (cache miss)
3447 http fetch GET 200 https://registry.npmjs.org/for-each/-/for-each-0.3.5.tgz 1965ms (cache miss)
3448 http fetch GET 200 https://registry.npmjs.org/js-tokens/-/js-tokens-4.0.0.tgz 1867ms (cache miss)
3449 http fetch GET 200 https://registry.npmjs.org/negotiator/-/negotiator-1.1.0.tgz 1858ms (cache miss)
3450 http fetch GET 200 https://registry.npmjs.org/uint8array-extras/-/uint8array-extras-1.5.0.tgz 1859ms (cache miss)
3451 http fetch GET 200 https://registry.npmjs.org/buffer/-/buffer-5.7.1.tgz 1915ms (cache miss)
3452 http fetch GET 200 https://registry.npmjs.org/browserslist/-/browserslist-4.28.8.tgz 1975ms (cache miss)
3453 http fetch GET 200 https://registry.npmjs.org/statuses/-/statuses-2.0.2.tgz 1888ms (cache miss)
3454 http fetch GET 200 https://registry.npmjs.org/bytes/-/bytes-3.1.2.tgz 1905ms (cache miss)
3455 http fetch GET 200 https://registry.npmjs.org/type-is/-/type-is-2.1.0.tgz 1906ms (cache miss)
3456 http fetch GET 200 https://registry.npmjs.org/range-parser/-/range-parser-1.3.0.tgz 1907ms (cache miss)
3457 http fetch GET 200 https://registry.npmjs.org/@webassemblyjs/helper-wasm-section/-/helper-wasm-section-1.14.1.tgz 2009ms (cache miss)
3458 http fetch GET 200 https://registry.npmjs.org/raw-body/-/raw-body-3.0.2.tgz 1918ms (cache miss)
3459 http fetch GET 200 https://registry.npmjs.org/ms/-/ms-2.1.3.tgz 1917ms (cache miss)
3460 http fetch GET 200 https://registry.npmjs.org/http-errors/-/http-errors-2.0.1.tgz 1935ms (cache miss)
3461 http fetch GET 200 https://registry.npmjs.org/on-finished/-/on-finished-2.4.1.tgz 1937ms (cache miss)
3462 http fetch GET 200 https://registry.npmjs.org/once/-/once-1.4.0.tgz 1939ms (cache miss)
3463 http fetch GET 200 https://registry.npmjs.org/@jridgewell/resolve-uri/-/resolve-uri-3.1.2.tgz 2022ms (cache miss)
3464 http fetch GET 200 https://registry.npmjs.org/send/-/send-1.2.1.tgz 1949ms (cache miss)
3465 http fetch GET 200 https://registry.npmjs.org/@tokenizer/inflate/-/inflate-0.4.1.tgz 1954ms (cache miss)
3466 http fetch GET 200 https://registry.npmjs.org/fresh/-/fresh-2.0.0.tgz 1975ms (cache miss)
3467 http fetch GET 200 https://registry.npmjs.org/serve-static/-/serve-static-2.2.1.tgz 1977ms (cache miss)
3468 http fetch GET 200 https://registry.npmjs.org/merge-descriptors/-/merge-descriptors-2.0.0.tgz 1977ms (cache miss)
3469 http fetch GET 200 https://registry.npmjs.org/cookie-signature/-/cookie-signature-1.2.2.tgz 2003ms (cache miss)
3470 http fetch GET 200 https://registry.npmjs.org/depd/-/depd-2.0.0.tgz 2004ms (cache miss)
3471 http fetch GET 200 https://registry.npmjs.org/escape-html/-/escape-html-1.0.3.tgz 2006ms (cache miss)
3472 http fetch GET 200 https://registry.npmjs.org/encodeurl/-/encodeurl-2.0.0.tgz 2006ms (cache miss)
3473 http fetch GET 200 https://registry.npmjs.org/mime-types/-/mime-types-3.0.2.tgz 2011ms (cache miss)
3474 http fetch GET 200 https://registry.npmjs.org/debug/-/debug-4.4.3.tgz 2027ms (cache miss)
3475 http fetch GET 200 https://registry.npmjs.org/vary/-/vary-1.1.2.tgz 2027ms (cache miss)
3476 http fetch GET 200 https://registry.npmjs.org/content-disposition/-/content-disposition-1.1.0.tgz 2027ms (cache miss)
3477 http fetch GET 200 https://registry.npmjs.org/proxy-addr/-/proxy-addr-2.0.7.tgz 2039ms (cache miss)
3478 http fetch GET 200 https://registry.npmjs.org/parseurl/-/parseurl-1.3.3.tgz 2036ms (cache miss)
3479 http fetch GET 200 https://registry.npmjs.org/string-width/-/string-width-4.2.3.tgz 2047ms (cache miss)
3480 http fetch GET 200 https://registry.npmjs.org/accepts/-/accepts-2.0.0.tgz 2050ms (cache miss)
3481 http fetch GET 200 https://registry.npmjs.org/object-assign/-/object-assign-4.1.1.tgz 2051ms (cache miss)
3482 http fetch GET 200 https://registry.npmjs.org/etag/-/etag-1.8.1.tgz 2060ms (cache miss)
3483 http fetch GET 200 https://registry.npmjs.org/electron-to-chromium/-/electron-to-chromium-1.5.420.tgz 2175ms (cache miss)
3484 http fetch GET 200 https://registry.npmjs.org/finalhandler/-/finalhandler-2.1.1.tgz 2079ms (cache miss)
3485 http fetch GET 200 https://registry.npmjs.org/@colors/colors/-/colors-1.5.0.tgz 2082ms (cache miss)
3486 http fetch GET 200 https://registry.npmjs.org/content-type/-/content-type-1.0.5.tgz 2087ms (cache miss)
3487 http fetch GET 200 https://registry.npmjs.org/readdirp/-/readdirp-4.1.2.tgz 2085ms (cache miss)
3488 http fetch GET 200 https://registry.npmjs.org/array-timsort/-/array-timsort-1.0.3.tgz 2085ms (cache miss)
3489 http fetch GET 200 https://registry.npmjs.org/fast-deep-equal/-/fast-deep-equal-3.1.3.tgz 2105ms (cache miss)
3490 http fetch GET 200 https://registry.npmjs.org/require-from-string/-/require-from-string-2.0.2.tgz 2104ms (cache miss)
3491 http fetch GET 200 https://registry.npmjs.org/@types/range-parser/-/range-parser-1.2.7.tgz 2105ms (cache miss)
3492 http fetch GET 200 https://registry.npmjs.org/@babel/code-frame/-/code-frame-7.29.7.tgz 2144ms (cache miss)
3493 http fetch GET 200 https://registry.npmjs.org/pluralize/-/pluralize-8.0.0.tgz 2300ms (cache miss)
3494 http fetch GET 200 https://registry.npmjs.org/json-schema-traverse/-/json-schema-traverse-1.0.0.tgz 2312ms (cache miss)
3495 http fetch GET 200 https://registry.npmjs.org/@types/connect/-/connect-3.4.38.tgz 2315ms (cache miss)
3496 http fetch GET 200 https://registry.npmjs.org/cookie/-/cookie-0.7.2.tgz 2340ms (cache miss)
3497 http fetch GET 200 https://registry.npmjs.org/mime-db/-/mime-db-1.54.0.tgz 2407ms (cache miss)
3498 http fetch GET 200 https://registry.npmjs.org/@types/body-parser/-/body-parser-1.19.6.tgz 2357ms (cache miss)
3499 http fetch GET 200 https://registry.npmjs.org/multer/-/multer-2.2.0.tgz 2358ms (cache miss)
3500 http fetch GET 200 https://registry.npmjs.org/path-to-regexp/-/path-to-regexp-8.4.2.tgz 2359ms (cache miss)
3501 http fetch GET 200 https://registry.npmjs.org/@types/http-errors/-/http-errors-2.0.5.tgz 2370ms (cache miss)
3502 http fetch GET 200 https://registry.npmjs.org/cors/-/cors-2.8.6.tgz 2362ms (cache miss)
3503 http fetch GET 200 https://registry.npmjs.org/fast-safe-stringify/-/fast-safe-stringify-2.1.1.tgz 2364ms (cache miss)
3504 http fetch GET 200 https://registry.npmjs.org/@types/send/-/send-1.2.1.tgz 2417ms (cache miss)
3505 http fetch GET 200 https://registry.npmjs.org/@webassemblyjs/wasm-parser/-/wasm-parser-1.14.1.tgz 2535ms (cache miss)
3506 http fetch GET 200 https://registry.npmjs.org/load-esm/-/load-esm-1.0.3.tgz 2417ms (cache miss)
3507 http fetch GET 200 https://registry.npmjs.org/@types/express-serve-static-core/-/express-serve-static-core-5.1.3.tgz 2425ms (cache miss)
3508 http fetch GET 200 https://registry.npmjs.org/uid/-/uid-2.0.2.tgz 2423ms (cache miss)
3509 http fetch GET 200 https://registry.npmjs.org/baseline-browser-mapping/-/baseline-browser-mapping-2.11.21.tgz 2589ms (cache miss)
3510 http fetch GET 200 https://registry.npmjs.org/@cspotcode/source-map-support/-/source-map-support-0.8.1.tgz 2556ms (cache miss)
3511 http fetch GET 200 https://registry.npmjs.org/@types/serve-static/-/serve-static-2.2.0.tgz 2465ms (cache miss)
3512 http fetch GET 200 https://registry.npmjs.org/@inquirer/external-editor/-/external-editor-1.0.3.tgz 2461ms (cache miss)
3513 http fetch GET 200 https://registry.npmjs.org/wrap-ansi/-/wrap-ansi-6.2.0.tgz 2467ms (cache miss)
3514 http fetch GET 200 https://registry.npmjs.org/signal-exit/-/signal-exit-4.1.0.tgz 2486ms (cache miss)
3515 http fetch GET 200 https://registry.npmjs.org/@inquirer/type/-/type-3.0.10.tgz 2490ms (cache miss)
3516 http fetch GET 200 https://registry.npmjs.org/mute-stream/-/mute-stream-2.0.0.tgz 2491ms (cache miss)
3517 http fetch GET 200 https://registry.npmjs.org/cli-width/-/cli-width-4.1.0.tgz 2517ms (cache miss)
3518 http fetch GET 200 https://registry.npmjs.org/yoctocolors-cjs/-/yoctocolors-cjs-2.1.3.tgz 2518ms (cache miss)
3519 http fetch GET 200 https://registry.npmjs.org/chalk/-/chalk-4.1.2.tgz 2583ms (cache miss)
3520 http fetch GET 200 https://registry.npmjs.org/@inquirer/select/-/select-4.4.2.tgz 2545ms (cache miss)
3521 http fetch GET 200 https://registry.npmjs.org/@inquirer/ansi/-/ansi-1.0.2.tgz 2545ms (cache miss)
3522 http fetch GET 200 https://registry.npmjs.org/@inquirer/password/-/password-4.0.23.tgz 2546ms (cache miss)
3523 http fetch GET 200 https://registry.npmjs.org/argparse/-/argparse-2.0.1.tgz 2619ms (cache miss)
3524 http fetch GET 200 https://registry.npmjs.org/@inquirer/input/-/input-4.3.1.tgz 2553ms (cache miss)
3525 http fetch GET 200 https://registry.npmjs.org/@types/qs/-/qs-6.15.1.tgz 2556ms (cache miss)
3526 http fetch GET 200 https://registry.npmjs.org/@inquirer/search/-/search-3.2.2.tgz 2554ms (cache miss)
3527 http fetch GET 200 https://registry.npmjs.org/@inquirer/number/-/number-3.0.23.tgz 2570ms (cache miss)
3528 http fetch GET 200 https://registry.npmjs.org/@inquirer/checkbox/-/checkbox-4.3.2.tgz 2583ms (cache miss)
3529 http fetch GET 200 https://registry.npmjs.org/ansi-colors/-/ansi-colors-4.1.3.tgz 2583ms (cache miss)
3530 http fetch GET 200 https://registry.npmjs.org/symbol-observable/-/symbol-observable-4.0.0.tgz 2585ms (cache miss)
3531 http fetch GET 200 https://registry.npmjs.org/@inquirer/expand/-/expand-4.0.23.tgz 2590ms (cache miss)
3532 http fetch GET 200 https://registry.npmjs.org/@inquirer/editor/-/editor-4.2.23.tgz 2587ms (cache miss)
3533 http fetch GET 200 https://registry.npmjs.org/@inquirer/figures/-/figures-1.0.15.tgz 2599ms (cache miss)
3534 http fetch GET 200 https://registry.npmjs.org/eslint-scope/-/eslint-scope-5.1.1.tgz 2736ms (cache miss)
3535 http fetch GET 200 https://registry.npmjs.org/side-channel-list/-/side-channel-list-1.0.1.tgz 2698ms (cache miss)
3536 http fetch GET 200 https://registry.npmjs.org/side-channel/-/side-channel-1.1.1.tgz 2701ms (cache miss)
3537 http fetch GET 200 https://registry.npmjs.org/router/-/router-2.2.0.tgz 2658ms (cache miss)
3538 http fetch GET 200 https://registry.npmjs.org/@inquirer/confirm/-/confirm-5.1.21.tgz 2620ms (cache miss)
3539 http fetch GET 200 https://registry.npmjs.org/function-bind/-/function-bind-1.1.2.tgz 2731ms (cache miss)
3540 http fetch GET 200 https://registry.npmjs.org/@inquirer/rawlist/-/rawlist-4.1.11.tgz 2641ms (cache miss)
3541 http fetch GET 200 https://registry.npmjs.org/terser-webpack-plugin/-/terser-webpack-plugin-5.6.1.tgz 2796ms (cache miss)
3542 http fetch GET 200 https://registry.npmjs.org/ora/-/ora-5.4.1.tgz 2652ms (cache miss)
3543 http fetch GET 200 https://registry.npmjs.org/@inquirer/prompts/-/prompts-7.10.1.tgz 2650ms (cache miss)
3544 http fetch GET 200 https://registry.npmjs.org/webpack-node-externals/-/webpack-node-externals-3.0.0.tgz 2667ms (cache miss)
3545 http fetch GET 200 https://registry.npmjs.org/ansis/-/ansis-4.2.0.tgz 2687ms (cache miss)
3546 http fetch GET 200 https://registry.npmjs.org/@types/express/-/express-5.0.6.tgz 2678ms (cache miss)
3547 http fetch GET 200 https://registry.npmjs.org/wrap-ansi/-/wrap-ansi-7.0.0.tgz 2671ms (cache miss)
3548 http fetch GET 200 https://registry.npmjs.org/@nestjs/testing/-/testing-11.2.3.tgz 2679ms (cache miss)
3549 http fetch GET 200 https://registry.npmjs.org/string-width/-/string-width-5.1.2.tgz 2672ms (cache miss)
3550 http fetch GET 200 https://registry.npmjs.org/@nestjs/typeorm/-/typeorm-11.0.3.tgz 2682ms (cache miss)
3551 http fetch GET 200 https://registry.npmjs.org/strip-ansi/-/strip-ansi-7.2.0.tgz 2675ms (cache miss)
3552 http fetch GET 200 https://registry.npmjs.org/es-module-lexer/-/es-module-lexer-2.3.2.tgz 2861ms (cache miss)
3553 http fetch GET 200 https://registry.npmjs.org/@pkgjs/parseargs/-/parseargs-0.11.0.tgz 2910ms (cache miss)
3554 http fetch GET 200 https://registry.npmjs.org/supports-color/-/supports-color-8.1.1.tgz 2705ms (cache miss)
3555 http fetch GET 200 https://registry.npmjs.org/wrap-ansi/-/wrap-ansi-8.1.0.tgz 2710ms (cache miss)
3556 http fetch GET 200 https://registry.npmjs.org/emoji-regex/-/emoji-regex-9.2.2.tgz 2718ms (cache miss)
3557 http fetch GET 200 https://registry.npmjs.org/ansi-styles/-/ansi-styles-6.2.3.tgz 2721ms (cache miss)
3558 http fetch GET 200 https://registry.npmjs.org/estraverse/-/estraverse-5.3.0.tgz 2733ms (cache miss)
3559 http fetch GET 200 https://registry.npmjs.org/signal-exit/-/signal-exit-3.0.7.tgz 2733ms (cache miss)
3560 http fetch GET 200 https://registry.npmjs.org/ajv-formats/-/ajv-formats-2.1.1.tgz 2735ms (cache miss)
3561 http fetch GET 200 https://registry.npmjs.org/ansi-regex/-/ansi-regex-6.3.0.tgz 2758ms (cache miss)
3562 http fetch GET 200 https://registry.npmjs.org/json-schema-traverse/-/json-schema-traverse-0.4.1.tgz 2760ms (cache miss)
3563 http fetch GET 200 https://registry.npmjs.org/dunder-proto/-/dunder-proto-1.0.1.tgz 2912ms (cache miss)
3564 http fetch GET 200 https://registry.npmjs.org/content-type/-/content-type-2.1.0.tgz 2803ms (cache miss)
3565 http fetch GET 200 https://registry.npmjs.org/media-typer/-/media-typer-0.3.0.tgz 2814ms (cache miss)
3566 http fetch GET 200 https://registry.npmjs.org/type-is/-/type-is-1.6.18.tgz 2822ms (cache miss)
3567 http fetch GET 200 https://registry.npmjs.org/balanced-match/-/balanced-match-4.0.4.tgz 2824ms (cache miss)
3568 http fetch GET 200 https://registry.npmjs.org/package-json-from-dist/-/package-json-from-dist-1.0.1.tgz 3064ms (cache miss)
3569 http fetch GET 200 https://registry.npmjs.org/commander/-/commander-4.1.1.tgz 2890ms (cache miss)
3570 http fetch GET 200 https://registry.npmjs.org/mime-types/-/mime-types-2.1.35.tgz 2854ms (cache miss)
3571 http fetch GET 200 https://registry.npmjs.org/content-type/-/content-type-2.1.0.tgz 2861ms (cache miss)
3572 http fetch GET 200 https://registry.npmjs.org/content-type/-/content-type-2.1.0.tgz 2861ms (cache miss)
3573 http fetch GET 200 https://registry.npmjs.org/brace-expansion/-/brace-expansion-5.0.9.tgz 2868ms (cache miss)
3574 http fetch GET 200 https://registry.npmjs.org/ajv-formats/-/ajv-formats-2.1.1.tgz 2871ms (cache miss)
3575 http fetch GET 200 https://registry.npmjs.org/commander/-/commander-2.20.3.tgz 2890ms (cache miss)
3576 http fetch GET 200 https://registry.npmjs.org/file-type/-/file-type-21.3.4.tgz 2989ms (cache miss)
3577 http fetch GET 200 https://registry.npmjs.org/has-symbols/-/has-symbols-1.1.0.tgz 3087ms (cache miss)
3578 http fetch GET 200 https://registry.npmjs.org/sha.js/-/sha.js-2.4.12.tgz 3120ms (cache miss)
3579 http fetch GET 200 https://registry.npmjs.org/brace-expansion/-/brace-expansion-2.1.4.tgz 2939ms (cache miss)
3580 http fetch GET 200 https://registry.npmjs.org/@inquirer/prompts/-/prompts-7.3.2.tgz 2959ms (cache miss)
3581 http fetch GET 200 https://registry.npmjs.org/comment-json/-/comment-json-5.0.0.tgz 3034ms (cache miss)
3582 http fetch GET 200 https://registry.npmjs.org/esprima/-/esprima-4.0.1.tgz 3047ms (cache miss)
3583 http fetch GET 200 https://registry.npmjs.org/ansis/-/ansis-4.3.1.tgz 2959ms (cache miss)
3584 http fetch GET 200 https://registry.npmjs.org/@types/eslint/-/eslint-9.6.1.tgz 3197ms (cache miss)
3585 http fetch GET 200 https://registry.npmjs.org/acorn/-/acorn-8.18.0.tgz 3170ms (cache miss)
3586 http fetch GET 200 https://registry.npmjs.org/express/-/express-5.2.1.tgz 3080ms (cache miss)
3587 http fetch GET 200 https://registry.npmjs.org/body-parser/-/body-parser-2.3.0.tgz 3107ms (cache miss)
3588 http fetch GET 200 https://registry.npmjs.org/mime-db/-/mime-db-1.52.0.tgz 3060ms (cache miss)
3589 http fetch GET 200 https://registry.npmjs.org/buffer/-/buffer-6.0.3.tgz 3056ms (cache miss)
3590 http fetch GET 200 https://registry.npmjs.org/cli-table3/-/cli-table3-0.6.5.tgz 3120ms (cache miss)
3591 http fetch GET 200 https://registry.npmjs.org/picomatch/-/picomatch-4.0.4.tgz 3140ms (cache miss)
3592 http fetch GET 200 https://registry.npmjs.org/watchpack/-/watchpack-2.5.2.tgz 3331ms (cache miss)
3593 http fetch GET 200 https://registry.npmjs.org/reflect-metadata/-/reflect-metadata-0.2.2.tgz 3169ms (cache miss)
3594 http fetch GET 200 https://registry.npmjs.org/dotenv/-/dotenv-16.6.1.tgz 3198ms (cache miss)
3595 http fetch GET 200 https://registry.npmjs.org/tslib/-/tslib-2.8.1.tgz 3257ms (cache miss)
3596 http fetch GET 200 https://registry.npmjs.org/node-emoji/-/node-emoji-1.11.0.tgz 3244ms (cache miss)
3597 http fetch GET 200 https://registry.npmjs.org/@jridgewell/trace-mapping/-/trace-mapping-0.3.9.tgz 3376ms (cache miss)
3598 http fetch GET 200 https://registry.npmjs.org/chokidar/-/chokidar-4.0.3.tgz 3252ms (cache miss)
3599 http fetch GET 200 https://registry.npmjs.org/yargs-parser/-/yargs-parser-21.1.1.tgz 3275ms (cache miss)
3600 http fetch GET 200 https://registry.npmjs.org/json5/-/json5-2.2.3.tgz 3464ms (cache miss)
3601 http fetch GET 200 https://registry.npmjs.org/minimist/-/minimist-1.2.8.tgz 3479ms (cache miss)
3602 http fetch GET 200 https://registry.npmjs.org/ajv-formats/-/ajv-formats-3.0.1.tgz 3362ms (cache miss)
3603 http fetch GET 200 https://registry.npmjs.org/magic-string/-/magic-string-0.30.17.tgz 3380ms (cache miss)
3604 http fetch GET 200 https://registry.npmjs.org/minipass/-/minipass-7.1.3.tgz 3468ms (cache miss)
3605 http fetch GET 200 https://registry.npmjs.org/tapable/-/tapable-2.3.3.tgz 3466ms (cache miss)
3606 http fetch GET 200 https://registry.npmjs.org/schema-utils/-/schema-utils-3.3.0.tgz 3482ms (cache miss)
3607 http fetch GET 200 https://registry.npmjs.org/path-scurry/-/path-scurry-2.0.2.tgz 3515ms (cache miss)
3608 http fetch GET 200 https://registry.npmjs.org/busboy/-/busboy-1.6.0.tgz 3568ms (cache miss)
3609 http fetch GET 200 https://registry.npmjs.org/qs/-/qs-6.16.0.tgz 3555ms (cache miss)
3610 http fetch GET 200 https://registry.npmjs.org/source-map/-/source-map-0.7.4.tgz 3527ms (cache miss)
3611 http fetch GET 200 https://registry.npmjs.org/jest-worker/-/jest-worker-27.5.1.tgz 3733ms (cache miss)
3612 http fetch GET 200 https://registry.npmjs.org/events/-/events-3.3.0.tgz 3739ms (cache miss)
3613 http fetch GET 200 https://registry.npmjs.org/@jridgewell/gen-mapping/-/gen-mapping-0.3.13.tgz 3785ms (cache miss)
3614 http fetch GET 200 https://registry.npmjs.org/pg/-/pg-8.23.0.tgz 3614ms (cache miss)
3615 http fetch GET 200 https://registry.npmjs.org/jackspeak/-/jackspeak-3.4.3.tgz 3816ms (cache miss)
3616 http fetch GET 200 https://registry.npmjs.org/readable-stream/-/readable-stream-3.6.2.tgz 3782ms (cache miss)
3617 http fetch GET 200 https://registry.npmjs.org/path-scurry/-/path-scurry-1.11.1.tgz 3671ms (cache miss)
3618 http fetch GET 200 https://registry.npmjs.org/schema-utils/-/schema-utils-4.3.3.tgz 3690ms (cache miss)
3619 http fetch GET 200 https://registry.npmjs.org/object-inspect/-/object-inspect-1.13.4.tgz 3844ms (cache miss)
3620 http fetch GET 200 https://registry.npmjs.org/diff/-/diff-4.0.4.tgz 3894ms (cache miss)
3621 http fetch GET 200 https://registry.npmjs.org/schema-utils/-/schema-utils-4.3.3.tgz 3739ms (cache miss)
3622 http fetch GET 200 https://registry.npmjs.org/undici-types/-/undici-types-6.21.0.tgz 3815ms (cache miss)
3623 http fetch GET 200 https://registry.npmjs.org/cosmiconfig/-/cosmiconfig-8.3.6.tgz 3849ms (cache miss)
3624 http fetch GET 200 https://registry.npmjs.org/jsonc-parser/-/jsonc-parser-3.3.1.tgz 3793ms (cache miss)
3625 http fetch GET 200 https://registry.npmjs.org/@jridgewell/sourcemap-codec/-/sourcemap-codec-1.6.0.tgz 3875ms (cache miss)
3626 http fetch GET 200 https://registry.npmjs.org/webpack-sources/-/webpack-sources-3.5.1.tgz 3993ms (cache miss)
3627 http fetch GET 200 https://registry.npmjs.org/source-map/-/source-map-0.6.1.tgz 3833ms (cache miss)
3628 http fetch GET 200 https://registry.npmjs.org/memfs/-/memfs-3.5.3.tgz 3945ms (cache miss)
3629 http fetch GET 200 https://registry.npmjs.org/bcryptjs/-/bcryptjs-2.4.3.tgz 3878ms (cache miss)
3630 http fetch GET 200 https://registry.npmjs.org/iconv-lite/-/iconv-lite-0.7.3.tgz 3926ms (cache miss)
3631 http fetch GET 200 https://registry.npmjs.org/@sqltools/formatter/-/formatter-1.2.5.tgz 4043ms (cache miss)
3632 http fetch GET 200 https://registry.npmjs.org/@webassemblyjs/ast/-/ast-1.14.1.tgz 4074ms (cache miss)
3633 http fetch GET 200 https://registry.npmjs.org/lru-cache/-/lru-cache-10.4.3.tgz 3892ms (cache miss)
3634 http fetch GET 200 https://registry.npmjs.org/fs-extra/-/fs-extra-10.1.0.tgz 4031ms (cache miss)
3635 http fetch GET 200 https://registry.npmjs.org/ajv-keywords/-/ajv-keywords-3.5.2.tgz 3963ms (cache miss)
3636 http fetch GET 200 https://registry.npmjs.org/env-var/-/env-var-7.5.0.tgz 3997ms (cache miss)
3637 http fetch GET 200 https://registry.npmjs.org/pg-protocol/-/pg-protocol-1.16.0.tgz 4130ms (cache miss)
3638 http fetch GET 200 https://registry.npmjs.org/@types/nodemailer/-/nodemailer-6.4.24.tgz 4108ms (cache miss)
3639 http fetch GET 200 https://registry.npmjs.org/fast-uri/-/fast-uri-3.1.7.tgz 4167ms (cache miss)
3640 http fetch GET 200 https://registry.npmjs.org/chardet/-/chardet-2.2.0.tgz 4230ms (cache miss)
3641 http fetch GET 200 https://registry.npmjs.org/js-yaml/-/js-yaml-4.3.2.tgz 4282ms (cache miss)
3642 http fetch GET 200 https://registry.npmjs.org/semver/-/semver-7.8.5.tgz 4282ms (cache miss)
3643 http fetch GET 200 https://registry.npmjs.org/tsconfig-paths-webpack-plugin/-/tsconfig-paths-webpack-plugin-4.2.0.tgz 4304ms (cache miss)
3644 http fetch GET 200 https://registry.npmjs.org/@angular-devkit/schematics-cli/-/schematics-cli-19.2.27.tgz 4304ms (cache miss)
3645 http fetch GET 200 https://registry.npmjs.org/@jridgewell/trace-mapping/-/trace-mapping-0.3.31.tgz 4283ms (cache miss)
3646 http fetch GET 200 https://registry.npmjs.org/@jridgewell/trace-mapping/-/trace-mapping-0.3.31.tgz 4293ms (cache miss)
3647 http fetch GET 200 https://registry.npmjs.org/@jridgewell/trace-mapping/-/trace-mapping-0.3.31.tgz 4294ms (cache miss)
3648 http fetch GET 200 https://registry.npmjs.org/nodemailer/-/nodemailer-6.10.1.tgz 4322ms (cache miss)
3649 http fetch GET 200 https://registry.npmjs.org/enhanced-resolve/-/enhanced-resolve-5.24.5.tgz 4509ms (cache miss)
3650 http fetch GET 200 https://registry.npmjs.org/@nestjs/platform-express/-/platform-express-11.2.3.tgz 4380ms (cache miss)
3651 http fetch GET 200 https://registry.npmjs.org/uri-js/-/uri-js-4.4.1.tgz 4604ms (cache miss)
3652 http fetch GET 200 https://registry.npmjs.org/iterare/-/iterare-1.2.1.tgz 4814ms (cache miss)
3653 http fetch GET 200 https://registry.npmjs.org/yargs/-/yargs-17.7.3.tgz 4977ms (cache miss)
3654 http fetch GET 200 https://registry.npmjs.org/terser/-/terser-5.51.2.tgz 5064ms (cache miss)
3655 http fetch GET 200 https://registry.npmjs.org/neo-async/-/neo-async-2.6.2.tgz 5108ms (cache miss)
3656 http fetch GET 200 https://registry.npmjs.org/minimatch/-/minimatch-10.2.6.tgz 4944ms (cache miss)
3657 http fetch GET 200 https://registry.npmjs.org/minimatch/-/minimatch-9.0.9.tgz 4944ms (cache miss)
3658 http fetch GET 200 https://registry.npmjs.org/@types/node/-/node-22.20.1.tgz 5061ms (cache miss)
3659 http fetch GET 200 https://registry.npmjs.org/tsconfig-paths/-/tsconfig-paths-4.2.0.tgz 5084ms (cache miss)
3660 http fetch GET 200 https://registry.npmjs.org/glob/-/glob-10.5.0.tgz 5095ms (cache miss)
3661 warn deprecated glob@10.5.0: Old versions of glob are not supported, and contain widely publicized security vulnerabilities, which have been fixed in the current version. Please update. Support for old versions may be purchased (at exorbitant rates) by contacting i@izs.me
3662 http fetch GET 200 https://registry.npmjs.org/glob/-/glob-13.0.6.tgz 5254ms (cache miss)
3663 http fetch GET 200 https://registry.npmjs.org/@inquirer/core/-/core-10.3.2.tgz 5440ms (cache miss)
3664 http fetch GET 200 https://registry.npmjs.org/ajv/-/ajv-6.15.0.tgz 5416ms (cache miss)
3665 http fetch GET 200 https://registry.npmjs.org/ts-node/-/ts-node-10.9.2.tgz 5473ms (cache miss)
3666 http fetch GET 200 https://registry.npmjs.org/@angular-devkit/schematics/-/schematics-19.2.27.tgz 5652ms (cache miss)
3667 http fetch GET 200 https://registry.npmjs.org/@angular-devkit/schematics/-/schematics-19.2.24.tgz 5646ms (cache miss)
3668 http fetch GET 200 https://registry.npmjs.org/@angular-devkit/core/-/core-19.2.27.tgz 5735ms (cache miss)
3669 http fetch GET 200 https://registry.npmjs.org/lru-cache/-/lru-cache-11.5.2.tgz 5841ms (cache miss)
3670 http fetch GET 200 https://registry.npmjs.org/@angular-devkit/core/-/core-19.2.24.tgz 5717ms (cache miss)
3671 http fetch GET 200 https://registry.npmjs.org/ajv-keywords/-/ajv-keywords-5.1.0.tgz 6160ms (cache miss)
3672 http fetch GET 200 https://registry.npmjs.org/@types/validator/-/validator-13.15.10.tgz 6286ms (cache miss)
3673 http fetch GET 200 https://registry.npmjs.org/uuid/-/uuid-11.1.1.tgz 6420ms (cache miss)
3674 http fetch GET 200 https://registry.npmjs.org/fork-ts-checker-webpack-plugin/-/fork-ts-checker-webpack-plugin-9.1.0.tgz 6359ms (cache miss)
3675 http fetch GET 200 https://registry.npmjs.org/@nestjs/cli/-/cli-11.0.24.tgz 6365ms (cache miss)
3676 http fetch GET 200 https://registry.npmjs.org/validator/-/validator-13.15.35.tgz 6549ms (cache miss)
3677 http fetch GET 200 https://registry.npmjs.org/class-transformer/-/class-transformer-0.5.1.tgz 6839ms (cache miss)
3678 http fetch GET 200 https://registry.npmjs.org/typescript/-/typescript-5.9.3.tgz 7045ms (cache miss)
3679 http fetch GET 200 https://registry.npmjs.org/@nestjs/core/-/core-11.2.3.tgz 7091ms (cache miss)
3680 http fetch GET 200 https://registry.npmjs.org/@nestjs/common/-/common-11.2.3.tgz 7284ms (cache miss)
3681 http fetch GET 200 https://registry.npmjs.org/@nestjs/schematics/-/schematics-11.1.0.tgz 7369ms (cache miss)
3682 http fetch GET 200 https://registry.npmjs.org/dayjs/-/dayjs-1.11.23.tgz 7752ms (cache miss)
3683 http fetch GET 200 https://registry.npmjs.org/ajv/-/ajv-8.18.0.tgz 8212ms (cache miss)
3684 http fetch GET 200 https://registry.npmjs.org/lodash/-/lodash-4.18.1.tgz 8781ms (cache miss)
3685 http fetch GET 200 https://registry.npmjs.org/webpack/-/webpack-5.106.2.tgz 9046ms (cache miss)
3686 http fetch GET 200 https://registry.npmjs.org/caniuse-lite/-/caniuse-lite-1.0.30001810.tgz 9543ms (cache miss)
3687 http fetch GET 200 https://registry.npmjs.org/libphonenumber-js/-/libphonenumber-js-1.13.12.tgz 9818ms (cache miss)
3688 http fetch GET 200 https://registry.npmjs.org/class-validator/-/class-validator-0.14.4.tgz 10253ms (cache miss)
3689 http fetch GET 200 https://registry.npmjs.org/rxjs/-/rxjs-7.8.2.tgz 14975ms (cache miss)
3690 http fetch GET 200 https://registry.npmjs.org/rxjs/-/rxjs-7.8.1.tgz 14992ms (cache miss)
3691 http fetch GET 200 https://registry.npmjs.org/rxjs/-/rxjs-7.8.1.tgz 15008ms (cache miss)
3692 http fetch GET 200 https://registry.npmjs.org/rxjs/-/rxjs-7.8.1.tgz 15012ms (cache miss)
3693 http fetch GET 200 https://registry.npmjs.org/typeorm/-/typeorm-0.3.31.tgz 15384ms (cache miss)
3694 http fetch POST 200 https://registry.npmjs.org/-/npm/v1/security/advisories/bulk 157766ms
3695 silly audit report {
3695 silly audit report   nodemailer: [
3695 silly audit report     {
3695 silly audit report       id: 1158513,
3695 silly audit report       url: 'https://github.com/advisories/GHSA-p6gq-j5cr-w38f',
3695 silly audit report       title: 'Nodemailer: Message-level raw option bypasses disableFileAccess/disableUrlAccess, enabling arbitrary file read and full-response SSRF in the delivered message',
3695 silly audit report       severity: 'high',
3695 silly audit report       vulnerable_versions: '<=9.0.0',
3695 silly audit report       cwe: [Array],
3695 silly audit report       cvss: [Object]
3695 silly audit report     },
3695 silly audit report     {
3695 silly audit report       id: 1109804,
3695 silly audit report       url: 'https://github.com/advisories/GHSA-mm7p-fcc7-pg87',
3695 silly audit report       title: 'Nodemailer: Email to an unintended domain can occur due to Interpretation Conflict',
3695 silly audit report       severity: 'moderate',
3695 silly audit report       vulnerable_versions: '<7.0.7',
3695 silly audit report       cwe: [Array],
3695 silly audit report       cvss: [Object]
3695 silly audit report     },
3695 silly audit report     {
3695 silly audit report       id: 1120795,
3695 silly audit report       url: 'https://github.com/advisories/GHSA-268h-hp4c-crq3',
3695 silly audit report       title: 'Nodemailer: CRLF injection in Nodemailer List-* header comments allows arbitrary message header injection',
3695 silly audit report       severity: 'moderate',
3695 silly audit report       vulnerable_versions: '<=8.0.8',
3695 silly audit report       cwe: [Array],
3695 silly audit report       cvss: [Object]
3695 silly audit report     },
3695 silly audit report     {
3695 silly audit report       id: 1120796,
3695 silly audit report       url: 'https://github.com/advisories/GHSA-wqvq-jvpq-h66f',
3695 silly audit report       title: 'Nodemailer jsonTransport bypasses disableFileAccess and disableUrlAccess during message normalization',
3695 silly audit report       severity: 'moderate',
3695 silly audit report       vulnerable_versions: '<=8.0.8',
3695 silly audit report       cwe: [Array],
3695 silly audit report       cvss: [Object]
3695 silly audit report     },
3695 silly audit report     {
3695 silly audit report       id: 1120797,
3695 silly audit report       url: 'https://github.com/advisories/GHSA-r7g4-qg5f-qqm2',
3695 silly audit report       title: 'Nodemailer: Improper TLS Certificate Validation in OAuth2 Token Fetch Enables Credential Interception',
3695 silly audit report       severity: 'moderate',
3695 silly audit report       vulnerable_versions: '<=8.0.7',
3695 silly audit report       cwe: [Array],
3695 silly audit report       cvss: [Object]
3695 silly audit report     },
3695 silly audit report     {
3695 silly audit report       id: 1115470,
3695 silly audit report       url: 'https://github.com/advisories/GHSA-c7w3-x93f-qmm8',
3695 silly audit report       title: 'Nodemailer has SMTP command injection due to unsanitized `envelope.size` parameter',
3695 silly audit report       severity: 'low',
3695 silly audit report       vulnerable_versions: '<8.0.4',
3695 silly audit report       cwe: [Array],
3695 silly audit report       cvss: [Object]
3695 silly audit report     },
3695 silly audit report     {
3695 silly audit report       id: 1116270,
3695 silly audit report       url: 'https://github.com/advisories/GHSA-vvjj-xcjg-gr5g',
3695 silly audit report       title: 'Nodemailer Vulnerable to SMTP Command Injection via CRLF in Transport name Option (EHLO/HELO) ',
3695 silly audit report       severity: 'moderate',
3695 silly audit report       vulnerable_versions: '<=8.0.4',
3695 silly audit report       cwe: [Array],
3695 silly audit report       cvss: [Object]
3695 silly audit report     },
3695 silly audit report     {
3695 silly audit report       id: 1123478,
3695 silly audit report       url: 'https://github.com/advisories/GHSA-rcmh-qjqh-p98v',
3695 silly audit report       title: 'Nodemailer’s addressparser is vulnerable to DoS caused by recursive calls',
3695 silly audit report       severity: 'high',
3695 silly audit report       vulnerable_versions: '>=3.0.0 <=7.0.10',
3695 silly audit report       cwe: [Array],
3695 silly audit report       cvss: [Object]
3695 silly audit report     }
3695 silly audit report   ]
3695 silly audit report }
3696 silly packumentCache corgi:https://registry.npmjs.org/nodemailer cache-miss
3697 http fetch GET 200 https://registry.npmjs.org/nodemailer 67ms (cache miss)
3698 silly packumentCache corgi:https://registry.npmjs.org/nodemailer set size:undefined disposed:false
3699 silly ADD node_modules/eastasianwidth
3700 silly ADD node_modules/isexe
3701 silly ADD node_modules/shebang-regex
3702 silly ADD node_modules/wrap-ansi-cjs
3703 silly ADD node_modules/strip-ansi-cjs
3704 silly ADD node_modules/string-width-cjs
3705 silly ADD node_modules/@pkgjs/parseargs
3706 silly ADD node_modules/@isaacs/cliui
3707 silly ADD node_modules/@isaacs/cliui/node_modules/ansi-styles
3708 silly ADD node_modules/@isaacs/cliui/node_modules/ansi-regex
3709 silly ADD node_modules/@isaacs/cliui/node_modules/emoji-regex
3710 silly ADD node_modules/@isaacs/cliui/node_modules/wrap-ansi
3711 silly ADD node_modules/@isaacs/cliui/node_modules/strip-ansi
3712 silly ADD node_modules/@isaacs/cliui/node_modules/string-width
3713 silly ADD node_modules/which
3714 silly ADD node_modules/shebang-command
3715 silly ADD node_modules/path-key
3716 silly ADD node_modules/cross-spawn
3717 silly ADD node_modules/package-json-from-dist
3718 silly ADD node_modules/jackspeak
3719 silly ADD node_modules/foreground-child
3720 silly ADD node_modules/ajv-keywords
3721 silly ADD node_modules/punycode
3722 silly ADD node_modules/uri-js
3723 silly ADD node_modules/fast-json-stable-stringify
3724 silly ADD node_modules/y18n
3725 silly ADD node_modules/require-directory
3726 silly ADD node_modules/get-caller-file
3727 silly ADD node_modules/cliui
3728 silly ADD node_modules/cliui/node_modules/wrap-ansi
3729 silly ADD node_modules/has-property-descriptors
3730 silly ADD node_modules/define-data-property
3731 silly ADD node_modules/is-callable
3732 silly ADD node_modules/set-function-length
3733 silly ADD node_modules/possible-typed-array-names
3734 silly ADD node_modules/has-tostringtag
3735 silly ADD node_modules/for-each
3736 silly ADD node_modules/call-bind
3737 silly ADD node_modules/available-typed-arrays
3738 silly ADD node_modules/escalade
3739 silly ADD node_modules/@jridgewell/gen-mapping
3740 silly ADD node_modules/@jridgewell/gen-mapping/node_modules/@jridgewell/trace-mapping
3741 silly ADD node_modules/source-map-support
3742 silly ADD node_modules/source-map-support/node_modules/source-map
3743 silly ADD node_modules/@jridgewell/source-map
3744 silly ADD node_modules/@jridgewell/source-map/node_modules/@jridgewell/trace-mapping
3745 silly ADD node_modules/merge-stream
3746 silly ADD node_modules/terser
3747 silly ADD node_modules/terser/node_modules/commander
3748 silly ADD node_modules/jest-worker
3749 silly ADD node_modules/jest-worker/node_modules/supports-color
3750 silly ADD node_modules/estraverse
3751 silly ADD node_modules/esrecurse
3752 silly ADD node_modules/esrecurse/node_modules/estraverse
3753 silly ADD node_modules/update-browserslist-db
3754 silly ADD node_modules/node-releases
3755 silly ADD node_modules/electron-to-chromium
3756 silly ADD node_modules/caniuse-lite
3757 silly ADD node_modules/baseline-browser-mapping
3758 silly ADD node_modules/@xtuc/ieee754
3759 silly ADD node_modules/@webassemblyjs/utf8
3760 silly ADD node_modules/@webassemblyjs/leb128
3761 silly ADD node_modules/@webassemblyjs/ieee754
3762 silly ADD node_modules/@webassemblyjs/wast-printer
3763 silly ADD node_modules/@webassemblyjs/wasm-opt
3764 silly ADD node_modules/@webassemblyjs/wasm-gen
3765 silly ADD node_modules/@webassemblyjs/helper-wasm-section
3766 silly ADD node_modules/@webassemblyjs/helper-buffer
3767 silly ADD node_modules/@xtuc/long
3768 silly ADD node_modules/@webassemblyjs/helper-api-error
3769 silly ADD node_modules/@webassemblyjs/floating-point-hex-parser
3770 silly ADD node_modules/@webassemblyjs/helper-wasm-bytecode
3771 silly ADD node_modules/@webassemblyjs/helper-numbers
3772 silly ADD node_modules/@types/eslint
3773 silly ADD node_modules/webpack-sources
3774 silly ADD node_modules/watchpack
3775 silly ADD node_modules/terser-webpack-plugin
3776 silly ADD node_modules/terser-webpack-plugin/node_modules/ajv-formats
3777 silly ADD node_modules/terser-webpack-plugin/node_modules/schema-utils
3778 silly ADD node_modules/terser-webpack-plugin/node_modules/@jridgewell/trace-mapping
3779 silly ADD node_modules/neo-async
3780 silly ADD node_modules/loader-runner
3781 silly ADD node_modules/glob-to-regexp
3782 silly ADD node_modules/events
3783 silly ADD node_modules/eslint-scope
3784 silly ADD node_modules/es-module-lexer
3785 silly ADD node_modules/chrome-trace-event
3786 silly ADD node_modules/browserslist
3787 silly ADD node_modules/acorn-import-phases
3788 silly ADD node_modules/@webassemblyjs/wasm-parser
3789 silly ADD node_modules/@webassemblyjs/wasm-edit
3790 silly ADD node_modules/@webassemblyjs/ast
3791 silly ADD node_modules/@types/estree
3792 silly ADD node_modules/@types/eslint-scope
3793 silly ADD node_modules/clone
3794 silly ADD node_modules/defaults
3795 silly ADD node_modules/@lukeed/csprng
3796 silly ADD node_modules/which-typed-array
3797 silly ADD node_modules/is-typed-array
3798 silly ADD node_modules/typed-array-buffer
3799 silly ADD node_modules/isarray
3800 silly ADD node_modules/to-buffer
3801 silly ADD node_modules/yargs
3802 silly ADD node_modules/uuid
3803 silly ADD node_modules/sql-highlight
3804 silly ADD node_modules/sha.js
3805 silly ADD node_modules/dedent
3806 silly ADD node_modules/dayjs
3807 silly ADD node_modules/app-root-path
3808 silly ADD node_modules/@sqltools/formatter
3809 silly ADD node_modules/media-typer
3810 silly ADD node_modules/enhanced-resolve
3811 silly ADD node_modules/strip-bom
3812 silly ADD node_modules/minimist
3813 silly ADD node_modules/json5
3814 silly ADD node_modules/@jridgewell/resolve-uri
3815 silly ADD node_modules/@jridgewell/trace-mapping
3816 silly ADD node_modules/yn
3817 silly ADD node_modules/v8-compile-cache-lib
3818 silly ADD node_modules/make-error
3819 silly ADD node_modules/diff
3820 silly ADD node_modules/create-require
3821 silly ADD node_modules/arg
3822 silly ADD node_modules/acorn-walk
3823 silly ADD node_modules/acorn
3824 silly ADD node_modules/@tsconfig/node16
3825 silly ADD node_modules/@tsconfig/node14
3826 silly ADD node_modules/@tsconfig/node12
3827 silly ADD node_modules/@tsconfig/node10
3828 silly ADD node_modules/@cspotcode/source-map-support
3829 silly ADD node_modules/@borewit/text-codec
3830 silly ADD node_modules/has-flag
3831 silly ADD node_modules/@tokenizer/token
3832 silly ADD node_modules/ansi-regex
3833 silly ADD node_modules/is-fullwidth-code-point
3834 silly ADD node_modules/emoji-regex
3835 silly ADD node_modules/safe-buffer
3836 silly ADD node_modules/dunder-proto
3837 silly ADD node_modules/math-intrinsics
3838 silly ADD node_modules/hasown
3839 silly ADD node_modules/has-symbols
3840 silly ADD node_modules/gopd
3841 silly ADD node_modules/get-proto
3842 silly ADD node_modules/es-object-atoms
3843 silly ADD node_modules/function-bind
3844 silly ADD node_modules/call-bind-apply-helpers
3845 silly ADD node_modules/get-intrinsic
3846 silly ADD node_modules/call-bound
3847 silly ADD node_modules/side-channel-weakmap
3848 silly ADD node_modules/side-channel-map
3849 silly ADD node_modules/side-channel-list
3850 silly ADD node_modules/object-inspect
3851 silly ADD node_modules/es-errors
3852 silly ADD node_modules/@types/json-schema
3853 silly ADD node_modules/is-promise
3854 silly ADD node_modules/mimic-fn
3855 silly ADD node_modules/onetime
3856 silly ADD node_modules/util-deprecate
3857 silly ADD node_modules/string_decoder
3858 silly ADD node_modules/unpipe
3859 silly ADD node_modules/side-channel
3860 silly ADD node_modules/es-define-property
3861 silly ADD node_modules/ipaddr.js
3862 silly ADD node_modules/forwarded
3863 silly ADD node_modules/xtend
3864 silly ADD node_modules/split2
3865 silly ADD node_modules/postgres-interval
3866 silly ADD node_modules/postgres-date
3867 silly ADD node_modules/postgres-bytea
3868 silly ADD node_modules/postgres-array
3869 silly ADD node_modules/pg-int8
3870 silly ADD node_modules/pgpass
3871 silly ADD node_modules/pg-types
3872 silly ADD node_modules/pg-protocol
3873 silly ADD node_modules/pg-pool
3874 silly ADD node_modules/pg-connection-string
3875 silly ADD node_modules/pg-cloudflare
3876 silly ADD node_modules/lru-cache
3877 silly ADD node_modules/is-arrayish
3878 silly ADD node_modules/lines-and-columns
3879 silly ADD node_modules/json-parse-even-better-errors
3880 silly ADD node_modules/error-ex
3881 silly ADD node_modules/callsites
3882 silly ADD node_modules/restore-cursor
3883 silly ADD node_modules/restore-cursor/node_modules/signal-exit
3884 silly ADD node_modules/ieee754
3885 silly ADD node_modules/base64-js
3886 silly ADD node_modules/buffer
3887 silly ADD node_modules/wcwidth
3888 silly ADD node_modules/strip-ansi
3889 silly ADD node_modules/log-symbols
3890 silly ADD node_modules/is-unicode-supported
3891 silly ADD node_modules/is-interactive
3892 silly ADD node_modules/cli-spinners
3893 silly ADD node_modules/cli-cursor
3894 silly ADD node_modules/bl
3895 silly ADD node_modules/wrappy
3896 silly ADD node_modules/ee-first
3897 silly ADD node_modules/lodash
3898 silly ADD node_modules/typedarray
3899 silly ADD node_modules/readable-stream
3900 silly ADD node_modules/buffer-from
3901 silly ADD node_modules/streamsearch
3902 silly ADD node_modules/concat-stream
3903 silly ADD node_modules/busboy
3904 silly ADD node_modules/append-field
3905 silly ADD node_modules/concat-map
3906 silly ADD node_modules/balanced-match
3907 silly ADD node_modules/brace-expansion
3908 silly ADD node_modules/mime-db
3909 silly ADD node_modules/fs-monkey
3910 silly ADD node_modules/@jridgewell/sourcemap-codec
3911 silly ADD node_modules/argparse
3912 silly ADD node_modules/resolve-from
3913 silly ADD node_modules/parent-module
3914 silly ADD node_modules/safer-buffer
3915 silly ADD node_modules/toidentifier
3916 silly ADD node_modules/setprototypeof
3917 silly ADD node_modules/inherits
3918 silly ADD node_modules/path-scurry
3919 silly ADD node_modules/minipass
3920 silly ADD node_modules/universalify
3921 silly ADD node_modules/jsonfile
3922 silly ADD node_modules/graceful-fs
3923 silly ADD node_modules/path-type
3924 silly ADD node_modules/parse-json
3925 silly ADD node_modules/js-yaml
3926 silly ADD node_modules/import-fresh
3927 silly ADD node_modules/color-name
3928 silly ADD node_modules/color-convert
3929 silly ADD node_modules/supports-color
3930 silly ADD node_modules/ansi-styles
3931 silly ADD node_modules/picocolors
3932 silly ADD node_modules/js-tokens
3933 silly ADD node_modules/@babel/helper-validator-identifier
3934 silly ADD node_modules/tapable
3935 silly ADD node_modules/semver
3936 silly ADD node_modules/schema-utils
3937 silly ADD node_modules/schema-utils/node_modules/json-schema-traverse
3938 silly ADD node_modules/schema-utils/node_modules/ajv-keywords
3939 silly ADD node_modules/schema-utils/node_modules/ajv
3940 silly ADD node_modules/node-abort-controller
3941 silly ADD node_modules/minimatch
3942 silly ADD node_modules/memfs
3943 silly ADD node_modules/fs-extra
3944 silly ADD node_modules/deepmerge
3945 silly ADD node_modules/cosmiconfig
3946 silly ADD node_modules/chalk
3947 silly ADD node_modules/@babel/code-frame
3948 silly ADD node_modules/uint8array-extras
3949 silly ADD node_modules/token-types
3950 silly ADD node_modules/strtok3
3951 silly ADD node_modules/@tokenizer/inflate
3952 silly ADD node_modules/ms
3953 silly ADD node_modules/raw-body
3954 silly ADD node_modules/bytes
3955 silly ADD node_modules/negotiator
3956 silly ADD node_modules/negotiator/node_modules/content-type
3957 silly ADD node_modules/type-is
3958 silly ADD node_modules/type-is/node_modules/content-type
3959 silly ADD node_modules/statuses
3960 silly ADD node_modules/serve-static
3961 silly ADD node_modules/send
3962 silly ADD node_modules/router
3963 silly ADD node_modules/range-parser
3964 silly ADD node_modules/qs
3965 silly ADD node_modules/proxy-addr
3966 silly ADD node_modules/parseurl
3967 silly ADD node_modules/once
3968 silly ADD node_modules/on-finished
3969 silly ADD node_modules/mime-types
3970 silly ADD node_modules/merge-descriptors
3971 silly ADD node_modules/http-errors
3972 silly ADD node_modules/fresh
3973 silly ADD node_modules/finalhandler
3974 silly ADD node_modules/etag
3975 silly ADD node_modules/escape-html
3976 silly ADD node_modules/encodeurl
3977 silly ADD node_modules/depd
3978 silly ADD node_modules/debug
3979 silly ADD node_modules/cookie-signature
3980 silly ADD node_modules/cookie
3981 silly ADD node_modules/content-type
3982 silly ADD node_modules/content-disposition
3983 silly ADD node_modules/body-parser
3984 silly ADD node_modules/body-parser/node_modules/content-type
3985 silly ADD node_modules/accepts
3986 silly ADD node_modules/vary
3987 silly ADD node_modules/object-assign
3988 silly ADD node_modules/esprima
3989 silly ADD node_modules/array-timsort
3990 silly ADD node_modules/string-width
3991 silly ADD node_modules/@colors/colors
3992 silly ADD node_modules/validator
3993 silly ADD node_modules/libphonenumber-js
3994 silly ADD node_modules/@types/validator
3995 silly ADD node_modules/readdirp
3996 silly ADD node_modules/require-from-string
3997 silly ADD node_modules/json-schema-traverse
3998 silly ADD node_modules/fast-uri
3999 silly ADD node_modules/fast-deep-equal
4000 silly ADD node_modules/@types/http-errors
4001 silly ADD node_modules/undici-types
4002 silly ADD node_modules/@types/send
4003 silly ADD node_modules/@types/range-parser
4004 silly ADD node_modules/@types/qs
4005 silly ADD node_modules/@types/connect
4006 silly ADD node_modules/@types/serve-static
4007 silly ADD node_modules/@types/express-serve-static-core
4008 silly ADD node_modules/@types/body-parser
4009 silly ADD node_modules/pluralize
4010 silly ADD node_modules/comment-json
4011 silly ADD node_modules/multer
4012 silly ADD node_modules/multer/node_modules/mime-db
4013 silly ADD node_modules/multer/node_modules/mime-types
4014 silly ADD node_modules/multer/node_modules/media-typer
4015 silly ADD node_modules/multer/node_modules/type-is
4016 silly ADD node_modules/express
4017 silly ADD node_modules/cors
4018 silly ADD node_modules/path-to-regexp
4019 silly ADD node_modules/fast-safe-stringify
4020 silly ADD node_modules/uid
4021 silly ADD node_modules/tslib
4022 silly ADD node_modules/load-esm
4023 silly ADD node_modules/iterare
4024 silly ADD node_modules/file-type
4025 silly ADD node_modules/iconv-lite
4026 silly ADD node_modules/chardet
4027 silly ADD node_modules/@inquirer/external-editor
4028 silly ADD node_modules/wrap-ansi
4029 silly ADD node_modules/signal-exit
4030 silly ADD node_modules/mute-stream
4031 silly ADD node_modules/cli-width
4032 silly ADD node_modules/yoctocolors-cjs
4033 silly ADD node_modules/@inquirer/type
4034 silly ADD node_modules/@inquirer/figures
4035 silly ADD node_modules/@inquirer/core
4036 silly ADD node_modules/@inquirer/ansi
4037 silly ADD node_modules/@inquirer/select
4038 silly ADD node_modules/@inquirer/search
4039 silly ADD node_modules/@inquirer/rawlist
4040 silly ADD node_modules/@inquirer/password
4041 silly ADD node_modules/@inquirer/number
4042 silly ADD node_modules/@inquirer/input
4043 silly ADD node_modules/@inquirer/expand
4044 silly ADD node_modules/@inquirer/editor
4045 silly ADD node_modules/@inquirer/confirm
4046 silly ADD node_modules/@inquirer/checkbox
4047 silly ADD node_modules/yargs-parser
4048 silly ADD node_modules/symbol-observable
4049 silly ADD node_modules/ansi-colors
4050 silly ADD node_modules/magic-string
4051 silly ADD node_modules/source-map
4052 silly ADD node_modules/picomatch
4053 silly ADD node_modules/jsonc-parser
4054 silly ADD node_modules/ajv-formats
4055 silly ADD node_modules/ajv
4056 silly ADD node_modules/webpack-node-externals
4057 silly ADD node_modules/tsconfig-paths-webpack-plugin
4058 silly ADD node_modules/ora
4059 silly ADD node_modules/node-emoji
4060 silly ADD node_modules/glob
4061 silly ADD node_modules/glob/node_modules/balanced-match
4062 silly ADD node_modules/glob/node_modules/brace-expansion
4063 silly ADD node_modules/glob/node_modules/minimatch
4064 silly ADD node_modules/webpack
4065 silly ADD node_modules/webpack/node_modules/ajv-formats
4066 silly ADD node_modules/webpack/node_modules/schema-utils
4067 silly ADD node_modules/fork-ts-checker-webpack-plugin
4068 silly ADD node_modules/commander
4069 silly ADD node_modules/cli-table3
4070 silly ADD node_modules/chokidar
4071 silly ADD node_modules/ansis
4072 silly ADD node_modules/@inquirer/prompts
4073 silly ADD node_modules/@angular-devkit/schematics-cli
4074 silly ADD node_modules/@angular-devkit/schematics-cli/node_modules/@inquirer/prompts
4075 silly ADD node_modules/@angular-devkit/schematics
4076 silly ADD node_modules/@angular-devkit/schematics/node_modules/rxjs
4077 silly ADD node_modules/@angular-devkit/core
4078 silly ADD node_modules/@angular-devkit/core/node_modules/rxjs
4079 silly ADD node_modules/tsconfig-paths
4080 silly ADD node_modules/ts-node
4081 silly ADD node_modules/pg
4082 silly ADD node_modules/nodemailer
4083 silly ADD node_modules/env-var
4084 silly ADD node_modules/dotenv
4085 silly ADD node_modules/class-validator
4086 silly ADD node_modules/class-transformer
4087 silly ADD node_modules/bcryptjs
4088 silly ADD node_modules/@types/nodemailer
4089 silly ADD node_modules/@types/node
4090 silly ADD node_modules/@types/express
4091 silly ADD node_modules/typeorm
4092 silly ADD node_modules/typeorm/node_modules/lru-cache
4093 silly ADD node_modules/typeorm/node_modules/brace-expansion
4094 silly ADD node_modules/typeorm/node_modules/path-scurry
4095 silly ADD node_modules/typeorm/node_modules/minimatch
4096 silly ADD node_modules/typeorm/node_modules/glob
4097 silly ADD node_modules/typeorm/node_modules/buffer
4098 silly ADD node_modules/typeorm/node_modules/ansis
4099 silly ADD node_modules/@nestjs/typeorm
4100 silly ADD node_modules/@nestjs/testing
4101 silly ADD node_modules/typescript
4102 silly ADD node_modules/@nestjs/schematics
4103 silly ADD node_modules/@nestjs/schematics/node_modules/rxjs
4104 silly ADD node_modules/@nestjs/schematics/node_modules/@angular-devkit/schematics
4105 silly ADD node_modules/@nestjs/schematics/node_modules/@angular-devkit/core
4106 silly ADD node_modules/@nestjs/platform-express
4107 silly ADD node_modules/@nestjs/core
4108 silly ADD node_modules/reflect-metadata
4109 silly ADD node_modules/rxjs
4110 silly ADD node_modules/@nestjs/common
4111 silly ADD node_modules/@nestjs/cli
4112 verbose cwd C:\Users\nesso\Downloads\5to Semestre\Computo en la Nube\Examen Parcial - AguaFix API
4113 verbose os Windows_NT 10.0.26200
4114 verbose node v24.14.1
4115 verbose npm  v11.11.0
4116 notice
4116 notice New minor version of npm available! 11.11.0 -> 11.19.1
4116 notice Changelog: https://github.com/npm/cli/releases/tag/v11.19.1
4116 notice To update run: npm install -g npm@11.19.1
4116 notice  { force: true, Symbol(proc-log.meta): true }
4117 verbose exit 0
4118 info ok
